<?xml version="1.0" encoding="utf-8"?>
<COLLADA xmlns="http://www.collada.org/2005/11/COLLADASchema" version="1.4.1">
  <asset>
    <contributor>
      <author>Mixamo</author>
      <authoring_tool>COLLADA Mixamo exporter</authoring_tool>
      <comments/>
    </contributor>
    <created>2025-03-27T17:35:48Z</created>
    <modified>2025-03-27T17:35:48Z</modified>
    <revision/>
    <title/>
    <unit meter="0.010000"/>
    <up_axis>Y_UP</up_axis>
  </asset>
  <library_animations>
    <animation id="mixamorig_Hips-anim" name="mixamorig_Hips">
      <source id="mixamorig_Hips-Matrix-animation-input">
        <float_array id="mixamorig_Hips-Matrix-animation-input-array" count="38">

0.000000 0.033333 0.066667 0.100000 0.133333 0.166667 0.200000 0.233333 0.266667 0.300000 0.333333 0.366667 0.400000 0.433333 0.466667 0.500000
0.533333 0.566667 0.600000 0.633333 0.666667 0.700000 0.733333 0.766667 0.800000 0.833333 0.866667 0.900000 0.933333 0.966667 1.000000 1.033333
1.066667 1.100000 1.133333 1.166667 1.200000 1.233333</float_array>
        <technique_common>
          <accessor source="#mixamorig_Hips-Matrix-animation-input-array" count="38">
            <param name="TIME" type="float"/>
          </accessor>
        </technique_common>
      </source>
      <source id="mixamorig_Hips-Matrix-animation-output-transform">
        <float_array id="mixamorig_Hips-Matrix-animation-output-transform-array" count="608">

0.532923 0.019705 -0.845934 -1.407860 0.117542 0.988312 0.097071 93.538322 0.837960 -0.151164 0.524379 0.189321 0.000000 0.000000 0.000000 1.000000
0.561761 0.010825 -0.827229 -1.879639 0.122516 0.987801 0.096124 93.544907 0.818178 -0.155347 0.553581 0.775652 0.000000 0.000000 0.000000 1.000000
0.604643 0.005175 -0.796480 -2.899286 0.144655 0.982636 0.116198 93.819458 0.783251 -0.185473 0.593395 2.363195 0.000000 0.000000 0.000000 1.000000
0.652791 -0.004311 -0.757526 -4.464762 0.200082 0.965455 0.166924 94.222580 0.730638 -0.260534 0.631103 5.517087 0.000000 0.000000 0.000000 1.000000
0.664942 -0.013775 -0.746768 -4.944011 0.236376 0.952320 0.192908 94.081512 0.708505 -0.304791 0.636493 7.004135 0.000000 0.000000 0.000000 1.000000
0.663449 -0.019890 -0.747957 -4.699672 0.250852 0.947704 0.197307 93.597000 0.704918 -0.318530 0.633743 6.876107 0.000000 0.000000 0.000000 1.000000
0.668632 -0.024673 -0.743184 -4.485191 0.263734 0.942343 0.205993 93.142860 0.695252 -0.333737 0.636588 6.491318 0.000000 0.000000 0.000000 1.000000
0.672899 -0.024721 -0.739321 -4.210945 0.272803 0.937288 0.216953 92.779678 0.687594 -0.347677 0.637444 5.782885 0.000000 0.000000 0.000000 1.000000
0.673142 -0.020863 -0.739219 -3.849945 0.276742 0.934077 0.225643 92.541969 0.685779 -0.356463 0.634540 4.752152 0.000000 0.000000 0.000000 1.000000
0.671836 -0.018127 -0.740478 -3.459580 0.277571 0.933013 0.229000 92.430511 0.686725 -0.359386 0.631863 3.505948 0.000000 0.000000 0.000000 1.000000
0.670821 -0.020529 -0.741335 -3.054185 0.277159 0.934125 0.224928 92.389183 0.687883 -0.356354 0.632321 2.065604 0.000000 0.000000 0.000000 1.000000
0.670751 -0.028041 -0.741152 -2.656834 0.275956 0.936977 0.214294 92.347816 0.688433 -0.348263 0.636217 0.471165 0.000000 0.000000 0.000000 1.000000
0.671430 -0.038206 -0.740082 -2.308029 0.272564 0.941401 0.198681 92.262413 0.689123 -0.335120 0.642499 -1.182324 0.000000 0.000000 0.000000 1.000000
0.670650 -0.048296 -0.740200 -1.992470 0.265036 0.947609 0.178304 92.128326 0.692809 -0.315759 0.648314 -2.809461 0.000000 0.000000 0.000000 1.000000
0.666456 -0.056028 -0.743436 -1.663844 0.252971 0.955009 0.154804 91.980469 0.701314 -0.291237 0.650645 -4.344511 0.000000 0.000000 0.000000 1.000000
0.659427 -0.059872 -0.749381 -1.335450 0.237668 0.962300 0.132256 91.872452 0.713211 -0.265317 0.648796 -5.706587 0.000000 0.000000 0.000000 1.000000
0.649912 -0.058635 -0.757744 -1.067972 0.219582 0.968986 0.113353 91.836945 0.727597 -0.240057 0.642631 -6.830103 0.000000 0.000000 0.000000 1.000000
0.637124 -0.051795 -0.769019 -0.903367 0.198179 0.975203 0.098507 91.875381 0.744848 -0.215164 0.631590 -7.705829 0.000000 0.000000 0.000000 1.000000
0.621939 -0.040995 -0.781992 -0.846327 0.175407 0.980546 0.088102 91.980446 0.763167 -0.191961 0.617031 -8.343305 0.000000 0.000000 0.000000 1.000000
0.605309 -0.029296 -0.795451 -0.869873 0.155213 0.984484 0.081853 92.139496 0.780711 -0.173011 0.600464 -8.715787 0.000000 0.000000 0.000000 1.000000
0.585829 -0.018481 -0.810224 -0.930758 0.139054 0.987206 0.078025 92.316391 0.798416 -0.158374 0.580904 -8.767803 0.000000 0.000000 0.000000 1.000000
0.564217 -0.008824 -0.825579 -1.006093 0.126061 0.989139 0.075580 92.471687 0.815946 -0.146716 0.559202 -8.480151 0.000000 0.000000 0.000000 1.000000
0.545861 -0.000505 -0.837875 -1.096530 0.116290 0.990367 0.075164 92.584770 0.829766 -0.138466 0.540662 -7.901577 0.000000 0.000000 0.000000 1.000000
0.535020 0.006153 -0.844817 -1.194334 0.110884 0.990812 0.077439 92.658165 0.837531 -0.135108 0.529422 -7.127761 0.000000 0.000000 0.000000 1.000000
0.531239 0.011268 -0.847147 -1.278833 0.109667 0.990585 0.081947 92.715286 0.840094 -0.136437 0.525001 -6.246881 0.000000 0.000000 0.000000 1.000000
0.532046 0.015741 -0.846569 -1.337737 0.110468 0.989991 0.087833 92.790947 0.839478 -0.140250 0.524982 -5.272585 0.000000 0.000000 0.000000 1.000000
0.534255 0.019499 -0.845098 -1.369307 0.111404 0.989390 0.093256 92.891945 0.837950 -0.143970 0.526414 -4.302223 0.000000 0.000000 0.000000 1.000000
0.535329 0.021335 -0.844374 -1.382598 0.112224 0.989021 0.096139 92.988724 0.837155 -0.146225 0.527057 -3.526028 0.000000 0.000000 0.000000 1.000000
0.535563 0.022024 -0.844208 -1.390822 0.113086 0.988786 0.097537 93.078384 0.836889 -0.147705 0.527067 -2.861274 0.000000 0.000000 0.000000 1.000000
0.535555 0.022223 -0.844208 -1.396287 0.113948 0.988611 0.098311 93.166405 0.836778 -0.148847 0.526923 -2.240355 0.000000 0.000000 0.000000 1.000000
0.535193 0.021925 -0.844445 -1.399157 0.114782 0.988504 0.098412 93.249481 0.836895 -0.149597 0.526524 -1.682031 0.000000 0.000000 0.000000 1.000000
0.534656 0.021426 -0.844798 -1.400247 0.115569 0.988432 0.098211 93.326843 0.837130 -0.150142 0.525995 -1.180624 0.000000 0.000000 0.000000 1.000000
0.534055 0.020787 -0.845194 -1.400707 0.116276 0.988392 0.097780 93.396477 0.837416 -0.150496 0.525439 -0.738477 0.000000 0.000000 0.000000 1.000000
0.533498 0.020194 -0.845560 -1.401173 0.116886 0.988362 0.097352 93.458061 0.837686 -0.150771 0.524929 -0.348361 0.000000 0.000000 0.000000 1.000000
0.533120 0.019855 -0.845807 -1.402582 0.117369 0.988322 0.097180 93.510437 0.837859 -0.151080 0.524564 -0.008054 0.000000 0.000000 0.000000 1.000000
0.533033 0.019793 -0.845863 -1.404898 0.117514 0.988305 0.097180 93.535339 0.837894 -0.151201 0.524473 0.161888 0.000000 0.000000 0.000000 1.000000
0.533031 0.019804 -0.845864 -1.406675 0.117495 0.988307 0.097180 93.537201 0.837898 -0.151184 0.524472 0.179036 0.000000 0.000000 0.000000 1.000000
0.533031 0.019808 -0.845864 -1.407421 0.117487 0.988308 0.097179 93.538406 0.837899 -0.151178 0.524472 0.189398 0.000000 0.000000 0.000000 1.000000</float_array>
        <technique_common>
          <accessor source="#mixamorig_Hips-Matrix-animation-output-transform-array" count="38" stride="16">
            <param type="float4x4"/>
          </accessor>
        </technique_common>
      </source>
      <source id="mixamorig_Hips-Interpolations">
        <Name_array id="mixamorig_Hips-Interpolations-array" count="38">
 LINEAR LINEAR LINEAR LINEAR LINEAR LINEAR LINEAR LINEAR LINEAR LINEAR LINEAR
LINEAR LINEAR LINEAR LINEAR LINEAR LINEAR LINEAR LINEAR LINEAR LINEAR LINEAR LINEAR
LINEAR LINEAR LINEAR LINEAR LINEAR LINEAR LINEAR LINEAR LINEAR LINEAR LINEAR LINEAR
LINEAR LINEAR LINEAR</Name_array>
        <technique_common>
          <accessor source="#mixamorig_Hips-Interpolations-array" count="38">
            <param type="name"/>
          </accessor>
        </technique_common>
      </source>
      <sampler id="mixamorig_Hips-Matrix-animation-transform">
        <input semantic="INPUT" source="#mixamorig_Hips-Matrix-animation-input"/>
        <input semantic="OUTPUT" source="#mixamorig_Hips-Matrix-animation-output-transform"/>
        <input semantic="INTERPOLATION" source="#mixamorig_Hips-Interpolations"/>
      </sampler>
      <channel source="#mixamorig_Hips-Matrix-animation-transform" target="mixamorig_Hips/matrix"/>
    </animation>
    <animation id="mixamorig_Spine-anim" name="mixamorig_Spine">
      <source id="mixamorig_Spine-Matrix-animation-input">
        <float_array id="mixamorig_Spine-Matrix-animation-input-array" count="38">

0.000000 0.033333 0.066667 0.100000 0.133333 0.166667 0.200000 0.233333 0.266667 0.300000 0.333333 0.366667 0.400000 0.433333 0.466667 0.500000
0.533333 0.566667 0.600000 0.633333 0.666667 0.700000 0.733333 0.766667 0.800000 0.833333 0.866667 0.900000 0.933333 0.966667 1.000000 1.033333
1.066667 1.100000 1.133333 1.166667 1.200000 1.233333</float_array>
        <technique_common>
          <accessor source="#mixamorig_Spine-Matrix-animation-input-array" count="38">
            <param name="TIME" type="float"/>
          </accessor>
        </technique_common>
      </source>
      <source id="mixamorig_Spine-Matrix-animation-output-transform">
        <float_array id="mixamorig_Spine-Matrix-animation-output-transform-array" count="608">

0.998297 0.053307 0.023693 0.000000 -0.054293 0.997594 0.043119 10.182400 -0.021338 -0.044332 0.998789 0.000000 0.000000 0.000000 0.000000 1.000000
0.998998 0.039722 0.020626 0.000000 -0.040935 0.997226 0.062161 10.182400 -0.018099 -0.062943 0.997853 0.000000 0.000000 0.000000 0.000000 1.000000
0.999221 0.018360 0.034945 0.000000 -0.021472 0.995633 0.090850 10.182400 -0.033124 -0.091530 0.995251 0.000000 0.000000 0.000000 0.000000 1.000000
0.997414 -0.014137 0.070466 0.000000 0.005045 0.991818 0.127559 10.182400 -0.071693 -0.126874 0.989325 0.000000 0.000000 0.000000 0.000000 1.000000
0.996291 -0.034237 0.078949 0.000000 0.023065 0.990120 0.138315 10.182400 -0.082904 -0.135981 0.987237 0.000000 0.000000 0.000000 0.000000 1.000000
0.996715 -0.046051 0.066628 -0.000000 0.036909 0.990500 0.132464 10.182400 -0.072095 -0.129569 0.988946 0.000000 0.000000 0.000000 0.000000 1.000000
0.996628 -0.056007 0.059974 0.000000 0.048285 0.991200 0.123256 10.182400 -0.066349 -0.119944 0.990561 0.000000 0.000000 0.000000 0.000000 1.000000
0.996639 -0.061200 0.054452 -0.000000 0.055117 0.992735 0.106952 10.182400 -0.060602 -0.103592 0.992772 0.000000 0.000000 0.000000 0.000000 1.000000
0.997067 -0.064273 0.041555 0.000000 0.060565 0.994533 0.085065 10.182400 -0.046795 -0.082299 0.995508 0.000000 0.000000 0.000000 0.000000 1.000000
0.997479 -0.066635 0.024395 0.000000 0.064976 0.995870 0.063407 10.182400 -0.028520 -0.061662 0.997690 0.000000 0.000000 0.000000 0.000000 1.000000
0.997718 -0.066929 0.008920 0.000000 0.066468 0.996791 0.044597 10.182400 -0.011876 -0.043902 0.998965 0.000000 0.000000 0.000000 0.000000 1.000000
0.997895 -0.064670 -0.004929 0.000000 0.064782 0.997518 0.027591 10.182400 0.003132 -0.027853 0.999607 0.000000 0.000000 0.000000 0.000000 1.000000
0.997995 -0.060701 -0.017914 -0.000000 0.060929 0.998064 0.012475 10.182400 0.017122 -0.013542 0.999762 -0.000000 0.000000 0.000000 0.000000 1.000000
0.998041 -0.056188 -0.027508 0.000000 0.056224 0.998418 0.000551 10.182400 0.027433 -0.002096 0.999621 0.000000 0.000000 0.000000 0.000000 1.000000
0.998104 -0.051518 -0.033676 -0.000000 0.051236 0.998644 -0.009181 10.182400 0.034103 0.007438 0.999391 0.000000 0.000000 0.000000 0.000000 1.000000
0.998154 -0.045733 -0.039958 0.000000 0.045010 0.998809 -0.018811 10.182400 0.040770 0.016978 0.999024 -0.000000 0.000000 0.000000 0.000000 1.000000
0.998212 -0.037801 -0.046310 -0.000000 0.036526 0.998938 -0.028087 10.182400 0.047322 0.026346 0.998532 -0.000000 0.000000 0.000000 0.000000 1.000000
0.998406 -0.027599 -0.049239 -0.000000 0.025877 0.999042 -0.035290 10.182400 0.050166 0.033959 0.998163 0.000000 0.000000 0.000000 0.000000 1.000000
0.998710 -0.015090 -0.048476 0.000000 0.013173 0.999128 -0.039627 10.182400 0.049032 0.038938 0.998038 0.000000 0.000000 0.000000 0.000000 1.000000
0.998969 -0.000440 -0.045402 0.000000 -0.001415 0.999166 -0.040817 10.182400 0.045382 0.040839 0.998135 0.000000 0.000000 0.000000 0.000000 1.000000
0.999136 0.014444 -0.038965 -0.000000 -0.015934 0.999142 -0.038216 10.182400 0.038380 0.038804 0.998510 -0.000000 0.000000 0.000000 0.000000 1.000000
0.999202 0.026827 -0.029603 0.000000 -0.027764 0.999111 -0.031713 10.182400 0.028726 0.032510 0.999059 0.000000 0.000000 0.000000 0.000000 1.000000
0.999140 0.035735 -0.021031 -0.000000 -0.036210 0.999087 -0.022652 10.182400 0.020202 0.023394 0.999522 0.000000 0.000000 0.000000 0.000000 1.000000
0.998985 0.042473 -0.015020 0.000000 -0.042674 0.999001 -0.013291 10.182400 0.014440 0.013919 0.999799 0.000000 0.000000 0.000000 0.000000 1.000000
0.998785 0.048166 -0.010414 0.000000 -0.048222 0.998823 -0.005227 10.182400 0.010150 0.005723 0.999932 0.000000 0.000000 0.000000 0.000000 1.000000
0.998622 0.052091 -0.006424 0.000000 -0.052081 0.998641 0.001655 10.182400 0.006502 -0.001318 0.999978 0.000000 0.000000 0.000000 0.000000 1.000000
0.998557 0.053627 -0.002739 -0.000000 -0.053604 0.998532 0.007823 10.182400 0.003155 -0.007665 0.999966 -0.000000 0.000000 0.000000 0.000000 1.000000
0.998543 0.053961 0.000860 0.000000 -0.053968 0.998456 0.013120 10.182400 -0.000151 -0.013147 0.999914 -0.000000 0.000000 0.000000 0.000000 1.000000
0.998524 0.054123 0.004470 0.000000 -0.054195 0.998367 0.018062 10.182400 -0.003485 -0.018277 0.999827 0.000000 0.000000 0.000000 0.000000 1.000000
0.998501 0.054138 0.008075 0.000000 -0.054310 0.998262 0.022865 10.182400 -0.006823 -0.023270 0.999706 -0.000000 0.000000 0.000000 0.000000 1.000000
0.998473 0.054024 0.011571 0.000000 -0.054324 0.998148 0.027380 10.182400 -0.010070 -0.027967 0.999558 0.000000 0.000000 0.000000 0.000000 1.000000
0.998438 0.053848 0.014875 0.000000 -0.054296 0.998026 0.031571 10.182400 -0.013146 -0.032330 0.999391 -0.000000 0.000000 0.000000 0.000000 1.000000
0.998400 0.053642 0.017869 0.000000 -0.054247 0.997902 0.035341 10.182400 -0.015935 -0.036254 0.999216 0.000000 0.000000 0.000000 0.000000 1.000000
0.998360 0.053446 0.020507 0.000000 -0.054209 0.997780 0.038682 10.182400 -0.018395 -0.039730 0.999041 0.000000 0.000000 0.000000 0.000000 1.000000
0.998320 0.053307 0.022687 0.000000 -0.054216 0.997665 0.041527 10.182400 -0.020421 -0.042687 0.998880 0.000000 0.000000 0.000000 0.000000 1.000000
0.998305 0.053175 0.023635 0.000000 -0.054154 0.997611 0.042903 10.182400 -0.021297 -0.044110 0.998800 0.000000 0.000000 0.000000 0.000000 1.000000
0.998307 0.053155 0.023636 0.000000 -0.054136 0.997608 0.042994 10.182400 -0.021294 -0.044201 0.998796 0.000000 0.000000 0.000000 0.000000 1.000000
0.998307 0.053147 0.023636 -0.000000 -0.054128 0.997608 0.042994 10.182400 -0.021294 -0.044201 0.998796 0.000000 0.000000 0.000000 0.000000 1.000000</float_array>
        <technique_common>
          <accessor source="#mixamorig_Spine-Matrix-animation-output-transform-array" count="38" stride="16">
            <param type="float4x4"/>
          </accessor>
        </technique_common>
      </source>
      <source id="mixamorig_Spine-Interpolations">
        <Name_array id="mixamorig_Spine-Interpolations-array" count="38">
 LINEAR LINEAR LINEAR LINEAR LINEAR LINEAR LINEAR LINEAR LINEAR LINEAR LINEAR
LINEAR LINEAR LINEAR LINEAR LINEAR LINEAR LINEAR LINEAR LINEAR LINEAR LINEAR LINEAR
LINEAR LINEAR LINEAR LINEAR LINEAR LINEAR LINEAR LINEAR LINEAR LINEAR LINEAR LINEAR
LINEAR LINEAR LINEAR</Name_array>
        <technique_common>
          <accessor source="#mixamorig_Spine-Interpolations-array" count="38">
            <param type="name"/>
          </accessor>
        </technique_common>
      </source>
      <sampler id="mixamorig_Spine-Matrix-animation-transform">
        <input semantic="INPUT" source="#mixamorig_Spine-Matrix-animation-input"/>
        <input semantic="OUTPUT" source="#mixamorig_Spine-Matrix-animation-output-transform"/>
        <input semantic="INTERPOLATION" source="#mixamorig_Spine-Interpolations"/>
      </sampler>
      <channel source="#mixamorig_Spine-Matrix-animation-transform" target="mixamorig_Spine/matrix"/>
    </animation>
    <animation id="mixamorig_Spine1-anim" name="mixamorig_Spine1">
      <source id="mixamorig_Spine1-Matrix-animation-input">
        <float_array id="mixamorig_Spine1-Matrix-animation-input-array" count="38">

0.000000 0.033333 0.066667 0.100000 0.133333 0.166667 0.200000 0.233333 0.266667 0.300000 0.333333 0.366667 0.400000 0.433333 0.466667 0.500000
0.533333 0.566667 0.600000 0.633333 0.666667 0.700000 0.733333 0.766667 0.800000 0.833333 0.866667 0.900000 0.933333 0.966667 1.000000 1.033333
1.066667 1.100000 1.133333 1.166667 1.200000 1.233333</float_array>
        <technique_common>
          <accessor source="#mixamorig_Spine1-Matrix-animation-input-array" count="38">
            <param name="TIME" type="float"/>
          </accessor>
        </technique_common>
      </source>
      <source id="mixamorig_Spine1-Matrix-animation-output-transform">
        <float_array id="mixamorig_Spine1-Matrix-animation-output-transform-array" count="608">

0.995410 0.087164 0.039526 0.000000 -0.075661 0.969589 -0.232748 10.002700 -0.058611 0.228689 0.971733 0.000000 0.000000 0.000000 0.000000 1.000000
0.996250 0.077685 0.038096 -0.000000 -0.067473 0.973169 -0.219975 10.002700 -0.054163 0.216580 0.974761 0.000000 0.000000 0.000000 0.000000 1.000000
0.996749 0.064231 0.048645 0.000000 -0.053227 0.978159 -0.200925 10.002700 -0.060488 0.197683 0.978398 -0.000000 0.000000 0.000000 0.000000 1.000000
0.996205 0.045710 0.074064 0.000000 -0.031994 0.983731 -0.176778 10.002700 -0.080939 0.173737 0.981460 0.000000 0.000000 0.000000 0.000000 1.000000
0.996157 0.032970 0.081138 0.000000 -0.018779 0.985297 -0.169816 10.002700 -0.085544 0.167640 0.982130 0.000000 0.000000 0.000000 0.000000 1.000000
0.996972 0.024020 0.073964 0.000000 -0.010822 0.984702 -0.173908 10.002700 -0.077010 0.172581 0.981980 0.000000 0.000000 0.000000 0.000000 1.000000
0.997353 0.018260 0.070378 -0.000000 -0.005247 0.983503 -0.180813 10.002700 -0.072519 0.179965 0.980996 -0.000000 0.000000 0.000000 0.000000 1.000000
0.997599 0.016222 0.067326 0.000000 -0.002927 0.981184 -0.193054 10.002700 -0.069191 0.192393 0.978876 0.000000 0.000000 0.000000 0.000000 1.000000
0.998141 0.013746 0.059384 0.000000 -0.001051 0.977977 -0.208708 10.002700 -0.060945 0.208257 0.976173 0.000000 0.000000 0.000000 0.000000 1.000000
0.998773 0.009987 0.048502 -0.000000 0.001096 0.974751 -0.223293 10.002700 -0.049508 0.223072 0.973544 0.000000 0.000000 0.000000 0.000000 1.000000
0.999238 0.006889 0.038430 0.000000 0.002355 0.971884 -0.235450 10.002700 -0.038972 0.235361 0.971126 0.000000 0.000000 0.000000 0.000000 1.000000
0.999554 0.005690 0.029301 0.000000 0.001713 0.969110 -0.246623 10.002700 -0.029800 0.246563 0.968669 0.000000 0.000000 0.000000 0.000000 1.000000
0.999758 0.006969 0.020861 -0.000000 -0.001377 0.966455 -0.256833 10.002700 -0.021951 0.256742 0.966231 0.000000 0.000000 0.000000 0.000000 1.000000
0.999839 0.010097 0.014807 0.000000 -0.005821 0.964351 -0.264561 10.002700 -0.016950 0.264432 0.964255 -0.000000 0.000000 0.000000 0.000000 1.000000
0.999847 0.013653 0.010977 0.000000 -0.010181 0.962760 -0.270164 10.002700 -0.014256 0.270011 0.962752 0.000000 0.000000 0.000000 0.000000 1.000000
0.999825 0.017444 0.006804 0.000000 -0.014897 0.961242 -0.275303 10.002700 -0.011342 0.275153 0.961334 -0.000000 0.000000 0.000000 0.000000 1.000000
0.999754 0.022049 0.002251 0.000000 -0.020538 0.959819 -0.279867 10.002700 -0.008331 0.279752 0.960036 0.000000 0.000000 0.000000 0.000000 1.000000
0.999617 0.027675 -0.000276 0.000000 -0.026622 0.958778 -0.282905 10.002700 -0.007565 0.282804 0.959148 0.000000 0.000000 0.000000 0.000000 1.000000
0.999385 0.035062 -0.000544 0.000000 -0.033765 0.958011 -0.284735 10.002700 -0.009463 0.284579 0.958606 0.000000 0.000000 0.000000 0.000000 1.000000
0.998993 0.044865 0.000535 0.000000 -0.042845 0.957418 -0.285510 10.002700 -0.013322 0.285199 0.958376 -0.000000 0.000000 0.000000 0.000000 1.000000
0.998450 0.055523 0.003733 0.000000 -0.052178 0.957396 -0.284027 10.002700 -0.019344 0.283392 0.958809 -0.000000 0.000000 0.000000 0.000000 1.000000
0.997893 0.064280 0.008864 0.000000 -0.059244 0.958280 -0.279625 10.002700 -0.026468 0.278511 0.960068 0.000000 0.000000 0.000000 0.000000 1.000000
0.997433 0.070312 0.013538 0.000000 -0.063944 0.959746 -0.273493 10.002700 -0.032223 0.271925 0.961779 0.000000 0.000000 0.000000 0.000000 1.000000
0.997041 0.075055 0.016624 0.000000 -0.067894 0.961161 -0.267507 10.002700 -0.036056 0.265587 0.963412 0.000000 0.000000 0.000000 0.000000 1.000000
0.996648 0.079594 0.018932 0.000000 -0.071854 0.962206 -0.262673 10.002700 -0.039124 0.260432 0.964699 0.000000 0.000000 0.000000 0.000000 1.000000
0.996310 0.083213 0.021029 0.000000 -0.074972 0.963025 -0.258769 10.002700 -0.041784 0.256238 0.965710 0.000000 0.000000 0.000000 0.000000 1.000000
0.996109 0.085039 0.023124 0.000000 -0.076357 0.963841 -0.255303 10.002700 -0.043999 0.252544 0.966584 0.000000 0.000000 0.000000 0.000000 1.000000
0.995996 0.085742 0.025290 -0.000000 -0.076641 0.964646 -0.252160 10.002700 -0.046016 0.249212 0.967355 0.000000 0.000000 0.000000 0.000000 1.000000
0.995896 0.086227 0.027499 0.000000 -0.076711 0.965435 -0.249098 10.002700 -0.048027 0.245967 0.968088 0.000000 0.000000 0.000000 0.000000 1.000000
0.995802 0.086566 0.029727 0.000000 -0.076649 0.966218 -0.246065 10.002700 -0.050023 0.242754 0.968797 -0.000000 0.000000 0.000000 0.000000 1.000000
0.995718 0.086762 0.031906 0.000000 -0.076466 0.966969 -0.243156 10.002700 -0.051949 0.239675 0.969462 0.000000 0.000000 0.000000 0.000000 1.000000
0.995639 0.086877 0.033977 0.000000 -0.076233 0.967672 -0.240415 10.002700 -0.053765 0.236776 0.970075 -0.000000 0.000000 0.000000 0.000000 1.000000
0.995568 0.086938 0.035861 0.000000 -0.075987 0.968306 -0.237926 10.002700 -0.055409 0.234146 0.970621 0.000000 0.000000 0.000000 0.000000 1.000000
0.995502 0.086988 0.037526 -0.000000 -0.075775 0.968864 -0.235711 10.002700 -0.056862 0.231808 0.971098 0.000000 0.000000 0.000000 0.000000 1.000000
0.995453 0.086950 0.038894 -0.000000 -0.075533 0.969339 -0.233832 10.002700 -0.058034 0.229831 0.971499 -0.000000 0.000000 0.000000 0.000000 1.000000
0.995438 0.086862 0.039480 0.000000 -0.075367 0.969572 -0.232916 10.002700 -0.058510 0.228877 0.971695 0.000000 0.000000 0.000000 0.000000 1.000000
0.995438 0.086862 0.039480 0.000000 -0.075371 0.969588 -0.232850 10.002700 -0.058505 0.228812 0.971711 0.000000 0.000000 0.000000 0.000000 1.000000
0.995438 0.086862 0.039480 0.000000 -0.075371 0.969588 -0.232850 10.002700 -0.058505 0.228812 0.971711 0.000000 0.000000 0.000000 0.000000 1.000000</float_array>
        <technique_common>
          <accessor source="#mixamorig_Spine1-Matrix-animation-output-transform-array" count="38" stride="16">
            <param type="float4x4"/>
          </accessor>
        </technique_common>
      </source>
      <source id="mixamorig_Spine1-Interpolations">
        <Name_array id="mixamorig_Spine1-Interpolations-array" count="38">
 LINEAR LINEAR LINEAR LINEAR LINEAR LINEAR LINEAR LINEAR LINEAR LINEAR LINEAR
LINEAR LINEAR LINEAR LINEAR LINEAR LINEAR LINEAR LINEAR LINEAR LINEAR LINEAR LINEAR
LINEAR LINEAR LINEAR LINEAR LINEAR LINEAR LINEAR LINEAR LINEAR LINEAR LINEAR LINEAR
LINEAR LINEAR LINEAR</Name_array>
        <technique_common>
          <accessor source="#mixamorig_Spine1-Interpolations-array" count="38">
            <param type="name"/>
          </accessor>
        </technique_common>
      </source>
      <sampler id="mixamorig_Spine1-Matrix-animation-transform">
        <input semantic="INPUT" source="#mixamorig_Spine1-Matrix-animation-input"/>
        <input semantic="OUTPUT" source="#mixamorig_Spine1-Matrix-animation-output-transform"/>
        <input semantic="INTERPOLATION" source="#mixamorig_Spine1-Interpolations"/>
      </sampler>
      <channel source="#mixamorig_Spine1-Matrix-animation-transform" target="mixamorig_Spine1/matrix"/>
    </animation>
    <animation id="mixamorig_Spine2-anim" name="mixamorig_Spine2">
      <source id="mixamorig_Spine2-Matrix-animation-input">
        <float_array id="mixamorig_Spine2-Matrix-animation-input-array" count="38">

0.000000 0.033333 0.066667 0.100000 0.133333 0.166667 0.200000 0.233333 0.266667 0.300000 0.333333 0.366667 0.400000 0.433333 0.466667 0.500000
0.533333 0.566667 0.600000 0.633333 0.666667 0.700000 0.733333 0.766667 0.800000 0.833333 0.866667 0.900000 0.933333 0.966667 1.000000 1.033333
1.066667 1.100000 1.133333 1.166667 1.200000 1.233333</float_array>
        <technique_common>
          <accessor source="#mixamorig_Spine2-Matrix-animation-input-array" count="38">
            <param name="TIME" type="float"/>
          </accessor>
        </technique_common>
      </source>
      <source id="mixamorig_Spine2-Matrix-animation-output-transform">
        <float_array id="mixamorig_Spine2-Matrix-animation-output-transform-array" count="608">

0.995410 0.088154 0.037267 0.000000 -0.075661 0.963270 -0.257656 9.322100 -0.058611 0.253653 0.965518 0.000000 0.000000 0.000000 0.000000 1.000000
0.996265 0.078531 0.035895 0.000000 -0.067407 0.967157 -0.245078 9.322100 -0.053962 0.241743 0.968839 0.000000 0.000000 0.000000 0.000000 1.000000
0.996793 0.065102 0.046536 0.000000 -0.052961 0.972631 -0.226240 9.322100 -0.059991 0.223050 0.972959 -0.000000 0.000000 0.000000 0.000000 1.000000
0.996299 0.046798 0.072104 -0.000000 -0.031333 0.978814 -0.202340 9.322100 -0.080046 0.199331 0.976657 0.000000 0.000000 0.000000 0.000000 1.000000
0.996268 0.034054 0.079306 0.000000 -0.017949 0.980530 -0.195549 9.322100 -0.084421 0.193396 0.977482 0.000000 0.000000 0.000000 0.000000 1.000000
0.997078 0.024911 0.072218 0.000000 -0.010012 0.979798 -0.199740 9.322100 -0.075735 0.198433 0.977184 -0.000000 0.000000 0.000000 0.000000 1.000000
0.997458 0.019042 0.068664 0.000000 -0.004452 0.978402 -0.206662 9.322100 -0.071117 0.205831 0.976000 0.000000 0.000000 0.000000 0.000000 1.000000
0.997700 0.016974 0.065629 0.000000 -0.002206 0.975758 -0.218841 9.322100 -0.067752 0.218193 0.973551 -0.000000 0.000000 0.000000 0.000000 1.000000
0.998227 0.014427 0.057746 -0.000000 -0.000490 0.972139 -0.234407 9.322100 -0.059519 0.233963 0.970422 -0.000000 0.000000 0.000000 0.000000 1.000000
0.998843 0.010527 0.046923 0.000000 0.001485 0.968524 -0.248914 9.322100 -0.048066 0.248696 0.967388 0.000000 0.000000 0.000000 0.000000 1.000000
0.999295 0.007262 0.036845 0.000000 0.002609 0.965333 -0.261008 9.322100 -0.037463 0.260920 0.964633 -0.000000 0.000000 0.000000 0.000000 1.000000
0.999600 0.005897 0.027660 -0.000000 0.001853 0.962265 -0.272106 9.322100 -0.028221 0.272048 0.961870 -0.000000 0.000000 0.000000 0.000000 1.000000
0.999791 0.007033 0.019186 -0.000000 -0.001333 0.959351 -0.282212 9.322100 -0.020391 0.282128 0.959160 0.000000 0.000000 0.000000 0.000000 1.000000
0.999863 0.010080 0.013156 0.000000 -0.005835 0.957059 -0.289833 9.322100 -0.015513 0.289717 0.956987 0.000000 0.000000 0.000000 0.000000 1.000000
0.999864 0.013593 0.009359 0.000000 -0.010223 0.955334 -0.295351 9.322100 -0.012955 0.295216 0.955343 0.000000 0.000000 0.000000 0.000000 1.000000
0.999837 0.017312 0.005168 -0.000000 -0.014960 0.953691 -0.300417 9.322100 -0.010130 0.300291 0.953794 0.000000 0.000000 0.000000 0.000000 1.000000
0.999761 0.021841 0.000598 0.000000 -0.020618 0.952158 -0.304911 9.322100 -0.007229 0.304826 0.952381 0.000000 0.000000 0.000000 0.000000 1.000000
0.999621 0.027465 -0.001881 0.000000 -0.026710 0.951048 -0.307887 9.322100 -0.006667 0.307821 0.951421 0.000000 0.000000 0.000000 0.000000 1.000000
0.999388 0.034917 -0.002105 0.000000 -0.033853 0.950243 -0.309666 9.322100 -0.008812 0.309547 0.950843 0.000000 0.000000 0.000000 0.000000 1.000000
0.998995 0.044816 -0.001063 0.000000 -0.042932 0.949640 -0.310389 9.322100 -0.012901 0.310122 0.950609 0.000000 0.000000 0.000000 0.000000 1.000000
0.998449 0.055627 0.002061 -0.000000 -0.052272 0.949670 -0.308860 9.322100 -0.019138 0.308273 0.951105 0.000000 0.000000 0.000000 0.000000 1.000000
0.997887 0.064583 0.007135 0.000000 -0.059351 0.950684 -0.304429 9.322100 -0.026444 0.303362 0.952508 0.000000 0.000000 0.000000 0.000000 1.000000
0.997423 0.070772 0.011745 -0.000000 -0.064060 0.952323 -0.298291 9.322100 -0.032296 0.296770 0.954403 0.000000 0.000000 0.000000 0.000000 1.000000
0.997029 0.075603 0.014746 0.000000 -0.068009 0.953903 -0.292307 9.322100 -0.036166 0.290436 0.956211 0.000000 0.000000 0.000000 0.000000 1.000000
0.996634 0.080204 0.016970 0.000000 -0.071965 0.955083 -0.287467 9.322100 -0.039264 0.285278 0.957640 0.000000 0.000000 0.000000 0.000000 1.000000
0.996295 0.083879 0.019008 0.000000 -0.075078 0.956013 -0.283553 9.322100 -0.041956 0.281075 0.958768 0.000000 0.000000 0.000000 0.000000 1.000000
0.996094 0.085751 0.021067 0.000000 -0.076455 0.956925 -0.280087 9.322100 -0.044178 0.277382 0.959743 -0.000000 0.000000 0.000000 0.000000 1.000000
0.995983 0.086481 0.023207 0.000000 -0.076713 0.957816 -0.276955 9.322100 -0.046179 0.274062 0.960603 0.000000 0.000000 0.000000 0.000000 1.000000
0.995889 0.086951 0.025397 0.000000 -0.076718 0.958692 -0.273906 9.322100 -0.048164 0.270832 0.961421 0.000000 0.000000 0.000000 0.000000 1.000000
0.995796 0.087341 0.027595 0.000000 -0.076655 0.959553 -0.270890 9.322100 -0.050138 0.267636 0.962215 0.000000 0.000000 0.000000 0.000000 1.000000
0.995709 0.087630 0.029737 0.000000 -0.076517 0.960376 -0.267999 9.322100 -0.052043 0.264574 0.962960 0.000000 0.000000 0.000000 0.000000 1.000000
0.995633 0.087780 0.031782 0.000000 -0.076271 0.961151 -0.265276 9.322100 -0.053833 0.261694 0.963648 0.000000 0.000000 0.000000 0.000000 1.000000
0.995563 0.087872 0.033644 -0.000000 -0.076015 0.961850 -0.262803 9.322100 -0.055454 0.259080 0.964263 0.000000 0.000000 0.000000 0.000000 1.000000
0.995500 0.087948 0.035288 0.000000 -0.075792 0.962466 -0.260604 9.322100 -0.056883 0.256756 0.964801 0.000000 0.000000 0.000000 0.000000 1.000000
0.995430 0.088194 0.036620 0.000000 -0.075799 0.962967 -0.258746 9.322100 -0.058083 0.254787 0.965251 -0.000000 0.000000 0.000000 0.000000 1.000000
0.995399 0.088300 0.037193 0.000000 -0.075810 0.963209 -0.257839 9.322100 -0.058592 0.253834 0.965472 -0.000000 0.000000 0.000000 0.000000 1.000000
0.995399 0.088300 0.037193 0.000000 -0.075814 0.963226 -0.257774 9.322100 -0.058587 0.253768 0.965489 -0.000000 0.000000 0.000000 0.000000 1.000000
0.995399 0.088300 0.037193 0.000000 -0.075814 0.963226 -0.257774 9.322100 -0.058586 0.253768 0.965489 0.000000 0.000000 0.000000 0.000000 1.000000</float_array>
        <technique_common>
          <accessor source="#mixamorig_Spine2-Matrix-animation-output-transform-array" count="38" stride="16">
            <param type="float4x4"/>
          </accessor>
        </technique_common>
      </source>
      <source id="mixamorig_Spine2-Interpolations">
        <Name_array id="mixamorig_Spine2-Interpolations-array" count="38">
 LINEAR LINEAR LINEAR LINEAR LINEAR LINEAR LINEAR LINEAR LINEAR LINEAR LINEAR
LINEAR LINEAR LINEAR LINEAR LINEAR LINEAR LINEAR LINEAR LINEAR LINEAR LINEAR LINEAR
LINEAR LINEAR LINEAR LINEAR LINEAR LINEAR LINEAR LINEAR LINEAR LINEAR LINEAR LINEAR
LINEAR LINEAR LINEAR</Name_array>
        <technique_common>
          <accessor source="#mixamorig_Spine2-Interpolations-array" count="38">
            <param type="name"/>
          </accessor>
        </technique_common>
      </source>
      <sampler id="mixamorig_Spine2-Matrix-animation-transform">
        <input semantic="INPUT" source="#mixamorig_Spine2-Matrix-animation-input"/>
        <input semantic="OUTPUT" source="#mixamorig_Spine2-Matrix-animation-output-transform"/>
        <input semantic="INTERPOLATION" source="#mixamorig_Spine2-Interpolations"/>
      </sampler>
      <channel source="#mixamorig_Spine2-Matrix-animation-transform" target="mixamorig_Spine2/matrix"/>
    </animation>
    <animation id="mixamorig_Neck-anim" name="mixamorig_Neck">
      <source id="mixamorig_Neck-Matrix-animation-input">
        <float_array id="mixamorig_Neck-Matrix-animation-input-array" count="38">

0.000000 0.033333 0.066667 0.100000 0.133333 0.166667 0.200000 0.233333 0.266667 0.300000 0.333333 0.366667 0.400000 0.433333 0.466667 0.500000
0.533333 0.566667 0.600000 0.633333 0.666667 0.700000 0.733333 0.766667 0.800000 0.833333 0.866667 0.900000 0.933333 0.966667 1.000000 1.033333
1.066667 1.100000 1.133333 1.166667 1.200000 1.233333</float_array>
        <technique_common>
          <accessor source="#mixamorig_Neck-Matrix-animation-input-array" count="38">
            <param name="TIME" type="float"/>
          </accessor>
        </technique_common>
      </source>
      <source id="mixamorig_Neck-Matrix-animation-output-transform">
        <float_array id="mixamorig_Neck-Matrix-animation-output-transform-array" count="608">

0.998932 0.002544 0.046144 0.000000 0.000670 0.997582 -0.069490 16.865299 -0.046209 0.069447 0.996515 -0.000000 0.000000 0.000000 0.000000 1.000000
0.999056 0.006919 0.042898 0.000000 -0.004370 0.998235 -0.059230 16.865299 -0.043232 0.058987 0.997322 0.000000 0.000000 0.000000 0.000000 1.000000
0.999216 0.017640 0.035441 -0.000000 -0.016644 0.999463 -0.028223 16.865299 -0.035919 0.027611 0.998973 0.000000 0.000000 0.000000 0.000000 1.000000
0.999804 0.012250 0.015524 0.000000 -0.013311 0.997443 0.070215 16.865299 -0.014624 -0.070407 0.997411 0.000000 0.000000 0.000000 0.000000 1.000000
0.999996 0.002623 -0.001381 0.000000 -0.002413 0.990847 0.134971 16.865299 0.001722 -0.134967 0.990849 0.000000 0.000000 0.000000 0.000000 1.000000
0.999889 0.007991 -0.012563 0.000000 -0.006166 0.990258 0.139105 16.865299 0.013552 -0.139012 0.990198 0.000000 0.000000 0.000000 0.000000 1.000000
0.999665 0.009356 -0.024151 0.000000 -0.006248 0.992046 0.125719 16.865299 0.025135 -0.125526 0.991772 0.000000 0.000000 0.000000 0.000000 1.000000
0.999495 -0.001835 -0.031708 -0.000000 0.004913 0.995246 0.097270 16.865299 0.031379 -0.097376 0.994753 -0.000000 0.000000 0.000000 0.000000 1.000000
0.999340 -0.015144 -0.033030 0.000000 0.016919 0.998389 0.054166 16.865299 0.032157 -0.054689 0.997986 -0.000000 0.000000 0.000000 0.000000 1.000000
0.999167 -0.024648 -0.032527 0.000000 0.024920 0.999657 0.007994 16.865299 0.032319 -0.008798 0.999439 0.000000 0.000000 0.000000 0.000000 1.000000
0.999016 -0.029696 -0.032945 0.000000 0.028703 0.999132 -0.030204 16.865299 0.033813 0.029228 0.999001 0.000000 0.000000 0.000000 0.000000 1.000000
0.999037 -0.029473 -0.032495 -0.000000 0.027580 0.997979 -0.057252 16.865299 0.034117 0.056301 0.997831 0.000000 0.000000 0.000000 0.000000 1.000000
0.999201 -0.026465 -0.029965 0.000000 0.024138 0.996852 -0.075515 16.865299 0.031869 0.074731 0.996694 0.000000 0.000000 0.000000 0.000000 1.000000
0.999367 -0.024257 -0.026008 -0.000000 0.021896 0.995925 -0.087490 16.865299 0.028025 0.086865 0.995826 -0.000000 0.000000 0.000000 0.000000 1.000000
0.999548 -0.022300 -0.020176 0.000000 0.020302 0.995337 -0.094300 16.865299 0.022184 0.093848 0.995339 0.000000 0.000000 0.000000 0.000000 1.000000
0.999758 -0.018758 -0.011457 0.000000 0.017552 0.995076 -0.097550 16.865299 0.013231 0.097326 0.995165 0.000000 0.000000 0.000000 0.000000 1.000000
0.999883 -0.015211 -0.001435 -0.000000 0.014993 0.994931 -0.099436 16.865299 0.002940 0.099403 0.995043 -0.000000 0.000000 0.000000 0.000000 1.000000
0.999864 -0.014973 0.006939 -0.000000 0.015595 0.994816 -0.100487 16.865299 -0.005399 0.100582 0.994914 0.000000 0.000000 0.000000 0.000000 1.000000
0.999735 -0.018916 0.013094 -0.000000 0.020128 0.994817 -0.099673 16.865299 -0.011141 0.099910 0.994934 0.000000 0.000000 0.000000 0.000000 1.000000
0.999533 -0.024622 0.018094 0.000000 0.026265 0.994935 -0.097032 16.865299 -0.015613 0.097462 0.995117 0.000000 0.000000 0.000000 0.000000 1.000000
0.999349 -0.028508 0.022132 -0.000000 0.030470 0.995095 -0.094115 16.865299 -0.019340 0.094728 0.995315 0.000000 0.000000 0.000000 0.000000 1.000000
0.999275 -0.028415 0.025325 0.000000 0.030631 0.995299 -0.091879 16.865299 -0.022595 0.092588 0.995448 0.000000 0.000000 0.000000 0.000000 1.000000
0.999281 -0.025186 0.028352 0.000000 0.027638 0.995585 -0.089699 16.865299 -0.025967 0.090418 0.995565 0.000000 0.000000 0.000000 0.000000 1.000000
0.999282 -0.021710 0.031051 0.000000 0.024329 0.995944 -0.086621 16.865299 -0.029044 0.087314 0.995757 0.000000 0.000000 0.000000 0.000000 1.000000
0.999268 -0.019632 0.032839 0.000000 0.022297 0.996310 -0.082883 16.865299 -0.031091 0.083555 0.996018 0.000000 0.000000 0.000000 0.000000 1.000000
0.999255 -0.017597 0.034340 0.000000 0.020290 0.996612 -0.079708 16.865299 -0.032821 0.080346 0.996227 0.000000 0.000000 0.000000 0.000000 1.000000
0.999240 -0.014483 0.036180 0.000000 0.017262 0.996826 -0.077718 16.865299 -0.034940 0.078284 0.996319 0.000000 0.000000 0.000000 0.000000 1.000000
0.999217 -0.011534 0.037846 -0.000000 0.014402 0.996973 -0.076406 16.865299 -0.036850 0.076891 0.996358 0.000000 0.000000 0.000000 0.000000 1.000000
0.999187 -0.009028 0.039282 0.000000 0.011966 0.997096 -0.075211 16.865299 -0.038489 0.075620 0.996394 -0.000000 0.000000 0.000000 0.000000 1.000000
0.999151 -0.006653 0.040647 0.000000 0.009654 0.997204 -0.074099 16.865299 -0.040041 0.074428 0.996422 0.000000 0.000000 0.000000 0.000000 1.000000
0.999112 -0.004489 0.041896 0.000000 0.007546 0.997297 -0.073091 16.865299 -0.041455 0.073342 0.996445 0.000000 0.000000 0.000000 0.000000 1.000000
0.999071 -0.002541 0.043029 0.000000 0.005645 0.997376 -0.072173 16.865299 -0.042733 0.072349 0.996463 0.000000 0.000000 0.000000 0.000000 1.000000
0.999030 -0.000823 0.044036 0.000000 0.003967 0.997443 -0.071355 16.865299 -0.043865 0.071461 0.996478 0.000000 0.000000 0.000000 0.000000 1.000000
0.998990 0.000681 0.044926 -0.000000 0.002496 0.997500 -0.070624 16.865299 -0.044862 0.070665 0.996491 0.000000 0.000000 0.000000 0.000000 1.000000
0.998954 0.001967 0.045693 -0.000000 0.001237 0.997548 -0.069976 16.865299 -0.045719 0.069960 0.996502 -0.000000 0.000000 0.000000 0.000000 1.000000
0.998939 0.002578 0.045971 0.000000 0.000632 0.997570 -0.069674 16.865299 -0.046039 0.069629 0.996510 0.000000 0.000000 0.000000 0.000000 1.000000
0.998939 0.002578 0.045971 0.000000 0.000632 0.997570 -0.069674 16.865299 -0.046039 0.069629 0.996510 -0.000000 0.000000 0.000000 0.000000 1.000000
0.998939 0.002578 0.045971 -0.000000 0.000632 0.997570 -0.069674 16.865299 -0.046039 0.069629 0.996510 0.000000 0.000000 0.000000 0.000000 1.000000</float_array>
        <technique_common>
          <accessor source="#mixamorig_Neck-Matrix-animation-output-transform-array" count="38" stride="16">
            <param type="float4x4"/>
          </accessor>
        </technique_common>
      </source>
      <source id="mixamorig_Neck-Interpolations">
        <Name_array id="mixamorig_Neck-Interpolations-array" count="38">
 LINEAR LINEAR LINEAR LINEAR LINEAR LINEAR LINEAR LINEAR LINEAR LINEAR LINEAR
LINEAR LINEAR LINEAR LINEAR LINEAR LINEAR LINEAR LINEAR LINEAR LINEAR LINEAR LINEAR
LINEAR LINEAR LINEAR LINEAR LINEAR LINEAR LINEAR LINEAR LINEAR LINEAR LINEAR LINEAR
LINEAR LINEAR LINEAR</Name_array>
        <technique_common>
          <accessor source="#mixamorig_Neck-Interpolations-array" count="38">
            <param type="name"/>
          </accessor>
        </technique_common>
      </source>
      <sampler id="mixamorig_Neck-Matrix-animation-transform">
        <input semantic="INPUT" source="#mixamorig_Neck-Matrix-animation-input"/>
        <input semantic="OUTPUT" source="#mixamorig_Neck-Matrix-animation-output-transform"/>
        <input semantic="INTERPOLATION" source="#mixamorig_Neck-Interpolations"/>
      </sampler>
      <channel source="#mixamorig_Neck-Matrix-animation-transform" target="mixamorig_Neck/matrix"/>
    </animation>
    <animation id="mixamorig_Head-anim" name="mixamorig_Head">
      <source id="mixamorig_Head-Matrix-animation-input">
        <float_array id="mixamorig_Head-Matrix-animation-input-array" count="38">

0.000000 0.033333 0.066667 0.100000 0.133333 0.166667 0.200000 0.233333 0.266667 0.300000 0.333333 0.366667 0.400000 0.433333 0.466667 0.500000
0.533333 0.566667 0.600000 0.633333 0.666667 0.700000 0.733333 0.766667 0.800000 0.833333 0.866667 0.900000 0.933333 0.966667 1.000000 1.033333
1.066667 1.100000 1.133333 1.166667 1.200000 1.233333</float_array>
        <technique_common>
          <accessor source="#mixamorig_Head-Matrix-animation-input-array" count="38">
            <param name="TIME" type="float"/>
          </accessor>
        </technique_common>
      </source>
      <source id="mixamorig_Head-Matrix-animation-output-transform">
        <float_array id="mixamorig_Head-Matrix-animation-output-transform-array" count="608">

0.755010 -0.008660 0.655656 0.000000 -0.112470 0.983384 0.142501 9.341900 -0.645996 -0.181332 0.741491 2.841000 0.000000 0.000000 0.000000 1.000000
0.772324 0.024165 0.634769 0.000000 -0.103433 0.990724 0.088132 9.341900 -0.626752 -0.133723 0.767659 2.841000 0.000000 0.000000 0.000000 1.000000
0.797993 0.021551 0.602281 0.000000 -0.174992 0.964591 0.197340 9.341900 -0.576702 -0.262870 0.773508 2.841000 0.000000 0.000000 0.000000 1.000000
0.866365 -0.114662 0.486070 -0.000000 -0.294117 0.669451 0.682151 9.341900 -0.403618 -0.733953 0.546265 2.841000 0.000000 0.000000 0.000000 1.000000
0.910694 -0.189515 0.367042 -0.000000 -0.286477 0.350392 0.891715 9.341900 -0.297602 -0.917229 0.264809 2.841000 0.000000 0.000000 0.000000 1.000000
0.938875 -0.145076 0.312195 0.000000 -0.250588 0.333810 0.908722 9.341900 -0.236048 -0.931410 0.277051 2.841000 0.000000 0.000000 0.000000 1.000000
0.953623 -0.095941 0.285305 0.000000 -0.234581 0.357053 0.904148 9.341900 -0.188614 -0.929144 0.317988 2.841000 0.000000 0.000000 0.000000 1.000000
0.956146 -0.074484 0.283262 0.000000 -0.232407 0.395632 0.888517 9.341900 -0.178248 -0.915384 0.360971 2.841000 0.000000 0.000000 0.000000 1.000000
0.951387 -0.065477 0.300958 -0.000000 -0.236811 0.469279 0.850704 9.341900 -0.196935 -0.880619 0.430960 2.841000 0.000000 0.000000 0.000000 1.000000
0.945477 -0.052984 0.321350 -0.000000 -0.237255 0.563900 0.791029 9.341900 -0.223121 -0.824142 0.520584 2.841000 0.000000 0.000000 0.000000 1.000000
0.942074 -0.033761 0.333702 0.000000 -0.228699 0.663110 0.712728 9.341900 -0.245343 -0.747760 0.616978 2.841000 0.000000 0.000000 0.000000 1.000000
0.940324 -0.014651 0.339964 0.000000 -0.213913 0.751525 0.624060 9.341900 -0.264634 -0.659542 0.703543 2.841000 0.000000 0.000000 0.000000 1.000000
0.937362 -0.001020 0.348356 -0.000000 -0.197950 0.821299 0.535054 9.341900 -0.286650 -0.570496 0.769653 2.841000 0.000000 0.000000 0.000000 1.000000
0.930679 0.007744 0.365755 0.000000 -0.184261 0.873626 0.450362 9.341900 -0.316045 -0.486537 0.814492 2.841000 0.000000 0.000000 0.000000 1.000000
0.919321 0.012877 0.393297 0.000000 -0.173541 0.910288 0.375845 9.341900 -0.353174 -0.413776 0.839081 2.841000 0.000000 0.000000 0.000000 1.000000
0.904252 0.012016 0.426830 0.000000 -0.163843 0.932852 0.320846 9.341900 -0.394314 -0.360059 0.845502 2.841000 0.000000 0.000000 0.000000 1.000000
0.887379 0.004842 0.461014 0.000000 -0.153962 0.945653 0.286421 9.341900 -0.434573 -0.325142 0.839898 2.841000 0.000000 0.000000 0.000000 1.000000
0.870334 -0.005229 0.492434 -0.000000 -0.144207 0.953405 0.264997 9.341900 -0.470875 -0.301648 0.829027 2.841000 0.000000 0.000000 0.000000 1.000000
0.853922 -0.017739 0.520098 0.000000 -0.133126 0.958718 0.251271 9.341900 -0.503085 -0.283805 0.816309 2.841000 0.000000 0.000000 0.000000 1.000000
0.838677 -0.033365 0.543606 -0.000000 -0.119209 0.962673 0.243002 9.341900 -0.531422 -0.268603 0.803394 2.841000 0.000000 0.000000 0.000000 1.000000
0.825634 -0.047287 0.562221 0.000000 -0.105317 0.966050 0.235913 9.341900 -0.554289 -0.253989 0.792624 2.841000 0.000000 0.000000 0.000000 1.000000
0.815353 -0.053775 0.576462 0.000000 -0.096017 0.969330 0.226231 9.341900 -0.570947 -0.239808 0.785183 2.841000 0.000000 0.000000 0.000000 1.000000
0.807228 -0.053498 0.587810 -0.000000 -0.092148 0.972250 0.215031 9.341900 -0.583002 -0.227745 0.779898 2.841000 0.000000 0.000000 0.000000 1.000000
0.800751 -0.050667 0.596851 -0.000000 -0.091800 0.974265 0.205867 9.341900 -0.591922 -0.219639 0.775492 2.841000 0.000000 0.000000 0.000000 1.000000
0.795523 -0.046897 0.604106 -0.000000 -0.093959 0.975393 0.199450 9.341900 -0.598595 -0.215428 0.771541 2.841000 0.000000 0.000000 0.000000 1.000000
0.790214 -0.041082 0.611452 0.000000 -0.097915 0.976469 0.192147 9.341900 -0.604958 -0.211708 0.767598 2.841000 0.000000 0.000000 0.000000 1.000000
0.784476 -0.034040 0.619224 0.000000 -0.101772 0.977889 0.182689 9.341900 -0.611751 -0.206335 0.763666 2.841000 0.000000 0.000000 0.000000 1.000000
0.779629 -0.028690 0.625584 0.000000 -0.104250 0.979066 0.174821 9.341900 -0.617503 -0.201513 0.760317 2.841000 0.000000 0.000000 0.000000 1.000000
0.775416 -0.024640 0.630969 0.000000 -0.106049 0.979964 0.168595 9.341900 -0.622481 -0.197645 0.757267 2.841000 0.000000 0.000000 0.000000 1.000000
0.771420 -0.021076 0.635977 0.000000 -0.107537 0.980758 0.162940 9.341900 -0.627174 -0.194086 0.754310 2.841000 0.000000 0.000000 0.000000 1.000000
0.767776 -0.018101 0.640463 0.000000 -0.108691 0.981433 0.158035 9.341900 -0.631432 -0.190948 0.751553 2.841000 0.000000 0.000000 0.000000 1.000000
0.764463 -0.015587 0.644479 -0.000000 -0.109616 0.982007 0.153774 9.341900 -0.635280 -0.188199 0.749000 2.841000 0.000000 0.000000 0.000000 1.000000
0.761507 -0.013450 0.648017 -0.000000 -0.110372 0.982492 0.150094 9.341900 -0.638690 -0.185821 0.746690 2.841000 0.000000 0.000000 0.000000 1.000000
0.758873 -0.011571 0.651136 0.000000 -0.111039 0.982902 0.146878 9.341900 -0.641703 -0.183764 0.744613 2.841000 0.000000 0.000000 0.000000 1.000000
0.756553 -0.009833 0.653859 0.000000 -0.111701 0.983249 0.144031 9.341900 -0.644322 -0.182003 0.742781 2.841000 0.000000 0.000000 0.000000 1.000000
0.755390 -0.008816 0.655217 -0.000000 -0.112178 0.983409 0.142561 9.341900 -0.645603 -0.181190 0.741868 2.841000 0.000000 0.000000 0.000000 1.000000
0.755263 -0.008762 0.655363 0.000000 -0.112238 0.983411 0.142496 9.341900 -0.645740 -0.181179 0.741751 2.841000 0.000000 0.000000 0.000000 1.000000
0.755263 -0.008762 0.655363 0.000000 -0.112238 0.983411 0.142496 9.341900 -0.645740 -0.181179 0.741751 2.841000 0.000000 0.000000 0.000000 1.000000</float_array>
        <technique_common>
          <accessor source="#mixamorig_Head-Matrix-animation-output-transform-array" count="38" stride="16">
            <param type="float4x4"/>
          </accessor>
        </technique_common>
      </source>
      <source id="mixamorig_Head-Interpolations">
        <Name_array id="mixamorig_Head-Interpolations-array" count="38">
 LINEAR LINEAR LINEAR LINEAR LINEAR LINEAR LINEAR LINEAR LINEAR LINEAR LINEAR
LINEAR LINEAR LINEAR LINEAR LINEAR LINEAR LINEAR LINEAR LINEAR LINEAR LINEAR LINEAR
LINEAR LINEAR LINEAR LINEAR LINEAR LINEAR LINEAR LINEAR LINEAR LINEAR LINEAR LINEAR
LINEAR LINEAR LINEAR</Name_array>
        <technique_common>
          <accessor source="#mixamorig_Head-Interpolations-array" count="38">
            <param type="name"/>
          </accessor>
        </technique_common>
      </source>
      <sampler id="mixamorig_Head-Matrix-animation-transform">
        <input semantic="INPUT" source="#mixamorig_Head-Matrix-animation-input"/>
        <input semantic="OUTPUT" source="#mixamorig_Head-Matrix-animation-output-transform"/>
        <input semantic="INTERPOLATION" source="#mixamorig_Head-Interpolations"/>
      </sampler>
      <channel source="#mixamorig_Head-Matrix-animation-transform" target="mixamorig_Head/matrix"/>
    </animation>
    <animation id="mixamorig_RightShoulder-anim" name="mixamorig_RightShoulder">
      <source id="mixamorig_RightShoulder-Matrix-animation-input">
        <float_array id="mixamorig_RightShoulder-Matrix-animation-input-array" count="38">

0.000000 0.033333 0.066667 0.100000 0.133333 0.166667 0.200000 0.233333 0.266667 0.300000 0.333333 0.366667 0.400000 0.433333 0.466667 0.500000
0.533333 0.566667 0.600000 0.633333 0.666667 0.700000 0.733333 0.766667 0.800000 0.833333 0.866667 0.900000 0.933333 0.966667 1.000000 1.033333
1.066667 1.100000 1.133333 1.166667 1.200000 1.233333</float_array>
        <technique_common>
          <accessor source="#mixamorig_RightShoulder-Matrix-animation-input-array" count="38">
            <param name="TIME" type="float"/>
          </accessor>
        </technique_common>
      </source>
      <source id="mixamorig_RightShoulder-Matrix-animation-output-transform">
        <float_array id="mixamorig_RightShoulder-Matrix-animation-output-transform-array" count="608">

0.260590 -0.960991 0.092677 -4.570000 -0.317011 -0.175842 -0.931978 11.195800 0.911919 0.213485 -0.350467 -0.806600 0.000000 0.000000 0.000000 1.000000
0.245875 -0.963195 0.108628 -4.570000 -0.316710 -0.185748 -0.930157 11.195800 0.916100 0.194299 -0.350725 -0.806600 0.000000 0.000000 0.000000 1.000000
0.232278 -0.960823 0.151215 -4.570000 -0.311916 -0.220839 -0.924088 11.195800 0.921279 0.167479 -0.350992 -0.806600 0.000000 0.000000 0.000000 1.000000
0.253767 -0.947280 0.195611 -4.570000 -0.306022 -0.270471 -0.912796 11.195800 0.917580 0.171776 -0.358525 -0.806600 0.000000 0.000000 0.000000 1.000000
0.292072 -0.941900 0.165889 -4.570000 -0.308589 -0.256986 -0.915823 11.195800 0.905244 0.216295 -0.365718 -0.806600 0.000000 0.000000 0.000000 1.000000
0.308108 -0.944074 0.117445 -4.570000 -0.316481 -0.218132 -0.923178 11.195800 0.897167 0.247269 -0.365990 -0.806600 0.000000 0.000000 0.000000 1.000000
0.296868 -0.948131 0.113653 -4.570000 -0.316991 -0.210117 -0.924861 11.195800 0.900770 0.238535 -0.362926 -0.806600 0.000000 0.000000 0.000000 1.000000
0.276782 -0.951609 0.133537 -4.570000 -0.313983 -0.220899 -0.923373 11.195800 0.908188 0.213645 -0.359930 -0.806600 0.000000 0.000000 0.000000 1.000000
0.271791 -0.950602 0.149953 -4.570000 -0.311783 -0.234394 -0.920788 11.195800 0.910451 0.203509 -0.360088 -0.806600 0.000000 0.000000 0.000000 1.000000
0.277836 -0.945766 0.168325 -4.570000 -0.308919 -0.253881 -0.916577 11.195800 0.909602 0.202660 -0.362702 -0.806600 0.000000 0.000000 0.000000 1.000000
0.278294 -0.941867 0.188251 -4.570000 -0.305947 -0.272710 -0.912154 11.195800 0.910466 0.196252 -0.364055 -0.806600 0.000000 0.000000 0.000000 1.000000
0.274557 -0.941405 0.195893 -4.570000 -0.305025 -0.278468 -0.910722 11.195800 0.911909 0.190293 -0.363608 -0.806600 0.000000 0.000000 0.000000 1.000000
0.275003 -0.942032 0.192220 -4.570000 -0.305541 -0.275194 -0.911544 11.195800 0.911602 0.191946 -0.363509 -0.806600 0.000000 0.000000 0.000000 1.000000
0.277989 -0.942159 0.187239 -4.570000 -0.306011 -0.271626 -0.912456 11.195800 0.910538 0.196355 -0.363820 -0.806600 0.000000 0.000000 0.000000 1.000000
0.280481 -0.942680 0.180790 -4.570000 -0.306811 -0.266518 -0.913693 11.195800 0.909504 0.200805 -0.363977 -0.806600 0.000000 0.000000 0.000000 1.000000
0.284241 -0.943689 0.169285 -4.570000 -0.308231 -0.257140 -0.915900 11.195800 0.907855 0.208158 -0.363964 -0.806600 0.000000 0.000000 0.000000 1.000000
0.288001 -0.944888 0.155701 -4.570000 -0.309982 -0.245821 -0.918413 11.195800 0.906072 0.216239 -0.363695 -0.806600 0.000000 0.000000 0.000000 1.000000
0.287460 -0.946679 0.145483 -4.570000 -0.311361 -0.236008 -0.920519 11.195800 0.905771 0.219315 -0.362602 -0.806600 0.000000 0.000000 0.000000 1.000000
0.283127 -0.948814 0.139966 -4.570000 -0.312096 -0.229141 -0.922004 11.195800 0.906882 0.217361 -0.360997 -0.806600 0.000000 0.000000 0.000000 1.000000
0.278301 -0.950774 0.136299 -4.570000 -0.312555 -0.223827 -0.923153 11.195800 0.908217 0.214313 -0.359460 -0.806600 0.000000 0.000000 0.000000 1.000000
0.273637 -0.952941 0.130485 -4.570000 -0.313269 -0.216565 -0.924642 11.195800 0.909387 0.212139 -0.357787 -0.806600 0.000000 0.000000 0.000000 1.000000
0.269178 -0.955509 0.120605 -4.570000 -0.314446 -0.205558 -0.926752 11.195800 0.910311 0.211538 -0.355788 -0.806600 0.000000 0.000000 0.000000 1.000000
0.265825 -0.957805 0.109303 -4.570000 -0.315740 -0.193631 -0.928878 11.195800 0.910849 0.212408 -0.353889 -0.806600 0.000000 0.000000 0.000000 1.000000
0.262565 -0.959496 0.102112 -4.570000 -0.316487 -0.185607 -0.930261 11.195800 0.911535 0.211937 -0.352402 -0.806600 0.000000 0.000000 0.000000 1.000000
0.258025 -0.960809 0.101338 -4.570000 -0.316415 -0.183143 -0.930774 11.195800 0.912855 0.208098 -0.351269 -0.806600 0.000000 0.000000 0.000000 1.000000
0.254369 -0.961575 0.103293 -4.570000 -0.316038 -0.183592 -0.930814 11.195800 0.914011 0.204125 -0.350595 -0.806600 0.000000 0.000000 0.000000 1.000000
0.253785 -0.961690 0.103661 -4.570000 -0.315918 -0.183704 -0.930832 11.195800 0.914215 0.203483 -0.350437 -0.806600 0.000000 0.000000 0.000000 1.000000
0.254568 -0.961598 0.102586 -4.570000 -0.316016 -0.182976 -0.930942 11.195800 0.913963 0.204569 -0.350460 -0.806600 0.000000 0.000000 0.000000 1.000000
0.255331 -0.961530 0.101318 -4.570000 -0.316170 -0.182066 -0.931068 11.195800 0.913697 0.205697 -0.350495 -0.806600 0.000000 0.000000 0.000000 1.000000
0.256198 -0.961449 0.099898 -4.570000 -0.316373 -0.181058 -0.931196 11.195800 0.913384 0.206965 -0.350563 -0.806600 0.000000 0.000000 0.000000 1.000000
0.257114 -0.961360 0.098383 -4.570000 -0.316592 -0.179982 -0.931330 11.195800 0.913051 0.208311 -0.350635 -0.806600 0.000000 0.000000 0.000000 1.000000
0.258016 -0.961272 0.096869 -4.570000 -0.316816 -0.178902 -0.931462 11.195800 0.912719 0.209643 -0.350706 -0.806600 0.000000 0.000000 0.000000 1.000000
0.258866 -0.961186 0.095444 -4.570000 -0.317030 -0.177887 -0.931584 11.195800 0.912404 0.210897 -0.350773 -0.806600 0.000000 0.000000 0.000000 1.000000
0.259627 -0.961106 0.094171 -4.570000 -0.317221 -0.176981 -0.931691 11.195800 0.912121 0.212020 -0.350832 -0.806600 0.000000 0.000000 0.000000 1.000000
0.260252 -0.961038 0.093144 -4.570000 -0.317376 -0.176254 -0.931776 11.195800 0.911889 0.212935 -0.350881 -0.806600 0.000000 0.000000 0.000000 1.000000
0.260512 -0.961006 0.092742 -4.570000 -0.317435 -0.175975 -0.931809 11.195800 0.911794 0.213308 -0.350900 -0.806600 0.000000 0.000000 0.000000 1.000000
0.260512 -0.961006 0.092742 -4.570000 -0.317435 -0.175975 -0.931809 11.195800 0.911794 0.213308 -0.350900 -0.806600 0.000000 0.000000 0.000000 1.000000
0.260512 -0.961006 0.092741 -4.570000 -0.317435 -0.175975 -0.931809 11.195800 0.911794 0.213308 -0.350900 -0.806600 0.000000 0.000000 0.000000 1.000000</float_array>
        <technique_common>
          <accessor source="#mixamorig_RightShoulder-Matrix-animation-output-transform-array" count="38" stride="16">
            <param type="float4x4"/>
          </accessor>
        </technique_common>
      </source>
      <source id="mixamorig_RightShoulder-Interpolations">
        <Name_array id="mixamorig_RightShoulder-Interpolations-array" count="38">
 LINEAR LINEAR LINEAR LINEAR LINEAR LINEAR LINEAR LINEAR LINEAR LINEAR LINEAR
LINEAR LINEAR LINEAR LINEAR LINEAR LINEAR LINEAR LINEAR LINEAR LINEAR LINEAR LINEAR
LINEAR LINEAR LINEAR LINEAR LINEAR LINEAR LINEAR LINEAR LINEAR LINEAR LINEAR LINEAR
LINEAR LINEAR LINEAR</Name_array>
        <technique_common>
          <accessor source="#mixamorig_RightShoulder-Interpolations-array" count="38">
            <param type="name"/>
          </accessor>
        </technique_common>
      </source>
      <sampler id="mixamorig_RightShoulder-Matrix-animation-transform">
        <input semantic="INPUT" source="#mixamorig_RightShoulder-Matrix-animation-input"/>
        <input semantic="OUTPUT" source="#mixamorig_RightShoulder-Matrix-animation-output-transform"/>
        <input semantic="INTERPOLATION" source="#mixamorig_RightShoulder-Interpolations"/>
      </sampler>
      <channel source="#mixamorig_RightShoulder-Matrix-animation-transform" target="mixamorig_RightShoulder/matrix"/>
    </animation>
    <animation id="mixamorig_RightArm-anim" name="mixamorig_RightArm">
      <source id="mixamorig_RightArm-Matrix-animation-input">
        <float_array id="mixamorig_RightArm-Matrix-animation-input-array" count="38">

0.000000 0.033333 0.066667 0.100000 0.133333 0.166667 0.200000 0.233333 0.266667 0.300000 0.333333 0.366667 0.400000 0.433333 0.466667 0.500000
0.533333 0.566667 0.600000 0.633333 0.666667 0.700000 0.733333 0.766667 0.800000 0.833333 0.866667 0.900000 0.933333 0.966667 1.000000 1.033333
1.066667 1.100000 1.133333 1.166667 1.200000 1.233333</float_array>
        <technique_common>
          <accessor source="#mixamorig_RightArm-Matrix-animation-input-array" count="38">
            <param name="TIME" type="float"/>
          </accessor>
        </technique_common>
      </source>
      <source id="mixamorig_RightArm-Matrix-animation-output-transform">
        <float_array id="mixamorig_RightArm-Matrix-animation-output-transform-array" count="608">

0.396694 0.916837 0.045207 0.000000 -0.743292 0.349723 -0.570272 10.838200 -0.538657 0.192622 0.820211 -0.000000 0.000000 0.000000 0.000000 1.000000
0.412567 0.910593 0.024650 0.000000 -0.760310 0.359130 -0.541252 10.838200 -0.501713 0.204562 0.840499 0.000000 0.000000 0.000000 0.000000 1.000000
0.462720 0.886439 -0.010730 0.000000 -0.779764 0.401218 -0.480617 10.838200 -0.421733 0.230758 0.876865 0.000000 0.000000 0.000000 0.000000 1.000000
0.525851 0.849482 -0.043148 0.000000 -0.786491 0.466288 -0.404980 10.838200 -0.323903 0.246894 0.913307 0.000000 0.000000 0.000000 0.000000 1.000000
0.521848 0.851953 -0.043018 0.000000 -0.785605 0.460333 -0.413424 10.838200 -0.332415 0.249540 0.909522 0.000000 0.000000 0.000000 0.000000 1.000000
0.481998 0.875794 -0.025764 0.000000 -0.783366 0.417586 -0.460391 10.838200 -0.392449 0.242090 0.887342 0.000000 0.000000 0.000000 0.000000 1.000000
0.447995 0.894034 0.001856 -0.000000 -0.778191 0.390968 -0.491490 10.838200 -0.440135 0.218741 0.870881 0.000000 0.000000 0.000000 0.000000 1.000000
0.422959 0.905306 0.039068 0.000000 -0.765910 0.380207 -0.518482 10.838200 -0.484239 0.189374 0.854195 -0.000000 0.000000 0.000000 0.000000 1.000000
0.405063 0.910929 0.078305 -0.000000 -0.749360 0.379842 -0.542383 10.838200 -0.523816 0.161021 0.836474 0.000000 0.000000 0.000000 0.000000 1.000000
0.388845 0.914576 0.111133 0.000000 -0.741424 0.382244 -0.551525 10.838200 -0.546891 0.132061 0.826722 0.000000 0.000000 0.000000 0.000000 1.000000
0.373680 0.918414 0.129919 0.000000 -0.742506 0.380127 -0.551533 10.838200 -0.555921 0.109631 0.823974 0.000000 0.000000 0.000000 0.000000 1.000000
0.365667 0.920804 0.135674 0.000000 -0.741478 0.376306 -0.555522 10.838200 -0.562582 0.102536 0.820358 0.000000 0.000000 0.000000 0.000000 1.000000
0.367140 0.919972 0.137329 0.000000 -0.735648 0.377533 -0.562397 10.838200 -0.569236 0.105453 0.815384 0.000000 0.000000 0.000000 0.000000 1.000000
0.372225 0.917437 0.140566 0.000000 -0.731000 0.383103 -0.564686 10.838200 -0.571915 0.107436 0.813247 -0.000000 0.000000 0.000000 0.000000 1.000000
0.372238 0.916684 0.145357 0.000000 -0.731383 0.386128 -0.562125 10.838200 -0.571417 0.102933 0.814179 0.000000 0.000000 0.000000 0.000000 1.000000
0.363202 0.919548 0.150054 0.000000 -0.735605 0.381854 -0.559528 10.838200 -0.571812 0.092842 0.815115 0.000000 0.000000 0.000000 0.000000 1.000000
0.348480 0.924848 0.152377 0.000000 -0.740483 0.371309 -0.560192 10.838200 -0.574671 0.082383 0.814227 0.000000 0.000000 0.000000 0.000000 1.000000
0.334594 0.930202 0.150901 0.000000 -0.743473 0.358964 -0.564262 10.838200 -0.579046 0.076608 0.811688 -0.000000 0.000000 0.000000 0.000000 1.000000
0.325478 0.934108 0.146649 0.000000 -0.743271 0.348623 -0.570973 10.838200 -0.584475 0.076839 0.807765 -0.000000 0.000000 0.000000 0.000000 1.000000
0.321650 0.936221 0.141532 0.000000 -0.740196 0.341835 -0.579015 10.838200 -0.590467 0.081479 0.802938 0.000000 0.000000 0.000000 0.000000 1.000000
0.322428 0.936690 0.136574 -0.000000 -0.737077 0.338963 -0.584656 10.838200 -0.593934 0.087844 0.799703 0.000000 0.000000 0.000000 0.000000 1.000000
0.326582 0.935958 0.131632 0.000000 -0.737313 0.339415 -0.584095 10.838200 -0.591367 0.093701 0.800940 0.000000 0.000000 0.000000 0.000000 1.000000
0.332704 0.934585 0.125931 0.000000 -0.740593 0.341613 -0.578638 10.838200 -0.583807 0.099251 0.805803 0.000000 0.000000 0.000000 0.000000 1.000000
0.339888 0.932920 0.118895 -0.000000 -0.743261 0.343921 -0.573830 10.838200 -0.576228 0.106668 0.810298 0.000000 0.000000 0.000000 0.000000 1.000000
0.347158 0.931268 0.110547 0.000000 -0.743398 0.345133 -0.572924 10.838200 -0.571699 0.116715 0.812119 0.000000 0.000000 0.000000 0.000000 1.000000
0.353776 0.929767 0.101860 0.000000 -0.742408 0.345376 -0.574061 10.838200 -0.568923 0.127467 0.812452 0.000000 0.000000 0.000000 0.000000 1.000000
0.359821 0.928257 0.094174 0.000000 -0.741884 0.345856 -0.574449 10.838200 -0.565807 0.136833 0.813105 0.000000 0.000000 0.000000 0.000000 1.000000
0.365287 0.926778 0.087457 0.000000 -0.741832 0.346566 -0.574088 10.838200 -0.562362 0.144829 0.814109 0.000000 0.000000 0.000000 0.000000 1.000000
0.370506 0.925308 0.080805 0.000000 -0.741882 0.347157 -0.573666 10.838200 -0.558870 0.152599 0.815094 0.000000 0.000000 0.000000 0.000000 1.000000
0.375608 0.923804 0.074195 0.000000 -0.742007 0.347724 -0.573161 10.838200 -0.555288 0.160230 0.816077 0.000000 0.000000 0.000000 0.000000 1.000000
0.380435 0.922315 0.067845 -0.000000 -0.742197 0.348260 -0.572589 10.838200 -0.551735 0.167478 0.817031 0.000000 0.000000 0.000000 0.000000 1.000000
0.384912 0.920878 0.061861 -0.000000 -0.742453 0.348755 -0.571956 10.838200 -0.548276 0.174224 0.817948 0.000000 0.000000 0.000000 0.000000 1.000000
0.388921 0.919542 0.056423 0.000000 -0.742706 0.349187 -0.571363 10.838200 -0.545095 0.180309 0.818755 0.000000 0.000000 0.000000 0.000000 1.000000
0.392435 0.918332 0.051594 -0.000000 -0.742948 0.349558 -0.570822 10.838200 -0.542239 0.185679 0.819451 -0.000000 0.000000 0.000000 0.000000 1.000000
0.395354 0.917298 0.047527 0.000000 -0.743166 0.349855 -0.570356 10.838200 -0.539814 0.190172 0.820021 0.000000 0.000000 0.000000 0.000000 1.000000
0.396597 0.916862 0.045546 0.000000 -0.743340 0.349860 -0.570126 10.838200 -0.538662 0.192253 0.820294 -0.000000 0.000000 0.000000 0.000000 1.000000
0.396664 0.916839 0.045432 0.000000 -0.743352 0.349857 -0.570112 10.838200 -0.538596 0.192371 0.820310 -0.000000 0.000000 0.000000 0.000000 1.000000
0.396663 0.916839 0.045432 -0.000000 -0.743352 0.349857 -0.570112 10.838200 -0.538596 0.192370 0.820310 0.000000 0.000000 0.000000 0.000000 1.000000</float_array>
        <technique_common>
          <accessor source="#mixamorig_RightArm-Matrix-animation-output-transform-array" count="38" stride="16">
            <param type="float4x4"/>
          </accessor>
        </technique_common>
      </source>
      <source id="mixamorig_RightArm-Interpolations">
        <Name_array id="mixamorig_RightArm-Interpolations-array" count="38">
 LINEAR LINEAR LINEAR LINEAR LINEAR LINEAR LINEAR LINEAR LINEAR LINEAR LINEAR
LINEAR LINEAR LINEAR LINEAR LINEAR LINEAR LINEAR LINEAR LINEAR LINEAR LINEAR LINEAR
LINEAR LINEAR LINEAR LINEAR LINEAR LINEAR LINEAR LINEAR LINEAR LINEAR LINEAR LINEAR
LINEAR LINEAR LINEAR</Name_array>
        <technique_common>
          <accessor source="#mixamorig_RightArm-Interpolations-array" count="38">
            <param type="name"/>
          </accessor>
        </technique_common>
      </source>
      <sampler id="mixamorig_RightArm-Matrix-animation-transform">
        <input semantic="INPUT" source="#mixamorig_RightArm-Matrix-animation-input"/>
        <input semantic="OUTPUT" source="#mixamorig_RightArm-Matrix-animation-output-transform"/>
        <input semantic="INTERPOLATION" source="#mixamorig_RightArm-Interpolations"/>
      </sampler>
      <channel source="#mixamorig_RightArm-Matrix-animation-transform" target="mixamorig_RightArm/matrix"/>
    </animation>
    <animation id="mixamorig_RightForeArm-anim" name="mixamorig_RightForeArm">
      <source id="mixamorig_RightForeArm-Matrix-animation-input">
        <float_array id="mixamorig_RightForeArm-Matrix-animation-input-array" count="38">

0.000000 0.033333 0.066667 0.100000 0.133333 0.166667 0.200000 0.233333 0.266667 0.300000 0.333333 0.366667 0.400000 0.433333 0.466667 0.500000
0.533333 0.566667 0.600000 0.633333 0.666667 0.700000 0.733333 0.766667 0.800000 0.833333 0.866667 0.900000 0.933333 0.966667 1.000000 1.033333
1.066667 1.100000 1.133333 1.166667 1.200000 1.233333</float_array>
        <technique_common>
          <accessor source="#mixamorig_RightForeArm-Matrix-animation-input-array" count="38">
            <param name="TIME" type="float"/>
          </accessor>
        </technique_common>
      </source>
      <source id="mixamorig_RightForeArm-Matrix-animation-output-transform">
        <float_array id="mixamorig_RightForeArm-Matrix-animation-output-transform-array" count="608">

-0.351261 0.936277 0.000000 0.000000 -0.936277 -0.351261 -0.000000 27.841499 -0.000000 -0.000000 1.000000 0.000000 0.000000 0.000000 0.000000 1.000000
-0.344332 0.938848 0.000000 0.000000 -0.938848 -0.344332 -0.000000 27.841499 0.000000 -0.000000 1.000000 -0.000000 0.000000 0.000000 0.000000 1.000000
-0.356761 0.934196 -0.000000 0.000000 -0.934196 -0.356761 -0.000000 27.841499 -0.000000 -0.000000 1.000000 0.000000 0.000000 0.000000 0.000000 1.000000
-0.357527 0.933903 -0.000000 0.000000 -0.933903 -0.357527 0.000000 27.841499 0.000000 0.000000 1.000000 0.000000 0.000000 0.000000 0.000000 1.000000
-0.313512 0.949584 0.000000 0.000000 -0.949584 -0.313512 -0.000000 27.841499 -0.000000 -0.000000 1.000000 -0.000000 0.000000 0.000000 0.000000 1.000000
-0.266268 0.963899 0.000000 0.000000 -0.963899 -0.266268 0.000000 27.841499 0.000000 -0.000000 1.000000 0.000000 0.000000 0.000000 0.000000 1.000000
-0.253539 0.967325 0.000000 0.000000 -0.967325 -0.253539 -0.000000 27.841499 -0.000000 -0.000000 1.000000 0.000000 0.000000 0.000000 0.000000 1.000000
-0.269901 0.962888 0.000000 -0.000000 -0.962888 -0.269901 0.000000 27.841499 0.000000 -0.000000 1.000000 0.000000 0.000000 0.000000 0.000000 1.000000
-0.289677 0.957125 0.000000 -0.000000 -0.957125 -0.289677 -0.000000 27.841499 -0.000000 -0.000000 1.000000 -0.000000 0.000000 0.000000 0.000000 1.000000
-0.296398 0.955065 -0.000000 0.000000 -0.955065 -0.296398 0.000000 27.841499 0.000000 0.000000 1.000000 0.000000 0.000000 0.000000 0.000000 1.000000
-0.291967 0.956428 0.000000 0.000000 -0.956428 -0.291967 0.000000 27.841499 0.000000 -0.000000 1.000000 0.000000 0.000000 0.000000 0.000000 1.000000
-0.286332 0.958130 0.000000 0.000000 -0.958130 -0.286332 -0.000000 27.841499 -0.000000 -0.000000 1.000000 0.000000 0.000000 0.000000 0.000000 1.000000
-0.284339 0.958724 0.000000 0.000000 -0.958724 -0.284339 0.000000 27.841499 0.000000 -0.000000 1.000000 -0.000000 0.000000 0.000000 0.000000 1.000000
-0.282801 0.959179 -0.000000 0.000000 -0.959179 -0.282801 0.000000 27.841499 0.000000 0.000000 1.000000 0.000000 0.000000 0.000000 0.000000 1.000000
-0.278465 0.960447 0.000000 -0.000000 -0.960447 -0.278465 -0.000000 27.841499 -0.000000 -0.000000 1.000000 0.000000 0.000000 0.000000 0.000000 1.000000
-0.273581 0.961849 0.000001 0.000000 -0.961849 -0.273581 -0.000000 27.841499 0.000000 -0.000001 1.000000 0.000000 0.000000 0.000000 0.000000 1.000000
-0.272725 0.962092 0.000000 0.000000 -0.962092 -0.272725 -0.000000 27.841499 -0.000000 -0.000000 1.000000 0.000000 0.000000 0.000000 0.000000 1.000000
-0.278088 0.960556 0.000000 0.000000 -0.960556 -0.278088 0.000000 27.841499 0.000000 -0.000000 1.000000 0.000000 0.000000 0.000000 0.000000 1.000000
-0.288151 0.957585 0.000000 0.000000 -0.957585 -0.288151 -0.000000 27.841499 -0.000000 -0.000000 1.000000 0.000000 0.000000 0.000000 0.000000 1.000000
-0.299013 0.954249 0.000000 0.000000 -0.954249 -0.299013 -0.000000 27.841499 -0.000000 -0.000001 1.000000 -0.000000 0.000000 0.000000 0.000000 1.000000
-0.306953 0.951725 0.000001 -0.000000 -0.951725 -0.306953 0.000000 27.841499 0.000000 -0.000000 1.000000 0.000000 0.000000 0.000000 0.000000 1.000000
-0.310597 0.950542 -0.000000 0.000000 -0.950542 -0.310597 0.000000 27.841499 0.000000 0.000000 1.000000 0.000000 0.000000 0.000000 0.000000 1.000000
-0.312196 0.950018 0.000000 0.000000 -0.950018 -0.312196 0.000000 27.841499 0.000000 -0.000000 1.000000 0.000000 0.000000 0.000000 0.000000 1.000000
-0.315957 0.948773 0.000000 0.000000 -0.948773 -0.315957 0.000000 27.841499 0.000000 -0.000000 1.000000 0.000000 0.000000 0.000000 0.000000 1.000000
-0.322917 0.946427 0.000000 0.000000 -0.946427 -0.322917 -0.000000 27.841499 -0.000000 -0.000000 1.000000 -0.000000 0.000000 0.000000 0.000000 1.000000
-0.330053 0.943962 0.000000 0.000000 -0.943962 -0.330053 -0.000000 27.841499 -0.000000 -0.000000 1.000000 0.000000 0.000000 0.000000 0.000000 1.000000
-0.335131 0.942171 -0.000000 0.000000 -0.942171 -0.335131 -0.000000 27.841499 -0.000000 0.000000 1.000000 0.000000 0.000000 0.000000 0.000000 1.000000
-0.338434 0.940990 0.000000 -0.000000 -0.940990 -0.338434 0.000000 27.841499 0.000000 -0.000000 1.000000 0.000000 0.000000 0.000000 0.000000 1.000000
-0.341134 0.940015 0.000000 -0.000000 -0.940015 -0.341134 0.000000 27.841499 0.000000 -0.000000 1.000000 -0.000000 0.000000 0.000000 0.000000 1.000000
-0.343514 0.939147 -0.000000 -0.000000 -0.939147 -0.343514 -0.000000 27.841499 -0.000000 0.000000 1.000000 0.000000 0.000000 0.000000 0.000000 1.000000
-0.345527 0.938409 0.000000 0.000000 -0.938409 -0.345527 -0.000000 27.841499 -0.000000 -0.000000 1.000000 -0.000000 0.000000 0.000000 0.000000 1.000000
-0.347248 0.937773 -0.000000 0.000000 -0.937773 -0.347248 0.000000 27.841499 0.000000 0.000000 1.000000 0.000000 0.000000 0.000000 0.000000 1.000000
-0.348691 0.937238 0.000000 0.000000 -0.937238 -0.348691 -0.000000 27.841499 -0.000000 -0.000001 1.000000 0.000000 0.000000 0.000000 0.000000 1.000000
-0.349926 0.936777 0.000000 0.000000 -0.936777 -0.349926 -0.000000 27.841499 -0.000000 -0.000000 1.000000 0.000000 0.000000 0.000000 0.000000 1.000000
-0.350997 0.936377 0.000000 0.000000 -0.936377 -0.350997 0.000000 27.841499 0.000000 0.000000 1.000000 0.000000 0.000000 0.000000 0.000000 1.000000
-0.351390 0.936229 0.000000 0.000000 -0.936229 -0.351390 0.000000 27.841499 0.000000 -0.000000 1.000000 -0.000000 0.000000 0.000000 0.000000 1.000000
-0.351390 0.936229 0.000000 0.000000 -0.936229 -0.351390 -0.000000 27.841499 0.000000 -0.000000 1.000000 0.000000 0.000000 0.000000 0.000000 1.000000
-0.351389 0.936229 0.000000 0.000000 -0.936229 -0.351389 -0.000000 27.841499 -0.000000 -0.000000 1.000000 0.000000 0.000000 0.000000 0.000000 1.000000</float_array>
        <technique_common>
          <accessor source="#mixamorig_RightForeArm-Matrix-animation-output-transform-array" count="38" stride="16">
            <param type="float4x4"/>
          </accessor>
        </technique_common>
      </source>
      <source id="mixamorig_RightForeArm-Interpolations">
        <Name_array id="mixamorig_RightForeArm-Interpolations-array" count="38">
 LINEAR LINEAR LINEAR LINEAR LINEAR LINEAR LINEAR LINEAR LINEAR LINEAR LINEAR
LINEAR LINEAR LINEAR LINEAR LINEAR LINEAR LINEAR LINEAR LINEAR LINEAR LINEAR LINEAR
LINEAR LINEAR LINEAR LINEAR LINEAR LINEAR LINEAR LINEAR LINEAR LINEAR LINEAR LINEAR
LINEAR LINEAR LINEAR</Name_array>
        <technique_common>
          <accessor source="#mixamorig_RightForeArm-Interpolations-array" count="38">
            <param type="name"/>
          </accessor>
        </technique_common>
      </source>
      <sampler id="mixamorig_RightForeArm-Matrix-animation-transform">
        <input semantic="INPUT" source="#mixamorig_RightForeArm-Matrix-animation-input"/>
        <input semantic="OUTPUT" source="#mixamorig_RightForeArm-Matrix-animation-output-transform"/>
        <input semantic="INTERPOLATION" source="#mixamorig_RightForeArm-Interpolations"/>
      </sampler>
      <channel source="#mixamorig_RightForeArm-Matrix-animation-transform" target="mixamorig_RightForeArm/matrix"/>
    </animation>
    <animation id="mixamorig_RightHand-anim" name="mixamorig_RightHand">
      <source id="mixamorig_RightHand-Matrix-animation-input">
        <float_array id="mixamorig_RightHand-Matrix-animation-input-array" count="38">

0.000000 0.033333 0.066667 0.100000 0.133333 0.166667 0.200000 0.233333 0.266667 0.300000 0.333333 0.366667 0.400000 0.433333 0.466667 0.500000
0.533333 0.566667 0.600000 0.633333 0.666667 0.700000 0.733333 0.766667 0.800000 0.833333 0.866667 0.900000 0.933333 0.966667 1.000000 1.033333
1.066667 1.100000 1.133333 1.166667 1.200000 1.233333</float_array>
        <technique_common>
          <accessor source="#mixamorig_RightHand-Matrix-animation-input-array" count="38">
            <param name="TIME" type="float"/>
          </accessor>
        </technique_common>
      </source>
      <source id="mixamorig_RightHand-Matrix-animation-output-transform">
        <float_array id="mixamorig_RightHand-Matrix-animation-output-transform-array" count="608">

0.859992 0.358156 0.363508 0.000000 -0.276357 0.925703 -0.258264 28.328800 -0.429000 0.121647 0.895076 0.000000 0.000000 0.000000 0.000000 1.000000
0.852440 0.362356 0.376887 0.000000 -0.277712 0.924584 -0.260809 28.328800 -0.442969 0.117658 0.888783 0.000000 0.000000 0.000000 0.000000 1.000000
0.847027 0.362474 0.388790 0.000000 -0.281079 0.926232 -0.251173 28.328800 -0.451154 0.103470 0.886428 0.000000 0.000000 0.000000 0.000000 1.000000
0.860505 0.339794 0.379568 0.000000 -0.259848 0.933608 -0.246687 28.328800 -0.438191 0.113646 0.891669 0.000000 0.000000 0.000000 0.000000 1.000000
0.884461 0.308492 0.350089 -0.000000 -0.225692 0.939501 -0.257684 28.328800 -0.408403 0.148899 0.900576 0.000000 0.000000 0.000000 0.000000 1.000000
0.903793 0.285020 0.319251 -0.000000 -0.203171 0.942294 -0.266088 28.328800 -0.376669 0.175626 0.909547 0.000000 0.000000 0.000000 0.000000 1.000000
0.914445 0.271412 0.300210 0.000000 -0.190037 0.942888 -0.273585 28.328800 -0.357319 0.193127 0.913797 0.000000 0.000000 0.000000 0.000000 1.000000
0.918238 0.265935 0.293459 -0.000000 -0.181247 0.941038 -0.285653 28.328800 -0.352121 0.209109 0.912296 0.000000 0.000000 0.000000 0.000000 1.000000
0.919356 0.263283 0.292348 -0.000000 -0.173082 0.937971 -0.300423 28.328800 -0.353310 0.225595 0.907898 0.000000 0.000000 0.000000 0.000000 1.000000
0.915060 0.267184 0.302123 -0.000000 -0.167213 0.933004 -0.318658 28.328800 -0.367022 0.241072 0.898431 0.000000 0.000000 0.000000 0.000000 1.000000
0.903914 0.282395 0.321237 0.000000 -0.169249 0.925909 -0.337710 28.328800 -0.392803 0.250891 0.884737 0.000000 0.000000 0.000000 0.000000 1.000000
0.891881 0.302284 0.336413 -0.000000 -0.179120 0.919093 -0.350976 28.328800 -0.415289 0.252770 0.873866 0.000000 0.000000 0.000000 0.000000 1.000000
0.879878 0.318532 0.352636 -0.000000 -0.188110 0.914934 -0.357087 28.328800 -0.436382 0.247859 0.864949 -0.000000 0.000000 0.000000 0.000000 1.000000
0.864485 0.329168 0.379888 -0.000000 -0.191565 0.914468 -0.356442 28.328800 -0.464724 0.235365 0.853601 0.000000 0.000000 0.000000 0.000000 1.000000
0.852760 0.333648 0.401845 0.000000 -0.193665 0.916514 -0.349995 28.328800 -0.485072 0.220639 0.846182 0.000000 0.000000 0.000000 0.000000 1.000000
0.852934 0.333479 0.401616 0.000000 -0.195137 0.917259 -0.347214 28.328800 -0.484175 0.217780 0.847435 0.000000 0.000000 0.000000 0.000000 1.000000
0.857770 0.333927 0.390799 0.000000 -0.194958 0.914796 -0.353752 28.328800 -0.475628 0.227249 0.849786 0.000000 0.000000 0.000000 0.000000 1.000000
0.858795 0.336766 0.386082 0.000000 -0.195855 0.912166 -0.359993 28.328800 -0.473404 0.233544 0.849321 0.000000 0.000000 0.000000 0.000000 1.000000
0.858041 0.338762 0.386013 -0.000000 -0.198160 0.911784 -0.359699 28.328800 -0.473813 0.232144 0.849477 0.000000 0.000000 0.000000 0.000000 1.000000
0.858986 0.338626 0.384024 0.000000 -0.199907 0.912334 -0.357329 28.328800 -0.471359 0.230171 0.851376 0.000000 0.000000 0.000000 0.000000 1.000000
0.861856 0.337741 0.378333 -0.000000 -0.203626 0.913670 -0.351772 28.328800 -0.464479 0.226138 0.856225 -0.000000 0.000000 0.000000 0.000000 1.000000
0.866435 0.337735 0.367730 -0.000000 -0.214846 0.917026 -0.336013 28.328800 -0.450702 0.212128 0.867104 -0.000000 0.000000 0.000000 0.000000 1.000000
0.870472 0.341316 0.354658 0.000000 -0.234413 0.921034 -0.311043 28.328800 -0.432816 0.187618 0.881743 0.000000 0.000000 0.000000 0.000000 1.000000
0.870133 0.349757 0.347186 0.000000 -0.256967 0.923145 -0.285957 28.328800 -0.420519 0.159606 0.893135 0.000000 0.000000 0.000000 0.000000 1.000000
0.865348 0.359646 0.349038 -0.000000 -0.275452 0.923124 -0.268267 28.328800 -0.418687 0.136001 0.897889 0.000000 0.000000 0.000000 0.000000 1.000000
0.860119 0.366109 0.355189 -0.000000 -0.285269 0.922494 -0.260052 28.328800 -0.422867 0.122351 0.897894 0.000000 0.000000 0.000000 0.000000 1.000000
0.857555 0.367666 0.359752 -0.000000 -0.287071 0.922402 -0.258390 28.328800 -0.426837 0.118309 0.896556 0.000000 0.000000 0.000000 0.000000 1.000000
0.857023 0.366952 0.361743 -0.000000 -0.286044 0.922735 -0.258339 28.328800 -0.428591 0.117928 0.895769 0.000000 0.000000 0.000000 0.000000 1.000000
0.856961 0.365996 0.362855 -0.000000 -0.284925 0.923120 -0.258200 28.328800 -0.429459 0.117881 0.895360 -0.000000 0.000000 0.000000 0.000000 1.000000
0.857187 0.364806 0.363520 -0.000000 -0.283601 0.923559 -0.258088 28.328800 -0.429885 0.118135 0.895122 -0.000000 0.000000 0.000000 0.000000 1.000000
0.857695 0.363449 0.363681 0.000000 -0.282133 0.924018 -0.258053 28.328800 -0.429837 0.118725 0.895067 0.000000 0.000000 0.000000 0.000000 1.000000
0.858277 0.362054 0.363699 0.000000 -0.280619 0.924474 -0.258072 28.328800 -0.429666 0.119436 0.895054 0.000000 0.000000 0.000000 0.000000 1.000000
0.858912 0.360721 0.363525 0.000000 -0.279193 0.924897 -0.258103 28.328800 -0.429327 0.120194 0.895116 0.000000 0.000000 0.000000 0.000000 1.000000
0.859461 0.359525 0.363411 0.000000 -0.277896 0.925272 -0.258158 28.328800 -0.429069 0.120886 0.895146 0.000000 0.000000 0.000000 0.000000 1.000000
0.859819 0.358581 0.363498 0.000000 -0.276838 0.925572 -0.258218 28.328800 -0.429036 0.121390 0.895094 0.000000 0.000000 0.000000 0.000000 1.000000
0.859951 0.358233 0.363530 0.000000 -0.276492 0.925695 -0.258150 28.328800 -0.428996 0.121484 0.895100 0.000000 0.000000 0.000000 0.000000 1.000000
0.859950 0.358234 0.363530 0.000000 -0.276492 0.925694 -0.258151 28.328800 -0.428996 0.121484 0.895100 0.000000 0.000000 0.000000 0.000000 1.000000
0.859951 0.358234 0.363530 -0.000000 -0.276492 0.925694 -0.258151 28.328800 -0.428996 0.121484 0.895100 0.000000 0.000000 0.000000 0.000000 1.000000</float_array>
        <technique_common>
          <accessor source="#mixamorig_RightHand-Matrix-animation-output-transform-array" count="38" stride="16">
            <param type="float4x4"/>
          </accessor>
        </technique_common>
      </source>
      <source id="mixamorig_RightHand-Interpolations">
        <Name_array id="mixamorig_RightHand-Interpolations-array" count="38">
 LINEAR LINEAR LINEAR LINEAR LINEAR LINEAR LINEAR LINEAR LINEAR LINEAR LINEAR
LINEAR LINEAR LINEAR LINEAR LINEAR LINEAR LINEAR LINEAR LINEAR LINEAR LINEAR LINEAR
LINEAR LINEAR LINEAR LINEAR LINEAR LINEAR LINEAR LINEAR LINEAR LINEAR LINEAR LINEAR
LINEAR LINEAR LINEAR</Name_array>
        <technique_common>
          <accessor source="#mixamorig_RightHand-Interpolations-array" count="38">
            <param type="name"/>
          </accessor>
        </technique_common>
      </source>
      <sampler id="mixamorig_RightHand-Matrix-animation-transform">
        <input semantic="INPUT" source="#mixamorig_RightHand-Matrix-animation-input"/>
        <input semantic="OUTPUT" source="#mixamorig_RightHand-Matrix-animation-output-transform"/>
        <input semantic="INTERPOLATION" source="#mixamorig_RightHand-Interpolations"/>
      </sampler>
      <channel source="#mixamorig_RightHand-Matrix-animation-transform" target="mixamorig_RightHand/matrix"/>
    </animation>
    <animation id="mixamorig_RightHandThumb1-anim" name="mixamorig_RightHandThumb1">
      <source id="mixamorig_RightHandThumb1-Matrix-animation-input">
        <float_array id="mixamorig_RightHandThumb1-Matrix-animation-input-array" count="38">

0.000000 0.033333 0.066667 0.100000 0.133333 0.166667 0.200000 0.233333 0.266667 0.300000 0.333333 0.366667 0.400000 0.433333 0.466667 0.500000
0.533333 0.566667 0.600000 0.633333 0.666667 0.700000 0.733333 0.766667 0.800000 0.833333 0.866667 0.900000 0.933333 0.966667 1.000000 1.033333
1.066667 1.100000 1.133333 1.166667 1.200000 1.233333</float_array>
        <technique_common>
          <accessor source="#mixamorig_RightHandThumb1-Matrix-animation-input-array" count="38">
            <param name="TIME" type="float"/>
          </accessor>
        </technique_common>
      </source>
      <source id="mixamorig_RightHandThumb1-Matrix-animation-output-transform">
        <float_array id="mixamorig_RightHandThumb1-Matrix-animation-output-transform-array" count="608">

0.898982 0.410610 0.152417 2.681900 -0.379694 0.904088 -0.196105 2.464800 -0.218321 0.118423 0.968665 1.574000 0.000000 0.000000 0.000000 1.000000
0.900543 0.407658 0.151121 2.681900 -0.376520 0.905059 -0.197739 2.464800 -0.217383 0.121172 0.968536 1.574000 0.000000 0.000000 0.000000 1.000000
0.902171 0.404620 0.149566 2.681900 -0.373298 0.906033 -0.199380 2.464800 -0.216185 0.124042 0.968441 1.574000 0.000000 0.000000 0.000000 1.000000
0.904022 0.401120 0.147805 2.681900 -0.369557 0.907111 -0.201438 2.464800 -0.214876 0.127482 0.968285 1.574000 0.000000 0.000000 0.000000 1.000000
0.904721 0.399798 0.147109 2.681900 -0.368127 0.907496 -0.202318 2.464800 -0.214387 0.128887 0.968208 1.574000 0.000000 0.000000 0.000000 1.000000
0.904660 0.399943 0.147091 2.681900 -0.368261 0.907429 -0.202378 2.464800 -0.214414 0.128916 0.968198 1.574000 0.000000 0.000000 0.000000 1.000000
0.904520 0.400222 0.147191 2.681900 -0.368539 0.907327 -0.202327 2.464800 -0.214526 0.128763 0.968194 1.574000 0.000000 0.000000 0.000000 1.000000
0.904239 0.400779 0.147403 2.681900 -0.369102 0.907131 -0.202180 2.464800 -0.214743 0.128412 0.968192 1.574000 0.000000 0.000000 0.000000 1.000000
0.903783 0.401675 0.147764 2.681900 -0.370029 0.906829 -0.201838 2.464800 -0.215069 0.127741 0.968208 1.574000 0.000000 0.000000 0.000000 1.000000
0.903193 0.402818 0.148257 2.681900 -0.371216 0.906449 -0.201367 2.464800 -0.215501 0.126838 0.968231 1.574000 0.000000 0.000000 0.000000 1.000000
0.902495 0.404158 0.148860 2.681900 -0.372611 0.906005 -0.200790 2.464800 -0.216019 0.125745 0.968258 1.574000 0.000000 0.000000 0.000000 1.000000
0.901704 0.405668 0.149546 2.681900 -0.374190 0.905504 -0.200114 2.464800 -0.216594 0.124485 0.968293 1.574000 0.000000 0.000000 0.000000 1.000000
0.900840 0.407307 0.150297 2.681900 -0.375909 0.904959 -0.199356 2.464800 -0.217211 0.123089 0.968333 1.574000 0.000000 0.000000 0.000000 1.000000
0.899925 0.409031 0.151091 2.681900 -0.377724 0.904383 -0.198537 2.464800 -0.217852 0.121597 0.968377 1.574000 0.000000 0.000000 0.000000 1.000000
0.898980 0.410801 0.151913 2.681900 -0.379594 0.903788 -0.197675 2.464800 -0.218502 0.120040 0.968425 1.574000 0.000000 0.000000 0.000000 1.000000
0.898025 0.412579 0.152738 2.681900 -0.381480 0.903187 -0.196788 2.464800 -0.219142 0.118454 0.968476 1.574000 0.000000 0.000000 0.000000 1.000000
0.897081 0.414324 0.153561 2.681900 -0.383336 0.902594 -0.195901 2.464800 -0.219769 0.116873 0.968526 1.574000 0.000000 0.000000 0.000000 1.000000
0.896179 0.415999 0.154300 2.681900 -0.385136 0.902022 -0.195006 2.464800 -0.220304 0.115334 0.968589 1.574000 0.000000 0.000000 0.000000 1.000000
0.895329 0.417564 0.155003 2.681900 -0.386822 0.901484 -0.194151 2.464800 -0.220804 0.113871 0.968648 1.574000 0.000000 0.000000 0.000000 1.000000
0.894554 0.418981 0.155652 2.681900 -0.388354 0.900996 -0.193358 2.464800 -0.221256 0.112521 0.968703 1.574000 0.000000 0.000000 0.000000 1.000000
0.893876 0.420213 0.156230 2.681900 -0.389690 0.900571 -0.192647 2.464800 -0.221649 0.111321 0.968751 1.574000 0.000000 0.000000 0.000000 1.000000
0.893315 0.421221 0.156717 2.681900 -0.390790 0.900225 -0.192037 2.464800 -0.221971 0.110306 0.968794 1.574000 0.000000 0.000000 0.000000 1.000000
0.892897 0.421968 0.157094 2.681900 -0.391611 0.899972 -0.191550 2.464800 -0.222208 0.109515 0.968829 1.574000 0.000000 0.000000 0.000000 1.000000
0.892641 0.422415 0.157343 2.681900 -0.392112 0.899827 -0.191207 2.464800 -0.222350 0.108983 0.968857 1.574000 0.000000 0.000000 0.000000 1.000000
0.892595 0.422487 0.157414 2.681900 -0.392209 0.899814 -0.191066 2.464800 -0.222367 0.108806 0.968873 1.574000 0.000000 0.000000 0.000000 1.000000
0.892705 0.422268 0.157377 2.681900 -0.391996 0.899911 -0.191049 2.464800 -0.222299 0.108859 0.968882 1.574000 0.000000 0.000000 0.000000 1.000000
0.893083 0.421562 0.157126 2.681900 -0.391264 0.900184 -0.191261 2.464800 -0.222071 0.109334 0.968881 1.574000 0.000000 0.000000 0.000000 1.000000
0.893682 0.420457 0.156681 2.681900 -0.390097 0.900594 -0.191718 2.464800 -0.221715 0.110214 0.968863 1.574000 0.000000 0.000000 0.000000 1.000000
0.894382 0.419163 0.156150 2.681900 -0.388725 0.901066 -0.192283 2.464800 -0.221299 0.111276 0.968837 1.574000 0.000000 0.000000 0.000000 1.000000
0.895131 0.417775 0.155579 2.681900 -0.387252 0.901568 -0.192902 2.464800 -0.220854 0.112425 0.968805 1.574000 0.000000 0.000000 0.000000 1.000000
0.895902 0.416339 0.154987 2.681900 -0.385727 0.902082 -0.193553 2.464800 -0.220394 0.113623 0.968770 1.574000 0.000000 0.000000 0.000000 1.000000
0.896662 0.414918 0.154401 2.681900 -0.384217 0.902586 -0.194205 2.464800 -0.219940 0.114813 0.968734 1.574000 0.000000 0.000000 0.000000 1.000000
0.897374 0.413581 0.153853 2.681900 -0.382798 0.903056 -0.194821 2.464800 -0.219512 0.115933 0.968697 1.574000 0.000000 0.000000 0.000000 1.000000
0.898014 0.412373 0.153359 2.681900 -0.381515 0.903478 -0.195381 2.464800 -0.219126 0.116946 0.968663 1.574000 0.000000 0.000000 0.000000 1.000000
0.898550 0.411358 0.152947 2.681900 -0.380439 0.903830 -0.195849 2.464800 -0.218802 0.117793 0.968633 1.574000 0.000000 0.000000 0.000000 1.000000
0.898834 0.410819 0.152728 2.681900 -0.379867 0.904017 -0.196099 2.464800 -0.218630 0.118244 0.968617 1.574000 0.000000 0.000000 0.000000 1.000000
0.898834 0.410819 0.152728 2.681900 -0.379867 0.904017 -0.196099 2.464800 -0.218630 0.118244 0.968617 1.574000 0.000000 0.000000 0.000000 1.000000
0.898834 0.410819 0.152728 2.681900 -0.379867 0.904017 -0.196099 2.464800 -0.218630 0.118244 0.968617 1.574000 0.000000 0.000000 0.000000 1.000000</float_array>
        <technique_common>
          <accessor source="#mixamorig_RightHandThumb1-Matrix-animation-output-transform-array" count="38" stride="16">
            <param type="float4x4"/>
          </accessor>
        </technique_common>
      </source>
      <source id="mixamorig_RightHandThumb1-Interpolations">
        <Name_array id="mixamorig_RightHandThumb1-Interpolations-array" count="38">
 LINEAR LINEAR LINEAR LINEAR LINEAR LINEAR LINEAR LINEAR LINEAR LINEAR LINEAR
LINEAR LINEAR LINEAR LINEAR LINEAR LINEAR LINEAR LINEAR LINEAR LINEAR LINEAR LINEAR
LINEAR LINEAR LINEAR LINEAR LINEAR LINEAR LINEAR LINEAR LINEAR LINEAR LINEAR LINEAR
LINEAR LINEAR LINEAR</Name_array>
        <technique_common>
          <accessor source="#mixamorig_RightHandThumb1-Interpolations-array" count="38">
            <param type="name"/>
          </accessor>
        </technique_common>
      </source>
      <sampler id="mixamorig_RightHandThumb1-Matrix-animation-transform">
        <input semantic="INPUT" source="#mixamorig_RightHandThumb1-Matrix-animation-input"/>
        <input semantic="OUTPUT" source="#mixamorig_RightHandThumb1-Matrix-animation-output-transform"/>
        <input semantic="INTERPOLATION" source="#mixamorig_RightHandThumb1-Interpolations"/>
      </sampler>
      <channel source="#mixamorig_RightHandThumb1-Matrix-animation-transform" target="mixamorig_RightHandThumb1/matrix"/>
    </animation>
    <animation id="mixamorig_RightHandThumb2-anim" name="mixamorig_RightHandThumb2">
      <source id="mixamorig_RightHandThumb2-Matrix-animation-input">
        <float_array id="mixamorig_RightHandThumb2-Matrix-animation-input-array" count="38">

0.000000 0.033333 0.066667 0.100000 0.133333 0.166667 0.200000 0.233333 0.266667 0.300000 0.333333 0.366667 0.400000 0.433333 0.466667 0.500000
0.533333 0.566667 0.600000 0.633333 0.666667 0.700000 0.733333 0.766667 0.800000 0.833333 0.866667 0.900000 0.933333 0.966667 1.000000 1.033333
1.066667 1.100000 1.133333 1.166667 1.200000 1.233333</float_array>
        <technique_common>
          <accessor source="#mixamorig_RightHandThumb2-Matrix-animation-input-array" count="38">
            <param name="TIME" type="float"/>
          </accessor>
        </technique_common>
      </source>
      <source id="mixamorig_RightHandThumb2-Matrix-animation-output-transform">
        <float_array id="mixamorig_RightHandThumb2-Matrix-animation-output-transform-array" count="608">

0.690547 -0.672732 0.265661 0.000000 0.711544 0.697770 -0.082594 4.189000 -0.129807 0.246065 0.960522 0.000000 0.000000 0.000000 0.000000 1.000000
0.690748 -0.672843 0.264857 0.000000 0.711330 0.698091 -0.081719 4.189000 -0.129911 0.244848 0.960819 0.000000 0.000000 0.000000 0.000000 1.000000
0.690956 -0.672953 0.264034 0.000000 0.711102 0.698433 -0.080778 4.189000 -0.130050 0.243569 0.961125 -0.000000 0.000000 0.000000 0.000000 1.000000
0.691180 -0.673034 0.263240 0.000000 0.710812 0.698872 -0.079523 4.189000 -0.130450 0.242079 0.961447 0.000000 0.000000 0.000000 0.000000 1.000000
0.691261 -0.673079 0.262913 -0.000000 0.710711 0.699028 -0.079061 4.189000 -0.130569 0.241506 0.961575 0.000000 0.000000 0.000000 0.000000 1.000000
0.691251 -0.673090 0.262909 0.000000 0.710720 0.699019 -0.079052 4.189000 -0.130570 0.241499 0.961577 0.000000 0.000000 0.000000 0.000000 1.000000
0.691226 -0.673099 0.262952 -0.000000 0.710754 0.698974 -0.079149 4.189000 -0.130522 0.241604 0.961557 0.000000 0.000000 0.000000 0.000000 1.000000
0.691190 -0.673100 0.263045 -0.000000 0.710801 0.698906 -0.079320 4.189000 -0.130453 0.241798 0.961517 -0.000000 0.000000 0.000000 0.000000 1.000000
0.691137 -0.673084 0.263224 0.000000 0.710869 0.698805 -0.079601 4.189000 -0.130364 0.242133 0.961445 -0.000000 0.000000 0.000000 0.000000 1.000000
0.691078 -0.673053 0.263459 0.000000 0.710947 0.698684 -0.079966 4.189000 -0.130253 0.242568 0.961350 0.000000 0.000000 0.000000 0.000000 1.000000
0.691019 -0.673010 0.263722 -0.000000 0.711033 0.698544 -0.080425 4.189000 -0.130095 0.243090 0.961240 0.000000 0.000000 0.000000 0.000000 1.000000
0.690991 -0.672922 0.264023 0.000000 0.711093 0.698420 -0.080966 4.189000 -0.129915 0.243691 0.961112 0.000000 0.000000 0.000000 0.000000 1.000000
0.690968 -0.672816 0.264353 0.000000 0.711151 0.698292 -0.081563 4.189000 -0.129719 0.244352 0.960971 -0.000000 0.000000 0.000000 0.000000 1.000000
0.690943 -0.672703 0.264702 0.000000 0.711213 0.698155 -0.082194 4.189000 -0.129511 0.245051 0.960821 0.000000 0.000000 0.000000 0.000000 1.000000
0.690919 -0.672585 0.265067 0.000000 0.711275 0.698014 -0.082846 4.189000 -0.129299 0.245776 0.960664 0.000000 0.000000 0.000000 0.000000 1.000000
0.690895 -0.672464 0.265436 0.000000 0.711337 0.697873 -0.083504 4.189000 -0.129087 0.246507 0.960506 0.000000 0.000000 0.000000 0.000000 1.000000
0.690872 -0.672343 0.265802 0.000000 0.711397 0.697734 -0.084153 4.189000 -0.128879 0.247230 0.960348 -0.000000 0.000000 0.000000 0.000000 1.000000
0.690851 -0.672224 0.266156 0.000000 0.711453 0.697600 -0.084780 4.189000 -0.128679 0.247928 0.960194 -0.000000 0.000000 0.000000 0.000000 1.000000
0.690836 -0.672110 0.266485 0.000000 0.711504 0.697476 -0.085377 4.189000 -0.128484 0.248586 0.960050 0.000000 0.000000 0.000000 0.000000 1.000000
0.690814 -0.672005 0.266807 0.000000 0.711552 0.697363 -0.085901 4.189000 -0.128335 0.249188 0.959914 0.000000 0.000000 0.000000 0.000000 1.000000
0.690763 -0.671939 0.267105 0.000000 0.711621 0.697240 -0.086329 4.189000 -0.128229 0.249710 0.959793 -0.000000 0.000000 0.000000 0.000000 1.000000
0.690713 -0.671888 0.267362 -0.000000 0.711682 0.697135 -0.086670 4.189000 -0.128155 0.250141 0.959690 -0.000000 0.000000 0.000000 0.000000 1.000000
0.690671 -0.671854 0.267557 -0.000000 0.711733 0.697051 -0.086924 4.189000 -0.128101 0.250465 0.959613 -0.000000 0.000000 0.000000 0.000000 1.000000
0.690641 -0.671837 0.267674 -0.000000 0.711768 0.696997 -0.087076 4.189000 -0.128067 0.250660 0.959567 0.000000 0.000000 0.000000 0.000000 1.000000
0.690629 -0.671837 0.267706 0.000000 0.711782 0.696976 -0.087122 4.189000 -0.128053 0.250717 0.959554 0.000000 0.000000 0.000000 0.000000 1.000000
0.690630 -0.671849 0.267674 0.000000 0.711780 0.696983 -0.087085 4.189000 -0.128056 0.250668 0.959566 0.000000 0.000000 0.000000 0.000000 1.000000
0.690664 -0.671878 0.267512 0.000000 0.711743 0.697044 -0.086898 4.189000 -0.128083 0.250417 0.959628 0.000000 0.000000 0.000000 0.000000 1.000000
0.690721 -0.671913 0.267277 0.000000 0.711671 0.697159 -0.086562 4.189000 -0.128173 0.250003 0.959724 0.000000 0.000000 0.000000 0.000000 1.000000
0.690793 -0.671943 0.267017 0.000000 0.711577 0.697308 -0.086139 4.189000 -0.128313 0.249508 0.959834 0.000000 0.000000 0.000000 0.000000 1.000000
0.690872 -0.671971 0.266741 0.000000 0.711471 0.697473 -0.085681 4.189000 -0.128470 0.248973 0.959952 0.000000 0.000000 0.000000 0.000000 1.000000
0.690954 -0.672000 0.266456 0.000000 0.711362 0.697643 -0.085202 4.189000 -0.128635 0.248418 0.960074 0.000000 0.000000 0.000000 0.000000 1.000000
0.691045 -0.672051 0.266090 -0.000000 0.711265 0.697790 -0.084803 4.189000 -0.128683 0.247864 0.960211 0.000000 0.000000 0.000000 0.000000 1.000000
0.691131 -0.672099 0.265745 -0.000000 0.711173 0.697929 -0.084427 4.189000 -0.128728 0.247340 0.960339 0.000000 0.000000 0.000000 0.000000 1.000000
0.691208 -0.672143 0.265435 0.000000 0.711091 0.698053 -0.084090 4.189000 -0.128767 0.246872 0.960455 0.000000 0.000000 0.000000 0.000000 1.000000
0.691272 -0.672179 0.265179 -0.000000 0.711023 0.698156 -0.083811 4.189000 -0.128800 0.246484 0.960550 0.000000 0.000000 0.000000 0.000000 1.000000
0.691284 -0.672185 0.265132 0.000000 0.711010 0.698175 -0.083760 4.189000 -0.128806 0.246413 0.960567 -0.000000 0.000000 0.000000 0.000000 1.000000
0.691283 -0.672185 0.265132 0.000000 0.711011 0.698175 -0.083759 4.189000 -0.128807 0.246413 0.960567 0.000000 0.000000 0.000000 0.000000 1.000000
0.691283 -0.672185 0.265132 -0.000000 0.711011 0.698175 -0.083760 4.189000 -0.128807 0.246413 0.960567 0.000000 0.000000 0.000000 0.000000 1.000000</float_array>
        <technique_common>
          <accessor source="#mixamorig_RightHandThumb2-Matrix-animation-output-transform-array" count="38" stride="16">
            <param type="float4x4"/>
          </accessor>
        </technique_common>
      </source>
      <source id="mixamorig_RightHandThumb2-Interpolations">
        <Name_array id="mixamorig_RightHandThumb2-Interpolations-array" count="38">
 LINEAR LINEAR LINEAR LINEAR LINEAR LINEAR LINEAR LINEAR LINEAR LINEAR LINEAR
LINEAR LINEAR LINEAR LINEAR LINEAR LINEAR LINEAR LINEAR LINEAR LINEAR LINEAR LINEAR
LINEAR LINEAR LINEAR LINEAR LINEAR LINEAR LINEAR LINEAR LINEAR LINEAR LINEAR LINEAR
LINEAR LINEAR LINEAR</Name_array>
        <technique_common>
          <accessor source="#mixamorig_RightHandThumb2-Interpolations-array" count="38">
            <param type="name"/>
          </accessor>
        </technique_common>
      </source>
      <sampler id="mixamorig_RightHandThumb2-Matrix-animation-transform">
        <input semantic="INPUT" source="#mixamorig_RightHandThumb2-Matrix-animation-input"/>
        <input semantic="OUTPUT" source="#mixamorig_RightHandThumb2-Matrix-animation-output-transform"/>
        <input semantic="INTERPOLATION" source="#mixamorig_RightHandThumb2-Interpolations"/>
      </sampler>
      <channel source="#mixamorig_RightHandThumb2-Matrix-animation-transform" target="mixamorig_RightHandThumb2/matrix"/>
    </animation>
    <animation id="mixamorig_RightHandThumb3-anim" name="mixamorig_RightHandThumb3">
      <source id="mixamorig_RightHandThumb3-Matrix-animation-input">
        <float_array id="mixamorig_RightHandThumb3-Matrix-animation-input-array" count="38">

0.000000 0.033333 0.066667 0.100000 0.133333 0.166667 0.200000 0.233333 0.266667 0.300000 0.333333 0.366667 0.400000 0.433333 0.466667 0.500000
0.533333 0.566667 0.600000 0.633333 0.666667 0.700000 0.733333 0.766667 0.800000 0.833333 0.866667 0.900000 0.933333 0.966667 1.000000 1.033333
1.066667 1.100000 1.133333 1.166667 1.200000 1.233333</float_array>
        <technique_common>
          <accessor source="#mixamorig_RightHandThumb3-Matrix-animation-input-array" count="38">
            <param name="TIME" type="float"/>
          </accessor>
        </technique_common>
      </source>
      <source id="mixamorig_RightHandThumb3-Matrix-animation-output-transform">
        <float_array id="mixamorig_RightHandThumb3-Matrix-animation-output-transform-array" count="608">

0.885154 -0.423209 -0.193381 0.000000 0.464553 0.827309 0.315834 3.416300 0.026322 -0.369397 0.928899 0.000000 0.000000 0.000000 0.000000 1.000000
0.885063 -0.423685 -0.192754 0.000000 0.464721 0.827804 0.314286 3.416300 0.026405 -0.367740 0.929554 0.000000 0.000000 0.000000 0.000000 1.000000
0.884969 -0.424174 -0.192108 0.000000 0.464895 0.828311 0.312688 3.416300 0.026491 -0.366029 0.930226 0.000000 0.000000 0.000000 0.000000 1.000000
0.884859 -0.424748 -0.191347 -0.000000 0.465099 0.828904 0.310808 3.416300 0.026593 -0.364016 0.931013 0.000000 0.000000 0.000000 0.000000 1.000000
0.884817 -0.424967 -0.191056 0.000000 0.465177 0.829129 0.310089 3.416300 0.026632 -0.363246 0.931312 0.000000 0.000000 0.000000 0.000000 1.000000
0.884817 -0.424966 -0.191057 -0.000000 0.465177 0.829128 0.310092 3.416300 0.026632 -0.363249 0.931311 0.000000 0.000000 0.000000 0.000000 1.000000
0.884824 -0.424929 -0.191106 0.000000 0.465163 0.829090 0.310213 3.416300 0.026625 -0.363379 0.931261 0.000000 0.000000 0.000000 0.000000 1.000000
0.884838 -0.424860 -0.191197 0.000000 0.465139 0.829019 0.310439 3.416300 0.026613 -0.363622 0.931166 -0.000000 0.000000 0.000000 0.000000 1.000000
0.884862 -0.424734 -0.191365 0.000000 0.465094 0.828890 0.310852 3.416300 0.026590 -0.364064 0.930994 -0.000000 0.000000 0.000000 0.000000 1.000000
0.884894 -0.424569 -0.191585 0.000000 0.465035 0.828719 0.311396 3.416300 0.026561 -0.364646 0.930767 -0.000000 0.000000 0.000000 0.000000 1.000000
0.884932 -0.424371 -0.191847 0.000000 0.464965 0.828515 0.312043 3.416300 0.026526 -0.365338 0.930497 0.000000 0.000000 0.000000 0.000000 1.000000
0.884976 -0.424143 -0.192145 0.000000 0.464882 0.828284 0.312779 3.416300 0.026487 -0.366127 0.930188 0.000000 0.000000 0.000000 0.000000 1.000000
0.885027 -0.423890 -0.192471 0.000000 0.464789 0.828032 0.313585 3.416300 0.026446 -0.366989 0.929849 0.000000 0.000000 0.000000 0.000000 1.000000
0.885080 -0.423622 -0.192816 -0.000000 0.464690 0.827763 0.314439 3.416300 0.026403 -0.367903 0.929489 0.000000 0.000000 0.000000 0.000000 1.000000
0.885135 -0.423344 -0.193174 -0.000000 0.464587 0.827484 0.315324 3.416300 0.026358 -0.368850 0.929115 0.000000 0.000000 0.000000 0.000000 1.000000
0.885191 -0.423061 -0.193536 -0.000000 0.464483 0.827201 0.316219 3.416300 0.026313 -0.369809 0.928735 0.000000 0.000000 0.000000 0.000000 1.000000
0.885246 -0.422782 -0.193894 0.000000 0.464381 0.826919 0.317105 3.416300 0.026268 -0.370757 0.928358 -0.000000 0.000000 0.000000 0.000000 1.000000
0.885300 -0.422511 -0.194240 0.000000 0.464281 0.826646 0.317962 3.416300 0.026225 -0.371673 0.927993 0.000000 0.000000 0.000000 0.000000 1.000000
0.885350 -0.422255 -0.194565 0.000000 0.464187 0.826388 0.318770 3.416300 0.026184 -0.372537 0.927648 0.000000 0.000000 0.000000 0.000000 1.000000
0.885397 -0.422020 -0.194863 -0.000000 0.464100 0.826151 0.319507 3.416300 0.026148 -0.373327 0.927331 0.000000 0.000000 0.000000 0.000000 1.000000
0.885438 -0.421813 -0.195124 -0.000000 0.464023 0.825944 0.320155 3.416300 0.026116 -0.374020 0.927053 0.000000 0.000000 0.000000 0.000000 1.000000
0.885473 -0.421640 -0.195341 -0.000000 0.463958 0.825772 0.320693 3.416300 0.026090 -0.374595 0.926821 0.000000 0.000000 0.000000 0.000000 1.000000
0.885499 -0.421510 -0.195501 0.000000 0.463909 0.825645 0.321089 3.416300 0.026072 -0.375018 0.926651 -0.000000 0.000000 0.000000 0.000000 1.000000
0.885515 -0.421437 -0.195587 0.000000 0.463879 0.825579 0.321302 3.416300 0.026063 -0.375247 0.926559 0.000000 0.000000 0.000000 0.000000 1.000000
0.885520 -0.421417 -0.195604 -0.000000 0.463869 0.825568 0.321346 3.416300 0.026064 -0.375293 0.926540 -0.000000 0.000000 0.000000 0.000000 1.000000
0.885521 -0.421423 -0.195588 -0.000000 0.463867 0.825585 0.321306 3.416300 0.026069 -0.375250 0.926557 0.000000 0.000000 0.000000 0.000000 1.000000
0.885509 -0.421499 -0.195481 -0.000000 0.463890 0.825675 0.321040 3.416300 0.026085 -0.374965 0.926672 -0.000000 0.000000 0.000000 0.000000 1.000000
0.885481 -0.421653 -0.195272 0.000000 0.463940 0.825847 0.320524 3.416300 0.026115 -0.374413 0.926894 -0.000000 0.000000 0.000000 0.000000 1.000000
0.885448 -0.421840 -0.195020 -0.000000 0.464002 0.826055 0.319899 3.416300 0.026151 -0.373744 0.927163 0.000000 0.000000 0.000000 0.000000 1.000000
0.885408 -0.422048 -0.194750 0.000000 0.464076 0.826272 0.319230 3.416300 0.026187 -0.373028 0.927451 -0.000000 0.000000 0.000000 0.000000 1.000000
0.885368 -0.422263 -0.194470 -0.000000 0.464152 0.826498 0.318535 3.416300 0.026224 -0.372284 0.927748 0.000000 0.000000 0.000000 0.000000 1.000000
0.885327 -0.422476 -0.194192 -0.000000 0.464227 0.826721 0.317845 3.416300 0.026260 -0.371546 0.928043 0.000000 0.000000 0.000000 0.000000 1.000000
0.885288 -0.422677 -0.193930 0.000000 0.464298 0.826931 0.317195 3.416300 0.026295 -0.370850 0.928320 0.000000 0.000000 0.000000 0.000000 1.000000
0.885254 -0.422858 -0.193692 0.000000 0.464362 0.827120 0.316608 3.416300 0.026327 -0.370221 0.928570 0.000000 0.000000 0.000000 0.000000 1.000000
0.885225 -0.423009 -0.193494 0.000000 0.464415 0.827278 0.316117 3.416300 0.026353 -0.369696 0.928779 0.000000 0.000000 0.000000 0.000000 1.000000
0.885217 -0.423052 -0.193437 0.000000 0.464431 0.827323 0.315976 3.416300 0.026360 -0.369545 0.928839 0.000000 0.000000 0.000000 0.000000 1.000000
0.885217 -0.423052 -0.193437 0.000000 0.464431 0.827323 0.315976 3.416300 0.026360 -0.369545 0.928839 0.000000 0.000000 0.000000 0.000000 1.000000
0.885217 -0.423052 -0.193437 0.000000 0.464431 0.827323 0.315975 3.416300 0.026361 -0.369545 0.928839 0.000000 0.000000 0.000000 0.000000 1.000000</float_array>
        <technique_common>
          <accessor source="#mixamorig_RightHandThumb3-Matrix-animation-output-transform-array" count="38" stride="16">
            <param type="float4x4"/>
          </accessor>
        </technique_common>
      </source>
      <source id="mixamorig_RightHandThumb3-Interpolations">
        <Name_array id="mixamorig_RightHandThumb3-Interpolations-array" count="38">
 LINEAR LINEAR LINEAR LINEAR LINEAR LINEAR LINEAR LINEAR LINEAR LINEAR LINEAR
LINEAR LINEAR LINEAR LINEAR LINEAR LINEAR LINEAR LINEAR LINEAR LINEAR LINEAR LINEAR
LINEAR LINEAR LINEAR LINEAR LINEAR LINEAR LINEAR LINEAR LINEAR LINEAR LINEAR LINEAR
LINEAR LINEAR LINEAR</Name_array>
        <technique_common>
          <accessor source="#mixamorig_RightHandThumb3-Interpolations-array" count="38">
            <param type="name"/>
          </accessor>
        </technique_common>
      </source>
      <sampler id="mixamorig_RightHandThumb3-Matrix-animation-transform">
        <input semantic="INPUT" source="#mixamorig_RightHandThumb3-Matrix-animation-input"/>
        <input semantic="OUTPUT" source="#mixamorig_RightHandThumb3-Matrix-animation-output-transform"/>
        <input semantic="INTERPOLATION" source="#mixamorig_RightHandThumb3-Interpolations"/>
      </sampler>
      <channel source="#mixamorig_RightHandThumb3-Matrix-animation-transform" target="mixamorig_RightHandThumb3/matrix"/>
    </animation>
    <animation id="mixamorig_RightHandIndex1-anim" name="mixamorig_RightHandIndex1">
      <source id="mixamorig_RightHandIndex1-Matrix-animation-input">
        <float_array id="mixamorig_RightHandIndex1-Matrix-animation-input-array" count="38">

0.000000 0.033333 0.066667 0.100000 0.133333 0.166667 0.200000 0.233333 0.266667 0.300000 0.333333 0.366667 0.400000 0.433333 0.466667 0.500000
0.533333 0.566667 0.600000 0.633333 0.666667 0.700000 0.733333 0.766667 0.800000 0.833333 0.866667 0.900000 0.933333 0.966667 1.000000 1.033333
1.066667 1.100000 1.133333 1.166667 1.200000 1.233333</float_array>
        <technique_common>
          <accessor source="#mixamorig_RightHandIndex1-Matrix-animation-input-array" count="38">
            <param name="TIME" type="float"/>
          </accessor>
        </technique_common>
      </source>
      <source id="mixamorig_RightHandIndex1-Matrix-animation-output-transform">
        <float_array id="mixamorig_RightHandIndex1-Matrix-animation-output-transform-array" count="608">

0.936016 -0.331762 0.117510 2.259800 0.114534 -0.028581 -0.993008 9.108300 0.332801 0.942930 0.011246 0.517900 0.000000 0.000000 0.000000 1.000000
0.936019 -0.331725 0.117586 2.259800 0.114297 -0.029482 -0.993009 9.108300 0.332873 0.942915 0.010319 0.517900 0.000000 0.000000 0.000000 1.000000
0.936008 -0.331841 0.117346 2.259800 0.115041 -0.026658 -0.993003 9.108300 0.332647 0.942959 0.013223 0.517900 0.000000 0.000000 0.000000 1.000000
0.935810 -0.334315 0.111773 2.259800 0.131898 0.038040 -0.990533 9.108300 0.326899 0.941693 0.079694 0.517900 0.000000 0.000000 0.000000 1.000000
0.935630 -0.337384 0.103771 2.259800 0.154653 0.127549 -0.979701 9.108300 0.317300 0.932686 0.171516 0.517900 0.000000 0.000000 0.000000 1.000000
0.935961 -0.339081 0.094876 2.259800 0.178029 0.223257 -0.958364 9.108300 0.303781 0.913882 0.269326 0.517900 0.000000 0.000000 0.000000 1.000000
0.937342 -0.338162 0.083888 2.259800 0.203736 0.336673 -0.919317 9.108300 0.282635 0.878805 0.384473 0.517900 0.000000 0.000000 0.000000 1.000000
0.938655 -0.336341 0.076164 2.259800 0.219719 0.413054 -0.883804 9.108300 0.265799 0.846322 0.461616 0.517900 0.000000 0.000000 0.000000 1.000000
0.938493 -0.336966 0.075405 2.259800 0.221524 0.420035 -0.880055 9.108300 0.264876 0.842630 0.468846 0.517900 0.000000 0.000000 0.000000 1.000000
0.937531 -0.338981 0.078282 2.259800 0.216232 0.391489 -0.894416 9.108300 0.272543 0.855470 0.440331 0.517900 0.000000 0.000000 0.000000 1.000000
0.936856 -0.340230 0.080898 2.259800 0.210992 0.365416 -0.906617 9.108300 0.278897 0.866438 0.414128 0.517900 0.000000 0.000000 0.000000 1.000000
0.936639 -0.340399 0.082679 2.259800 0.207099 0.347747 -0.914430 9.108300 0.282519 0.873614 0.396210 0.517900 0.000000 0.000000 0.000000 1.000000
0.936804 -0.339721 0.083596 2.259800 0.204844 0.338917 -0.918245 9.108300 0.283615 0.877340 0.387089 0.517900 0.000000 0.000000 0.000000 1.000000
0.937320 -0.338485 0.082821 2.259800 0.206205 0.347168 -0.914852 9.108300 0.280911 0.874587 0.395205 0.517900 0.000000 0.000000 0.000000 1.000000
0.938370 -0.336239 0.080036 2.259800 0.211545 0.375592 -0.902319 9.108300 0.273334 0.863640 0.423574 0.517900 0.000000 0.000000 0.000000 1.000000
0.940190 -0.332068 0.075985 2.259800 0.218462 0.416610 -0.882446 9.108300 0.261376 0.846267 0.464237 0.517900 0.000000 0.000000 0.000000 1.000000
0.942372 -0.326722 0.072033 2.259800 0.224037 0.456338 -0.861141 9.108300 0.248482 0.827653 0.503237 0.517900 0.000000 0.000000 0.000000 1.000000
0.943811 -0.322955 0.070156 2.259800 0.225884 0.475425 -0.850263 9.108300 0.241243 0.818334 0.521661 0.517900 0.000000 0.000000 0.000000 1.000000
0.943336 -0.323744 0.072841 2.259800 0.221243 0.450002 -0.865188 9.108300 0.247321 0.832279 0.496129 0.517900 0.000000 0.000000 0.000000 1.000000
0.940731 -0.329276 0.081255 2.259800 0.206663 0.366575 -0.907145 9.108300 0.268915 0.870172 0.412898 0.517900 0.000000 0.000000 0.000000 1.000000
0.937548 -0.335166 0.093101 2.259800 0.181687 0.243588 -0.952709 9.108300 0.296637 0.910126 0.289271 0.517900 0.000000 0.000000 0.000000 1.000000
0.935805 -0.336869 0.103870 2.259800 0.154355 0.126659 -0.979863 9.108300 0.316929 0.932993 0.170526 0.517900 0.000000 0.000000 0.000000 1.000000
0.935670 -0.335026 0.110810 2.259800 0.134710 0.048885 -0.989678 9.108300 0.326151 0.940940 0.090872 0.517900 0.000000 0.000000 0.000000 1.000000
0.935900 -0.333209 0.114290 2.259800 0.124395 0.009073 -0.992191 9.108300 0.329570 0.942809 0.049941 0.517900 0.000000 0.000000 0.000000 1.000000
0.935960 -0.332490 0.115883 2.259800 0.119556 -0.009464 -0.992782 9.108300 0.331187 0.943059 0.030894 0.517900 0.000000 0.000000 0.000000 1.000000
0.935992 -0.332138 0.116636 2.259800 0.117243 -0.018284 -0.992935 9.108300 0.331924 0.943053 0.021827 0.517900 0.000000 0.000000 0.000000 1.000000
0.936006 -0.331980 0.116970 2.259800 0.116210 -0.022217 -0.992976 9.108300 0.332246 0.943025 0.017784 0.517900 0.000000 0.000000 0.000000 1.000000
0.936013 -0.331907 0.117122 2.259800 0.115741 -0.024000 -0.992989 9.108300 0.332391 0.943007 0.015951 0.517900 0.000000 0.000000 0.000000 1.000000
0.936018 -0.331855 0.117230 2.259800 0.115408 -0.025268 -0.992997 9.108300 0.332493 0.942992 0.014648 0.517900 0.000000 0.000000 0.000000 1.000000
0.936021 -0.331816 0.117311 2.259800 0.115156 -0.026223 -0.993001 9.108300 0.332570 0.942980 0.013665 0.517900 0.000000 0.000000 0.000000 1.000000
0.936024 -0.331789 0.117366 2.259800 0.114985 -0.026875 -0.993004 9.108300 0.332622 0.942971 0.012995 0.517900 0.000000 0.000000 0.000000 1.000000
0.936026 -0.331771 0.117405 2.259800 0.114863 -0.027336 -0.993005 9.108300 0.332659 0.942964 0.012521 0.517900 0.000000 0.000000 0.000000 1.000000
0.936027 -0.331757 0.117433 2.259800 0.114776 -0.027666 -0.993006 9.108300 0.332685 0.942959 0.012182 0.517900 0.000000 0.000000 0.000000 1.000000
0.936028 -0.331745 0.117457 2.259800 0.114702 -0.027949 -0.993007 9.108300 0.332708 0.942955 0.011891 0.517900 0.000000 0.000000 0.000000 1.000000
0.936029 -0.331732 0.117485 2.259800 0.114616 -0.028275 -0.993007 9.108300 0.332734 0.942950 0.011556 0.517900 0.000000 0.000000 0.000000 1.000000
0.936030 -0.331726 0.117496 2.259800 0.114580 -0.028410 -0.993008 9.108300 0.332745 0.942948 0.011417 0.517900 0.000000 0.000000 0.000000 1.000000
0.936030 -0.331726 0.117497 2.259800 0.114580 -0.028410 -0.993008 9.108300 0.332745 0.942948 0.011417 0.517900 0.000000 0.000000 0.000000 1.000000
0.936030 -0.331726 0.117497 2.259800 0.114580 -0.028410 -0.993008 9.108300 0.332745 0.942948 0.011417 0.517900 0.000000 0.000000 0.000000 1.000000</float_array>
        <technique_common>
          <accessor source="#mixamorig_RightHandIndex1-Matrix-animation-output-transform-array" count="38" stride="16">
            <param type="float4x4"/>
          </accessor>
        </technique_common>
      </source>
      <source id="mixamorig_RightHandIndex1-Interpolations">
        <Name_array id="mixamorig_RightHandIndex1-Interpolations-array" count="38">
 LINEAR LINEAR LINEAR LINEAR LINEAR LINEAR LINEAR LINEAR LINEAR LINEAR LINEAR
LINEAR LINEAR LINEAR LINEAR LINEAR LINEAR LINEAR LINEAR LINEAR LINEAR LINEAR LINEAR
LINEAR LINEAR LINEAR LINEAR LINEAR LINEAR LINEAR LINEAR LINEAR LINEAR LINEAR LINEAR
LINEAR LINEAR LINEAR</Name_array>
        <technique_common>
          <accessor source="#mixamorig_RightHandIndex1-Interpolations-array" count="38">
            <param type="name"/>
          </accessor>
        </technique_common>
      </source>
      <sampler id="mixamorig_RightHandIndex1-Matrix-animation-transform">
        <input semantic="INPUT" source="#mixamorig_RightHandIndex1-Matrix-animation-input"/>
        <input semantic="OUTPUT" source="#mixamorig_RightHandIndex1-Matrix-animation-output-transform"/>
        <input semantic="INTERPOLATION" source="#mixamorig_RightHandIndex1-Interpolations"/>
      </sampler>
      <channel source="#mixamorig_RightHandIndex1-Matrix-animation-transform" target="mixamorig_RightHandIndex1/matrix"/>
    </animation>
    <animation id="mixamorig_RightHandIndex2-anim" name="mixamorig_RightHandIndex2">
      <source id="mixamorig_RightHandIndex2-Matrix-animation-input">
        <float_array id="mixamorig_RightHandIndex2-Matrix-animation-input-array" count="38">

0.000000 0.033333 0.066667 0.100000 0.133333 0.166667 0.200000 0.233333 0.266667 0.300000 0.333333 0.366667 0.400000 0.433333 0.466667 0.500000
0.533333 0.566667 0.600000 0.633333 0.666667 0.700000 0.733333 0.766667 0.800000 0.833333 0.866667 0.900000 0.933333 0.966667 1.000000 1.033333
1.066667 1.100000 1.133333 1.166667 1.200000 1.233333</float_array>
        <technique_common>
          <accessor source="#mixamorig_RightHandIndex2-Matrix-animation-input-array" count="38">
            <param name="TIME" type="float"/>
          </accessor>
        </technique_common>
      </source>
      <source id="mixamorig_RightHandIndex2-Matrix-animation-output-transform">
        <float_array id="mixamorig_RightHandIndex2-Matrix-animation-output-transform-array" count="608">

0.991590 -0.078055 0.103234 -0.000000 0.078055 -0.275578 -0.958105 3.700000 0.103234 0.958105 -0.267167 0.000000 0.000000 0.000000 0.000000 1.000000
0.991590 -0.078055 0.103234 0.000000 0.078055 -0.275578 -0.958104 3.700000 0.103234 0.958104 -0.267168 0.000000 0.000000 0.000000 0.000000 1.000000
0.991590 -0.078055 0.103235 0.000000 0.078056 -0.275578 -0.958105 3.700000 0.103234 0.958105 -0.267167 0.000000 0.000000 0.000000 0.000000 1.000000
0.991580 -0.078022 0.103350 0.000000 0.078022 -0.277003 -0.957696 3.700000 0.103350 0.957696 -0.268584 0.000000 0.000000 0.000000 0.000000 1.000000
0.991543 -0.077890 0.103802 -0.000000 0.077890 -0.282594 -0.956072 3.700000 0.103802 0.956072 -0.274137 -0.000000 0.000000 0.000000 0.000000 1.000000
0.991478 -0.077650 0.104598 0.000000 0.077650 -0.292433 -0.953128 3.700000 0.104599 0.953128 -0.283911 0.000000 0.000000 0.000000 0.000000 1.000000
0.991422 -0.077433 0.105295 -0.000000 0.077433 -0.301037 -0.950463 3.700000 0.105295 0.950463 -0.292459 0.000000 0.000000 0.000000 0.000000 1.000000
0.991409 -0.077384 0.105450 0.000000 0.077384 -0.302950 -0.949859 3.700000 0.105450 0.949859 -0.294360 0.000000 0.000000 0.000000 0.000000 1.000000
0.991421 -0.077430 0.105302 -0.000000 0.077431 -0.301128 -0.950435 3.700000 0.105302 0.950435 -0.292549 0.000000 0.000000 0.000000 0.000000 1.000000
0.991422 -0.077433 0.105296 -0.000000 0.077433 -0.301048 -0.950460 3.700000 0.105296 0.950460 -0.292470 0.000000 0.000000 0.000000 0.000000 1.000000
0.991410 -0.077388 0.105436 0.000000 0.077388 -0.302781 -0.949913 3.700000 0.105436 0.949913 -0.294191 0.000000 0.000000 0.000000 0.000000 1.000000
0.991405 -0.077365 0.105507 0.000000 0.077366 -0.303653 -0.949636 3.700000 0.105506 0.949636 -0.295058 0.000000 0.000000 0.000000 0.000000 1.000000
0.991412 -0.077395 0.105414 0.000000 0.077396 -0.302503 -0.950001 3.700000 0.105413 0.950001 -0.293915 0.000000 0.000000 0.000000 0.000000 1.000000
0.991424 -0.077442 0.105266 0.000000 0.077442 -0.300681 -0.950575 3.700000 0.105266 0.950575 -0.292105 0.000000 0.000000 0.000000 0.000000 1.000000
0.991438 -0.077495 0.105097 -0.000000 0.077495 -0.298598 -0.951228 3.700000 0.105097 0.951228 -0.290036 0.000000 0.000000 0.000000 0.000000 1.000000
0.991477 -0.077644 0.104620 0.000000 0.077643 -0.292701 -0.953046 3.700000 0.104621 0.953046 -0.284178 -0.000000 0.000000 0.000000 0.000000 1.000000
0.991543 -0.077888 0.103807 0.000000 0.077888 -0.282654 -0.956055 3.700000 0.103807 0.956054 -0.274197 0.000000 0.000000 0.000000 0.000000 1.000000
0.991591 -0.078060 0.103219 0.000000 0.078060 -0.275389 -0.958158 3.700000 0.103219 0.958158 -0.266980 -0.000000 0.000000 0.000000 0.000000 1.000000
0.991595 -0.078075 0.103167 -0.000000 0.078075 -0.274743 -0.958343 3.700000 0.103167 0.958343 -0.266338 0.000000 0.000000 0.000000 0.000000 1.000000
0.991585 -0.078040 0.103286 -0.000000 0.078041 -0.276219 -0.957921 3.700000 0.103286 0.957921 -0.267805 0.000000 0.000000 0.000000 0.000000 1.000000
0.991584 -0.078037 0.103298 0.000000 0.078037 -0.276359 -0.957881 3.700000 0.103298 0.957881 -0.267944 0.000000 0.000000 0.000000 0.000000 1.000000
0.991583 -0.078033 0.103312 0.000000 0.078033 -0.276538 -0.957830 3.700000 0.103312 0.957830 -0.268121 0.000000 0.000000 0.000000 0.000000 1.000000
0.991582 -0.078028 0.103328 0.000000 0.078028 -0.276740 -0.957772 3.700000 0.103328 0.957772 -0.268322 0.000000 0.000000 0.000000 0.000000 1.000000
0.991591 -0.078058 0.103224 -0.000000 0.078058 -0.275445 -0.958142 3.700000 0.103223 0.958142 -0.267036 -0.000000 0.000000 0.000000 0.000000 1.000000
0.991601 -0.078096 0.103090 -0.000000 0.078097 -0.273797 -0.958611 3.700000 0.103090 0.958612 -0.265399 0.000000 0.000000 0.000000 0.000000 1.000000
0.991602 -0.078100 0.103077 0.000000 0.078100 -0.273633 -0.958658 3.700000 0.103077 0.958658 -0.265236 0.000000 0.000000 0.000000 0.000000 1.000000
0.991598 -0.078083 0.103137 -0.000000 0.078083 -0.274378 -0.958447 3.700000 0.103137 0.958447 -0.265975 0.000000 0.000000 0.000000 0.000000 1.000000
0.991594 -0.078072 0.103176 0.000000 0.078072 -0.274850 -0.958312 3.700000 0.103175 0.958312 -0.266445 0.000000 0.000000 0.000000 0.000000 1.000000
0.991593 -0.078066 0.103197 -0.000000 0.078066 -0.275120 -0.958235 3.700000 0.103197 0.958235 -0.266713 -0.000000 0.000000 0.000000 0.000000 1.000000
0.991591 -0.078061 0.103214 0.000000 0.078061 -0.275326 -0.958176 3.700000 0.103214 0.958176 -0.266917 0.000000 0.000000 0.000000 0.000000 1.000000
0.991591 -0.078059 0.103220 -0.000000 0.078060 -0.275400 -0.958155 3.700000 0.103220 0.958155 -0.266990 -0.000000 0.000000 0.000000 0.000000 1.000000
0.991591 -0.078060 0.103220 -0.000000 0.078059 -0.275399 -0.958156 3.700000 0.103220 0.958156 -0.266990 -0.000000 0.000000 0.000000 0.000000 1.000000
0.991591 -0.078060 0.103220 0.000000 0.078059 -0.275399 -0.958155 3.700000 0.103220 0.958155 -0.266990 0.000000 0.000000 0.000000 0.000000 1.000000
0.991591 -0.078060 0.103220 0.000000 0.078059 -0.275399 -0.958156 3.700000 0.103220 0.958156 -0.266990 0.000000 0.000000 0.000000 0.000000 1.000000
0.991591 -0.078060 0.103220 -0.000000 0.078060 -0.275399 -0.958156 3.700000 0.103220 0.958155 -0.266990 0.000000 0.000000 0.000000 0.000000 1.000000
0.991591 -0.078060 0.103220 0.000000 0.078059 -0.275399 -0.958156 3.700000 0.103220 0.958156 -0.266990 -0.000000 0.000000 0.000000 0.000000 1.000000
0.991591 -0.078060 0.103220 -0.000000 0.078060 -0.275399 -0.958156 3.700000 0.103220 0.958156 -0.266990 0.000000 0.000000 0.000000 0.000000 1.000000
0.991591 -0.078060 0.103220 0.000000 0.078059 -0.275399 -0.958156 3.700000 0.103220 0.958156 -0.266990 0.000000 0.000000 0.000000 0.000000 1.000000</float_array>
        <technique_common>
          <accessor source="#mixamorig_RightHandIndex2-Matrix-animation-output-transform-array" count="38" stride="16">
            <param type="float4x4"/>
          </accessor>
        </technique_common>
      </source>
      <source id="mixamorig_RightHandIndex2-Interpolations">
        <Name_array id="mixamorig_RightHandIndex2-Interpolations-array" count="38">
 LINEAR LINEAR LINEAR LINEAR LINEAR LINEAR LINEAR LINEAR LINEAR LINEAR LINEAR
LINEAR LINEAR LINEAR LINEAR LINEAR LINEAR LINEAR LINEAR LINEAR LINEAR LINEAR LINEAR
LINEAR LINEAR LINEAR LINEAR LINEAR LINEAR LINEAR LINEAR LINEAR LINEAR LINEAR LINEAR
LINEAR LINEAR LINEAR</Name_array>
        <technique_common>
          <accessor source="#mixamorig_RightHandIndex2-Interpolations-array" count="38">
            <param type="name"/>
          </accessor>
        </technique_common>
      </source>
      <sampler id="mixamorig_RightHandIndex2-Matrix-animation-transform">
        <input semantic="INPUT" source="#mixamorig_RightHandIndex2-Matrix-animation-input"/>
        <input semantic="OUTPUT" source="#mixamorig_RightHandIndex2-Matrix-animation-output-transform"/>
        <input semantic="INTERPOLATION" source="#mixamorig_RightHandIndex2-Interpolations"/>
      </sampler>
      <channel source="#mixamorig_RightHandIndex2-Matrix-animation-transform" target="mixamorig_RightHandIndex2/matrix"/>
    </animation>
    <animation id="mixamorig_RightHandIndex3-anim" name="mixamorig_RightHandIndex3">
      <source id="mixamorig_RightHandIndex3-Matrix-animation-input">
        <float_array id="mixamorig_RightHandIndex3-Matrix-animation-input-array" count="38">

0.000000 0.033333 0.066667 0.100000 0.133333 0.166667 0.200000 0.233333 0.266667 0.300000 0.333333 0.366667 0.400000 0.433333 0.466667 0.500000
0.533333 0.566667 0.600000 0.633333 0.666667 0.700000 0.733333 0.766667 0.800000 0.833333 0.866667 0.900000 0.933333 0.966667 1.000000 1.033333
1.066667 1.100000 1.133333 1.166667 1.200000 1.233333</float_array>
        <technique_common>
          <accessor source="#mixamorig_RightHandIndex3-Matrix-animation-input-array" count="38">
            <param name="TIME" type="float"/>
          </accessor>
        </technique_common>
      </source>
      <source id="mixamorig_RightHandIndex3-Matrix-animation-output-transform">
        <float_array id="mixamorig_RightHandIndex3-Matrix-animation-output-transform-array" count="608">

0.994350 -0.080364 0.069354 0.000000 0.080364 0.143052 -0.986447 2.850000 0.069354 0.986447 0.148702 0.000000 0.000000 0.000000 0.000000 1.000000
0.994350 -0.080364 0.069354 0.000000 0.080365 0.143052 -0.986447 2.850000 0.069354 0.986447 0.148702 0.000000 0.000000 0.000000 0.000000 1.000000
0.994350 -0.080365 0.069354 -0.000000 0.080365 0.143052 -0.986447 2.850000 0.069354 0.986447 0.148702 -0.000000 0.000000 0.000000 0.000000 1.000000
0.994350 -0.080364 0.069354 -0.000000 0.080364 0.143052 -0.986447 2.850000 0.069354 0.986447 0.148702 0.000000 0.000000 0.000000 0.000000 1.000000
0.994350 -0.080364 0.069354 -0.000000 0.080364 0.143052 -0.986447 2.850000 0.069354 0.986447 0.148702 0.000000 0.000000 0.000000 0.000000 1.000000
0.994350 -0.080364 0.069354 0.000000 0.080364 0.143052 -0.986447 2.850000 0.069354 0.986447 0.148702 0.000000 0.000000 0.000000 0.000000 1.000000
0.994350 -0.080364 0.069354 -0.000000 0.080364 0.143052 -0.986447 2.850000 0.069354 0.986447 0.148702 -0.000000 0.000000 0.000000 0.000000 1.000000
0.994350 -0.080364 0.069354 0.000000 0.080365 0.143052 -0.986447 2.850000 0.069354 0.986447 0.148702 -0.000000 0.000000 0.000000 0.000000 1.000000
0.994350 -0.080365 0.069354 -0.000000 0.080365 0.143052 -0.986447 2.850000 0.069354 0.986447 0.148703 -0.000000 0.000000 0.000000 0.000000 1.000000
0.994350 -0.080364 0.069354 0.000000 0.080364 0.143052 -0.986447 2.850000 0.069354 0.986447 0.148702 0.000000 0.000000 0.000000 0.000000 1.000000
0.994350 -0.080364 0.069354 -0.000000 0.080364 0.143052 -0.986447 2.850000 0.069354 0.986447 0.148702 0.000000 0.000000 0.000000 0.000000 1.000000
0.994350 -0.080364 0.069354 0.000000 0.080364 0.143052 -0.986447 2.850000 0.069354 0.986447 0.148702 0.000000 0.000000 0.000000 0.000000 1.000000
0.994350 -0.080365 0.069354 0.000000 0.080365 0.143052 -0.986447 2.850000 0.069354 0.986447 0.148702 0.000000 0.000000 0.000000 0.000000 1.000000
0.994350 -0.080364 0.069354 0.000000 0.080365 0.143052 -0.986447 2.850000 0.069354 0.986447 0.148702 -0.000000 0.000000 0.000000 0.000000 1.000000
0.994350 -0.080365 0.069354 -0.000000 0.080364 0.143053 -0.986447 2.850000 0.069354 0.986447 0.148703 -0.000000 0.000000 0.000000 0.000000 1.000000
0.994350 -0.080364 0.069354 0.000000 0.080364 0.143052 -0.986447 2.850000 0.069354 0.986447 0.148702 -0.000000 0.000000 0.000000 0.000000 1.000000
0.994350 -0.080364 0.069354 -0.000000 0.080365 0.143052 -0.986447 2.850000 0.069354 0.986447 0.148702 0.000000 0.000000 0.000000 0.000000 1.000000
0.994350 -0.080364 0.069354 0.000000 0.080364 0.143053 -0.986447 2.850000 0.069354 0.986447 0.148703 0.000000 0.000000 0.000000 0.000000 1.000000
0.994350 -0.080365 0.069354 -0.000000 0.080364 0.143052 -0.986447 2.850000 0.069354 0.986447 0.148702 0.000000 0.000000 0.000000 0.000000 1.000000
0.994350 -0.080364 0.069354 -0.000000 0.080365 0.143052 -0.986447 2.850000 0.069354 0.986447 0.148702 0.000000 0.000000 0.000000 0.000000 1.000000
0.994350 -0.080364 0.069354 0.000000 0.080364 0.143052 -0.986447 2.850000 0.069354 0.986447 0.148703 0.000000 0.000000 0.000000 0.000000 1.000000
0.994350 -0.080365 0.069354 0.000000 0.080365 0.143052 -0.986447 2.850000 0.069354 0.986447 0.148702 -0.000000 0.000000 0.000000 0.000000 1.000000
0.994350 -0.080364 0.069354 -0.000000 0.080364 0.143052 -0.986447 2.850000 0.069354 0.986447 0.148703 0.000000 0.000000 0.000000 0.000000 1.000000
0.994350 -0.080365 0.069354 0.000000 0.080364 0.143052 -0.986447 2.850000 0.069354 0.986447 0.148702 0.000000 0.000000 0.000000 0.000000 1.000000
0.994350 -0.080365 0.069354 -0.000000 0.080364 0.143052 -0.986447 2.850000 0.069354 0.986447 0.148702 0.000000 0.000000 0.000000 0.000000 1.000000
0.994350 -0.080364 0.069354 0.000000 0.080364 0.143052 -0.986447 2.850000 0.069354 0.986447 0.148702 0.000000 0.000000 0.000000 0.000000 1.000000
0.994350 -0.080365 0.069354 0.000000 0.080364 0.143052 -0.986447 2.850000 0.069354 0.986447 0.148702 -0.000000 0.000000 0.000000 0.000000 1.000000
0.994350 -0.080364 0.069354 0.000000 0.080365 0.143052 -0.986447 2.850000 0.069354 0.986447 0.148702 0.000000 0.000000 0.000000 0.000000 1.000000
0.994350 -0.080365 0.069354 0.000000 0.080364 0.143052 -0.986447 2.850000 0.069354 0.986447 0.148702 0.000000 0.000000 0.000000 0.000000 1.000000
0.994350 -0.080365 0.069354 0.000000 0.080365 0.143052 -0.986447 2.850000 0.069354 0.986447 0.148702 -0.000000 0.000000 0.000000 0.000000 1.000000
0.994350 -0.080364 0.069354 0.000000 0.080365 0.143052 -0.986447 2.850000 0.069354 0.986447 0.148702 -0.000000 0.000000 0.000000 0.000000 1.000000
0.994350 -0.080364 0.069354 0.000000 0.080364 0.143052 -0.986447 2.850000 0.069354 0.986447 0.148702 -0.000000 0.000000 0.000000 0.000000 1.000000
0.994350 -0.080364 0.069354 0.000000 0.080364 0.143052 -0.986447 2.850000 0.069354 0.986447 0.148702 0.000000 0.000000 0.000000 0.000000 1.000000
0.994350 -0.080365 0.069354 -0.000000 0.080365 0.143052 -0.986447 2.850000 0.069354 0.986447 0.148702 0.000000 0.000000 0.000000 0.000000 1.000000
0.994350 -0.080364 0.069354 0.000000 0.080364 0.143052 -0.986447 2.850000 0.069354 0.986447 0.148703 -0.000000 0.000000 0.000000 0.000000 1.000000
0.994350 -0.080364 0.069354 0.000000 0.080364 0.143052 -0.986447 2.850000 0.069354 0.986447 0.148703 0.000000 0.000000 0.000000 0.000000 1.000000
0.994350 -0.080364 0.069354 0.000000 0.080364 0.143052 -0.986447 2.850000 0.069354 0.986447 0.148703 0.000000 0.000000 0.000000 0.000000 1.000000
0.994350 -0.080365 0.069354 -0.000000 0.080365 0.143052 -0.986447 2.850000 0.069354 0.986447 0.148702 0.000000 0.000000 0.000000 0.000000 1.000000</float_array>
        <technique_common>
          <accessor source="#mixamorig_RightHandIndex3-Matrix-animation-output-transform-array" count="38" stride="16">
            <param type="float4x4"/>
          </accessor>
        </technique_common>
      </source>
      <source id="mixamorig_RightHandIndex3-Interpolations">
        <Name_array id="mixamorig_RightHandIndex3-Interpolations-array" count="38">
 LINEAR LINEAR LINEAR LINEAR LINEAR LINEAR LINEAR LINEAR LINEAR LINEAR LINEAR
LINEAR LINEAR LINEAR LINEAR LINEAR LINEAR LINEAR LINEAR LINEAR LINEAR LINEAR LINEAR
LINEAR LINEAR LINEAR LINEAR LINEAR LINEAR LINEAR LINEAR LINEAR LINEAR LINEAR LINEAR
LINEAR LINEAR LINEAR</Name_array>
        <technique_common>
          <accessor source="#mixamorig_RightHandIndex3-Interpolations-array" count="38">
            <param type="name"/>
          </accessor>
        </technique_common>
      </source>
      <sampler id="mixamorig_RightHandIndex3-Matrix-animation-transform">
        <input semantic="INPUT" source="#mixamorig_RightHandIndex3-Matrix-animation-input"/>
        <input semantic="OUTPUT" source="#mixamorig_RightHandIndex3-Matrix-animation-output-transform"/>
        <input semantic="INTERPOLATION" source="#mixamorig_RightHandIndex3-Interpolations"/>
      </sampler>
      <channel source="#mixamorig_RightHandIndex3-Matrix-animation-transform" target="mixamorig_RightHandIndex3/matrix"/>
    </animation>
    <animation id="mixamorig_RightHandMiddle1-anim" name="mixamorig_RightHandMiddle1">
      <source id="mixamorig_RightHandMiddle1-Matrix-animation-input">
        <float_array id="mixamorig_RightHandMiddle1-Matrix-animation-input-array" count="38">

0.000000 0.033333 0.066667 0.100000 0.133333 0.166667 0.200000 0.233333 0.266667 0.300000 0.333333 0.366667 0.400000 0.433333 0.466667 0.500000
0.533333 0.566667 0.600000 0.633333 0.666667 0.700000 0.733333 0.766667 0.800000 0.833333 0.866667 0.900000 0.933333 0.966667 1.000000 1.033333
1.066667 1.100000 1.133333 1.166667 1.200000 1.233333</float_array>
        <technique_common>
          <accessor source="#mixamorig_RightHandMiddle1-Matrix-animation-input-array" count="38">
            <param name="TIME" type="float"/>
          </accessor>
        </technique_common>
      </source>
      <source id="mixamorig_RightHandMiddle1-Matrix-animation-output-transform">
        <float_array id="mixamorig_RightHandMiddle1-Matrix-animation-output-transform-array" count="608">

0.975662 -0.175462 0.131519 0.000000 0.103775 -0.158892 -0.981827 9.532500 0.193171 0.971579 -0.136816 0.000000 0.000000 0.000000 0.000000 1.000000
0.975613 -0.175711 0.131549 0.000000 0.103679 -0.159349 -0.981763 9.532500 0.193469 0.971459 -0.137245 0.000000 0.000000 0.000000 0.000000 1.000000
0.975537 -0.176626 0.130887 0.000000 0.104586 -0.150808 -0.983015 9.532500 0.193364 0.972656 -0.128646 0.000000 0.000000 0.000000 0.000000 1.000000
0.976238 -0.177233 0.124690 0.000000 0.113668 -0.071077 -0.990973 9.532500 0.184496 0.981599 -0.049243 0.000000 0.000000 0.000000 0.000000 1.000000
0.977946 -0.173353 0.116488 0.000000 0.123600 0.030777 -0.991855 9.532500 0.168356 0.984379 0.051524 -0.000000 0.000000 0.000000 0.000000 1.000000
0.980319 -0.165657 0.107385 -0.000000 0.131018 0.139042 -0.981581 9.532500 0.147675 0.976332 0.158009 -0.000000 0.000000 0.000000 0.000000 1.000000
0.982688 -0.158038 0.096689 -0.000000 0.135792 0.259363 -0.956186 9.532500 0.126036 0.952762 0.276333 0.000000 0.000000 0.000000 0.000000 1.000000
0.983745 -0.155131 0.090441 -0.000000 0.137433 0.326272 -0.935232 9.532500 0.115575 0.932460 0.342289 0.000000 0.000000 0.000000 0.000000 1.000000
0.983370 -0.157114 0.091093 -0.000000 0.137835 0.319059 -0.937658 9.532500 0.118255 0.934621 0.335409 -0.000000 0.000000 0.000000 0.000000 1.000000
0.982636 -0.159726 0.094416 -0.000000 0.137264 0.283411 -0.949124 9.532500 0.124842 0.945604 0.300414 -0.000000 0.000000 0.000000 0.000000 1.000000
0.982128 -0.161287 0.097008 0.000000 0.136464 0.255261 -0.957193 9.532500 0.129620 0.953325 0.272709 0.000000 0.000000 0.000000 0.000000 1.000000
0.981818 -0.162295 0.098453 -0.000000 0.135970 0.239374 -0.961360 9.532500 0.132457 0.957267 0.257089 0.000000 0.000000 0.000000 0.000000 1.000000
0.981764 -0.162389 0.098840 0.000000 0.135786 0.235136 -0.962431 9.532500 0.133047 0.958301 0.252899 0.000000 0.000000 0.000000 0.000000 1.000000
0.982052 -0.161165 0.097981 -0.000000 0.135946 0.244740 -0.960011 9.532500 0.130740 0.956100 0.262257 0.000000 0.000000 0.000000 0.000000 1.000000
0.982600 -0.159101 0.095831 0.000000 0.136459 0.268386 -0.953597 9.532500 0.125999 0.950082 0.285427 0.000000 0.000000 0.000000 0.000000 1.000000
0.983264 -0.156629 0.093055 0.000000 0.136938 0.298485 -0.944539 9.532500 0.120167 0.941474 0.314938 0.000000 0.000000 0.000000 0.000000 1.000000
0.983869 -0.154123 0.090819 0.000000 0.136978 0.322519 -0.936600 9.532500 0.115061 0.933931 0.338428 0.000000 0.000000 0.000000 0.000000 1.000000
0.984115 -0.152767 0.090446 0.000000 0.136662 0.326682 -0.935202 9.532500 0.113321 0.932706 0.342370 0.000000 0.000000 0.000000 0.000000 1.000000
0.983581 -0.154321 0.093555 0.000000 0.136069 0.293633 -0.946184 9.532500 0.118545 0.943379 0.309811 0.000000 0.000000 0.000000 0.000000 1.000000
0.982083 -0.159242 0.100769 0.000000 0.134066 0.214605 -0.967456 9.532500 0.132434 0.963632 0.232109 0.000000 0.000000 0.000000 0.000000 1.000000
0.980068 -0.165365 0.110095 0.000000 0.128942 0.107909 -0.985763 9.532500 0.151130 0.980311 0.127081 -0.000000 0.000000 0.000000 0.000000 1.000000
0.978332 -0.169960 0.118237 0.000000 0.121750 0.010361 -0.992507 9.532500 0.167462 0.985396 0.030829 0.000000 0.000000 0.000000 0.000000 1.000000
0.977251 -0.172395 0.123535 -0.000000 0.115577 -0.055503 -0.991747 9.532500 0.177828 0.983463 -0.034315 0.000000 0.000000 0.000000 0.000000 1.000000
0.976641 -0.173665 0.126540 -0.000000 0.111503 -0.093807 -0.989327 9.532500 0.183682 0.980327 -0.072251 0.000000 0.000000 0.000000 0.000000 1.000000
0.976256 -0.174525 0.128314 0.000000 0.108869 -0.116793 -0.987171 9.532500 0.187272 0.977702 -0.095020 0.000000 0.000000 0.000000 0.000000 1.000000
0.976005 -0.175098 0.129442 0.000000 0.107101 -0.131552 -0.985507 9.532500 0.189589 0.975723 -0.109642 0.000000 0.000000 0.000000 0.000000 1.000000
0.975854 -0.175414 0.130151 0.000000 0.105958 -0.140887 -0.984339 9.532500 0.191003 0.974362 -0.118898 0.000000 0.000000 0.000000 0.000000 1.000000
0.975778 -0.175544 0.130546 0.000000 0.105317 -0.146091 -0.983649 9.532500 0.191745 0.973572 -0.124064 0.000000 0.000000 0.000000 0.000000 1.000000
0.975731 -0.175604 0.130814 0.000000 0.104882 -0.149627 -0.983164 9.532500 0.192220 0.973024 -0.127578 0.000000 0.000000 0.000000 0.000000 1.000000
0.975713 -0.175551 0.131022 -0.000000 0.104558 -0.152365 -0.982778 9.532500 0.192490 0.972608 -0.130309 -0.000000 0.000000 0.000000 0.000000 1.000000
0.975711 -0.175451 0.131170 -0.000000 0.104340 -0.154281 -0.982502 9.532500 0.192618 0.972324 -0.132227 0.000000 0.000000 0.000000 0.000000 1.000000
0.975710 -0.175380 0.131274 -0.000000 0.104185 -0.155643 -0.982304 9.532500 0.192708 0.972120 -0.133590 0.000000 0.000000 0.000000 0.000000 1.000000
0.975709 -0.175328 0.131350 0.000000 0.104073 -0.156628 -0.982159 9.532500 0.192773 0.971971 -0.134576 0.000000 0.000000 0.000000 0.000000 1.000000
0.975708 -0.175285 0.131412 0.000000 0.103979 -0.157450 -0.982038 9.532500 0.192827 0.971846 -0.135399 0.000000 0.000000 0.000000 0.000000 1.000000
0.975707 -0.175239 0.131481 0.000000 0.103878 -0.158341 -0.981905 9.532500 0.192887 0.971710 -0.136291 0.000000 0.000000 0.000000 0.000000 1.000000
0.975707 -0.175211 0.131521 0.000000 0.103818 -0.158863 -0.981827 9.532500 0.192921 0.971629 -0.136813 -0.000000 0.000000 0.000000 0.000000 1.000000
0.975707 -0.175211 0.131521 0.000000 0.103818 -0.158862 -0.981827 9.532500 0.192920 0.971630 -0.136813 0.000000 0.000000 0.000000 0.000000 1.000000
0.975707 -0.175211 0.131521 -0.000000 0.103818 -0.158863 -0.981827 9.532500 0.192921 0.971629 -0.136813 0.000000 0.000000 0.000000 0.000000 1.000000</float_array>
        <technique_common>
          <accessor source="#mixamorig_RightHandMiddle1-Matrix-animation-output-transform-array" count="38" stride="16">
            <param type="float4x4"/>
          </accessor>
        </technique_common>
      </source>
      <source id="mixamorig_RightHandMiddle1-Interpolations">
        <Name_array id="mixamorig_RightHandMiddle1-Interpolations-array" count="38">
 LINEAR LINEAR LINEAR LINEAR LINEAR LINEAR LINEAR LINEAR LINEAR LINEAR LINEAR
LINEAR LINEAR LINEAR LINEAR LINEAR LINEAR LINEAR LINEAR LINEAR LINEAR LINEAR LINEAR
LINEAR LINEAR LINEAR LINEAR LINEAR LINEAR LINEAR LINEAR LINEAR LINEAR LINEAR LINEAR
LINEAR LINEAR LINEAR</Name_array>
        <technique_common>
          <accessor source="#mixamorig_RightHandMiddle1-Interpolations-array" count="38">
            <param type="name"/>
          </accessor>
        </technique_common>
      </source>
      <sampler id="mixamorig_RightHandMiddle1-Matrix-animation-transform">
        <input semantic="INPUT" source="#mixamorig_RightHandMiddle1-Matrix-animation-input"/>
        <input semantic="OUTPUT" source="#mixamorig_RightHandMiddle1-Matrix-animation-output-transform"/>
        <input semantic="INTERPOLATION" source="#mixamorig_RightHandMiddle1-Interpolations"/>
      </sampler>
      <channel source="#mixamorig_RightHandMiddle1-Matrix-animation-transform" target="mixamorig_RightHandMiddle1/matrix"/>
    </animation>
    <animation id="mixamorig_RightHandMiddle2-anim" name="mixamorig_RightHandMiddle2">
      <source id="mixamorig_RightHandMiddle2-Matrix-animation-input">
        <float_array id="mixamorig_RightHandMiddle2-Matrix-animation-input-array" count="38">

0.000000 0.033333 0.066667 0.100000 0.133333 0.166667 0.200000 0.233333 0.266667 0.300000 0.333333 0.366667 0.400000 0.433333 0.466667 0.500000
0.533333 0.566667 0.600000 0.633333 0.666667 0.700000 0.733333 0.766667 0.800000 0.833333 0.866667 0.900000 0.933333 0.966667 1.000000 1.033333
1.066667 1.100000 1.133333 1.166667 1.200000 1.233333</float_array>
        <technique_common>
          <accessor source="#mixamorig_RightHandMiddle2-Matrix-animation-input-array" count="38">
            <param name="TIME" type="float"/>
          </accessor>
        </technique_common>
      </source>
      <source id="mixamorig_RightHandMiddle2-Matrix-animation-output-transform">
        <float_array id="mixamorig_RightHandMiddle2-Matrix-animation-output-transform-array" count="608">

0.991982 -0.079281 0.098420 0.000000 0.079281 -0.216086 -0.973150 3.700000 0.098419 0.973150 -0.208068 0.000000 0.000000 0.000000 0.000000 1.000000
0.991981 -0.079278 0.098432 -0.000000 0.079278 -0.216244 -0.973115 3.700000 0.098432 0.973115 -0.208225 0.000000 0.000000 0.000000 0.000000 1.000000
0.991984 -0.079287 0.098391 -0.000000 0.079288 -0.215729 -0.973229 3.700000 0.098391 0.973229 -0.207713 0.000000 0.000000 0.000000 0.000000 1.000000
0.992002 -0.079334 0.098179 0.000000 0.079334 -0.213111 -0.973802 3.700000 0.098179 0.973802 -0.205113 -0.000000 0.000000 0.000000 0.000000 1.000000
0.991992 -0.079309 0.098295 -0.000000 0.079309 -0.214548 -0.973488 3.700000 0.098295 0.973488 -0.206540 0.000000 0.000000 0.000000 0.000000 1.000000
0.991937 -0.079157 0.098968 0.000000 0.079157 -0.222862 -0.971631 3.700000 0.098968 0.971631 -0.214799 0.000000 0.000000 0.000000 0.000000 1.000000
0.991865 -0.078948 0.099859 0.000000 0.078948 -0.233865 -0.969058 3.700000 0.099858 0.969058 -0.225730 0.000000 0.000000 0.000000 0.000000 1.000000
0.991812 -0.078790 0.100501 -0.000000 0.078790 -0.241804 -0.967121 3.700000 0.100501 0.967121 -0.233616 0.000000 0.000000 0.000000 0.000000 1.000000
0.991799 -0.078749 0.100665 -0.000000 0.078749 -0.243838 -0.966614 3.700000 0.100665 0.966614 -0.235636 0.000000 0.000000 0.000000 0.000000 1.000000
0.991809 -0.078778 0.100548 0.000000 0.078778 -0.242382 -0.966977 3.700000 0.100548 0.966977 -0.234191 -0.000000 0.000000 0.000000 0.000000 1.000000
0.991819 -0.078812 0.100414 0.000000 0.078812 -0.240732 -0.967387 3.700000 0.100414 0.967387 -0.232552 0.000000 0.000000 0.000000 0.000000 1.000000
0.991830 -0.078843 0.100287 0.000000 0.078843 -0.239156 -0.967775 3.700000 0.100287 0.967775 -0.230985 0.000000 0.000000 0.000000 0.000000 1.000000
0.991848 -0.078900 0.100058 0.000000 0.078899 -0.236326 -0.968465 3.700000 0.100058 0.968465 -0.228174 0.000000 0.000000 0.000000 0.000000 1.000000
0.991874 -0.078976 0.099742 0.000000 0.078976 -0.232433 -0.969401 3.700000 0.099743 0.969401 -0.224307 -0.000000 0.000000 0.000000 0.000000 1.000000
0.991898 -0.079045 0.099449 0.000000 0.079046 -0.228801 -0.970259 3.700000 0.099449 0.970259 -0.220699 0.000000 0.000000 0.000000 0.000000 1.000000
0.991925 -0.079124 0.099114 0.000000 0.079124 -0.224664 -0.971219 3.700000 0.099114 0.971219 -0.216589 0.000000 0.000000 0.000000 0.000000 1.000000
0.991967 -0.079241 0.098599 0.000000 0.079242 -0.218295 -0.972660 3.700000 0.098598 0.972660 -0.210263 0.000000 0.000000 0.000000 0.000000 1.000000
0.992018 -0.079377 0.097980 0.000000 0.079377 -0.210660 -0.974331 3.700000 0.097981 0.974331 -0.202678 0.000000 0.000000 0.000000 0.000000 1.000000
0.992057 -0.079480 0.097498 0.000000 0.079480 -0.204699 -0.975593 3.700000 0.097498 0.975593 -0.196756 0.000000 0.000000 0.000000 0.000000 1.000000
0.992073 -0.079521 0.097303 0.000000 0.079521 -0.202297 -0.976090 3.700000 0.097304 0.976090 -0.194369 0.000000 0.000000 0.000000 0.000000 1.000000
0.992068 -0.079509 0.097358 0.000000 0.079510 -0.202963 -0.975953 3.700000 0.097357 0.975953 -0.195032 0.000000 0.000000 0.000000 0.000000 1.000000
0.992055 -0.079476 0.097517 -0.000000 0.079476 -0.204928 -0.975545 3.700000 0.097517 0.975545 -0.196984 0.000000 0.000000 0.000000 0.000000 1.000000
0.992041 -0.079439 0.097694 0.000000 0.079439 -0.207115 -0.975086 3.700000 0.097694 0.975086 -0.199156 0.000000 0.000000 0.000000 0.000000 1.000000
0.992027 -0.079403 0.097863 0.000000 0.079403 -0.209202 -0.974643 3.700000 0.097863 0.974643 -0.201229 -0.000000 0.000000 0.000000 0.000000 1.000000
0.992017 -0.079375 0.097992 -0.000000 0.079375 -0.210800 -0.974301 3.700000 0.097992 0.974301 -0.202817 -0.000000 0.000000 0.000000 0.000000 1.000000
0.992009 -0.079355 0.098084 0.000000 0.079355 -0.211947 -0.974054 3.700000 0.098085 0.974054 -0.203956 0.000000 0.000000 0.000000 0.000000 1.000000
0.992002 -0.079336 0.098170 0.000000 0.079336 -0.213004 -0.973825 3.700000 0.098170 0.973825 -0.205006 0.000000 0.000000 0.000000 0.000000 1.000000
0.991997 -0.079322 0.098234 -0.000000 0.079322 -0.213799 -0.973652 3.700000 0.098234 0.973652 -0.205796 0.000000 0.000000 0.000000 0.000000 1.000000
0.991993 -0.079312 0.098280 0.000000 0.079312 -0.214366 -0.973528 3.700000 0.098280 0.973528 -0.206359 0.000000 0.000000 0.000000 0.000000 1.000000
0.991990 -0.079303 0.098319 0.000000 0.079304 -0.214844 -0.973423 3.700000 0.098319 0.973423 -0.206834 0.000000 0.000000 0.000000 0.000000 1.000000
0.991988 -0.079297 0.098350 0.000000 0.079297 -0.215224 -0.973340 3.700000 0.098350 0.973340 -0.207212 0.000000 0.000000 0.000000 0.000000 1.000000
0.991986 -0.079291 0.098374 0.000000 0.079291 -0.215528 -0.973273 3.700000 0.098374 0.973273 -0.207514 0.000000 0.000000 0.000000 0.000000 1.000000
0.991984 -0.079287 0.098395 -0.000000 0.079287 -0.215777 -0.973218 3.700000 0.098394 0.973218 -0.207761 0.000000 0.000000 0.000000 0.000000 1.000000
0.991983 -0.079283 0.098412 0.000000 0.079283 -0.215992 -0.973171 3.700000 0.098412 0.973171 -0.207975 0.000000 0.000000 0.000000 0.000000 1.000000
0.991982 -0.079282 0.098416 -0.000000 0.079282 -0.216045 -0.973159 3.700000 0.098416 0.973159 -0.208027 0.000000 0.000000 0.000000 0.000000 1.000000
0.991982 -0.079282 0.098416 0.000000 0.079282 -0.216045 -0.973159 3.700000 0.098416 0.973159 -0.208027 0.000000 0.000000 0.000000 0.000000 1.000000
0.991982 -0.079282 0.098416 0.000000 0.079282 -0.216045 -0.973159 3.700000 0.098416 0.973159 -0.208027 0.000000 0.000000 0.000000 0.000000 1.000000
0.991982 -0.079282 0.098416 0.000000 0.079282 -0.216045 -0.973159 3.700000 0.098416 0.973159 -0.208027 -0.000000 0.000000 0.000000 0.000000 1.000000</float_array>
        <technique_common>
          <accessor source="#mixamorig_RightHandMiddle2-Matrix-animation-output-transform-array" count="38" stride="16">
            <param type="float4x4"/>
          </accessor>
        </technique_common>
      </source>
      <source id="mixamorig_RightHandMiddle2-Interpolations">
        <Name_array id="mixamorig_RightHandMiddle2-Interpolations-array" count="38">
 LINEAR LINEAR LINEAR LINEAR LINEAR LINEAR LINEAR LINEAR LINEAR LINEAR LINEAR
LINEAR LINEAR LINEAR LINEAR LINEAR LINEAR LINEAR LINEAR LINEAR LINEAR LINEAR LINEAR
LINEAR LINEAR LINEAR LINEAR LINEAR LINEAR LINEAR LINEAR LINEAR LINEAR LINEAR LINEAR
LINEAR LINEAR LINEAR</Name_array>
        <technique_common>
          <accessor source="#mixamorig_RightHandMiddle2-Interpolations-array" count="38">
            <param type="name"/>
          </accessor>
        </technique_common>
      </source>
      <sampler id="mixamorig_RightHandMiddle2-Matrix-animation-transform">
        <input semantic="INPUT" source="#mixamorig_RightHandMiddle2-Matrix-animation-input"/>
        <input semantic="OUTPUT" source="#mixamorig_RightHandMiddle2-Matrix-animation-output-transform"/>
        <input semantic="INTERPOLATION" source="#mixamorig_RightHandMiddle2-Interpolations"/>
      </sampler>
      <channel source="#mixamorig_RightHandMiddle2-Matrix-animation-transform" target="mixamorig_RightHandMiddle2/matrix"/>
    </animation>
    <animation id="mixamorig_RightHandMiddle3-anim" name="mixamorig_RightHandMiddle3">
      <source id="mixamorig_RightHandMiddle3-Matrix-animation-input">
        <float_array id="mixamorig_RightHandMiddle3-Matrix-animation-input-array" count="38">

0.000000 0.033333 0.066667 0.100000 0.133333 0.166667 0.200000 0.233333 0.266667 0.300000 0.333333 0.366667 0.400000 0.433333 0.466667 0.500000
0.533333 0.566667 0.600000 0.633333 0.666667 0.700000 0.733333 0.766667 0.800000 0.833333 0.866667 0.900000 0.933333 0.966667 1.000000 1.033333
1.066667 1.100000 1.133333 1.166667 1.200000 1.233333</float_array>
        <technique_common>
          <accessor source="#mixamorig_RightHandMiddle3-Matrix-animation-input-array" count="38">
            <param name="TIME" type="float"/>
          </accessor>
        </technique_common>
      </source>
      <source id="mixamorig_RightHandMiddle3-Matrix-animation-output-transform">
        <float_array id="mixamorig_RightHandMiddle3-Matrix-animation-output-transform-array" count="608">

0.994850 -0.079229 0.063211 -0.000000 0.079229 0.218959 -0.972512 2.950000 0.063211 0.972512 0.224108 0.000000 0.000000 0.000000 0.000000 1.000000
0.994850 -0.079229 0.063211 0.000000 0.079229 0.218959 -0.972512 2.950000 0.063211 0.972512 0.224109 0.000000 0.000000 0.000000 0.000000 1.000000
0.994850 -0.079229 0.063211 0.000000 0.079229 0.218959 -0.972512 2.950000 0.063211 0.972512 0.224108 -0.000000 0.000000 0.000000 0.000000 1.000000
0.994850 -0.079229 0.063211 -0.000000 0.079229 0.218959 -0.972512 2.950000 0.063211 0.972512 0.224109 -0.000000 0.000000 0.000000 0.000000 1.000000
0.994850 -0.079229 0.063211 0.000000 0.079229 0.218959 -0.972512 2.950000 0.063211 0.972512 0.224108 0.000000 0.000000 0.000000 0.000000 1.000000
0.994850 -0.079229 0.063211 -0.000000 0.079229 0.218958 -0.972512 2.950000 0.063211 0.972512 0.224108 0.000000 0.000000 0.000000 0.000000 1.000000
0.994850 -0.079229 0.063211 0.000000 0.079229 0.218959 -0.972512 2.950000 0.063211 0.972512 0.224109 0.000000 0.000000 0.000000 0.000000 1.000000
0.994850 -0.079229 0.063211 0.000000 0.079229 0.218959 -0.972512 2.950000 0.063211 0.972512 0.224109 0.000000 0.000000 0.000000 0.000000 1.000000
0.994850 -0.079229 0.063211 0.000000 0.079229 0.218958 -0.972512 2.950000 0.063211 0.972512 0.224108 -0.000000 0.000000 0.000000 0.000000 1.000000
0.994850 -0.079229 0.063211 0.000000 0.079229 0.218958 -0.972512 2.950000 0.063211 0.972512 0.224108 0.000000 0.000000 0.000000 0.000000 1.000000
0.994850 -0.079229 0.063211 0.000000 0.079229 0.218959 -0.972512 2.950000 0.063211 0.972512 0.224109 0.000000 0.000000 0.000000 0.000000 1.000000
0.994850 -0.079229 0.063211 -0.000000 0.079229 0.218959 -0.972512 2.950000 0.063211 0.972512 0.224109 0.000000 0.000000 0.000000 0.000000 1.000000
0.994850 -0.079229 0.063211 0.000000 0.079229 0.218958 -0.972512 2.950000 0.063211 0.972512 0.224108 0.000000 0.000000 0.000000 0.000000 1.000000
0.994850 -0.079229 0.063211 0.000000 0.079229 0.218959 -0.972512 2.950000 0.063211 0.972512 0.224108 0.000000 0.000000 0.000000 0.000000 1.000000
0.994850 -0.079229 0.063211 0.000000 0.079229 0.218959 -0.972512 2.950000 0.063211 0.972512 0.224109 0.000000 0.000000 0.000000 0.000000 1.000000
0.994850 -0.079229 0.063211 0.000000 0.079229 0.218959 -0.972512 2.950000 0.063211 0.972512 0.224108 0.000000 0.000000 0.000000 0.000000 1.000000
0.994850 -0.079229 0.063211 0.000000 0.079229 0.218959 -0.972512 2.950000 0.063211 0.972512 0.224108 0.000000 0.000000 0.000000 0.000000 1.000000
0.994850 -0.079229 0.063211 0.000000 0.079229 0.218958 -0.972512 2.950000 0.063211 0.972512 0.224108 0.000000 0.000000 0.000000 0.000000 1.000000
0.994850 -0.079229 0.063211 0.000000 0.079229 0.218959 -0.972512 2.950000 0.063211 0.972512 0.224109 0.000000 0.000000 0.000000 0.000000 1.000000
0.994850 -0.079229 0.063211 0.000000 0.079229 0.218958 -0.972512 2.950000 0.063211 0.972512 0.224108 0.000000 0.000000 0.000000 0.000000 1.000000
0.994850 -0.079229 0.063211 -0.000000 0.079229 0.218959 -0.972512 2.950000 0.063211 0.972512 0.224109 0.000000 0.000000 0.000000 0.000000 1.000000
0.994850 -0.079229 0.063211 0.000000 0.079229 0.218959 -0.972512 2.950000 0.063211 0.972512 0.224108 -0.000000 0.000000 0.000000 0.000000 1.000000
0.994850 -0.079229 0.063211 -0.000000 0.079229 0.218959 -0.972512 2.950000 0.063211 0.972512 0.224109 0.000000 0.000000 0.000000 0.000000 1.000000
0.994850 -0.079229 0.063211 0.000000 0.079229 0.218959 -0.972512 2.950000 0.063211 0.972512 0.224109 -0.000000 0.000000 0.000000 0.000000 1.000000
0.994850 -0.079229 0.063211 0.000000 0.079229 0.218959 -0.972512 2.950000 0.063211 0.972512 0.224109 0.000000 0.000000 0.000000 0.000000 1.000000
0.994850 -0.079229 0.063211 -0.000000 0.079229 0.218959 -0.972512 2.950000 0.063211 0.972512 0.224108 0.000000 0.000000 0.000000 0.000000 1.000000
0.994850 -0.079229 0.063211 -0.000000 0.079229 0.218959 -0.972512 2.950000 0.063211 0.972512 0.224109 -0.000000 0.000000 0.000000 0.000000 1.000000
0.994850 -0.079229 0.063211 -0.000000 0.079229 0.218959 -0.972512 2.950000 0.063211 0.972512 0.224108 0.000000 0.000000 0.000000 0.000000 1.000000
0.994850 -0.079229 0.063211 -0.000000 0.079229 0.218959 -0.972512 2.950000 0.063211 0.972512 0.224108 0.000000 0.000000 0.000000 0.000000 1.000000
0.994850 -0.079229 0.063211 0.000000 0.079229 0.218959 -0.972512 2.950000 0.063211 0.972512 0.224108 0.000000 0.000000 0.000000 0.000000 1.000000
0.994850 -0.079229 0.063211 -0.000000 0.079229 0.218958 -0.972512 2.950000 0.063211 0.972512 0.224108 0.000000 0.000000 0.000000 0.000000 1.000000
0.994850 -0.079229 0.063211 -0.000000 0.079229 0.218959 -0.972512 2.950000 0.063211 0.972512 0.224108 0.000000 0.000000 0.000000 0.000000 1.000000
0.994850 -0.079229 0.063211 0.000000 0.079229 0.218959 -0.972512 2.950000 0.063211 0.972512 0.224109 0.000000 0.000000 0.000000 0.000000 1.000000
0.994850 -0.079229 0.063211 -0.000000 0.079229 0.218959 -0.972512 2.950000 0.063211 0.972512 0.224109 0.000000 0.000000 0.000000 0.000000 1.000000
0.994850 -0.079229 0.063211 -0.000000 0.079229 0.218958 -0.972512 2.950000 0.063211 0.972512 0.224108 0.000000 0.000000 0.000000 0.000000 1.000000
0.994850 -0.079229 0.063211 0.000000 0.079229 0.218959 -0.972512 2.950000 0.063211 0.972512 0.224109 0.000000 0.000000 0.000000 0.000000 1.000000
0.994850 -0.079229 0.063211 -0.000000 0.079229 0.218958 -0.972512 2.950000 0.063211 0.972512 0.224108 0.000000 0.000000 0.000000 0.000000 1.000000
0.994850 -0.079229 0.063211 0.000000 0.079229 0.218959 -0.972512 2.950000 0.063211 0.972512 0.224108 0.000000 0.000000 0.000000 0.000000 1.000000</float_array>
        <technique_common>
          <accessor source="#mixamorig_RightHandMiddle3-Matrix-animation-output-transform-array" count="38" stride="16">
            <param type="float4x4"/>
          </accessor>
        </technique_common>
      </source>
      <source id="mixamorig_RightHandMiddle3-Interpolations">
        <Name_array id="mixamorig_RightHandMiddle3-Interpolations-array" count="38">
 LINEAR LINEAR LINEAR LINEAR LINEAR LINEAR LINEAR LINEAR LINEAR LINEAR LINEAR
LINEAR LINEAR LINEAR LINEAR LINEAR LINEAR LINEAR LINEAR LINEAR LINEAR LINEAR LINEAR
LINEAR LINEAR LINEAR LINEAR LINEAR LINEAR LINEAR LINEAR LINEAR LINEAR LINEAR LINEAR
LINEAR LINEAR LINEAR</Name_array>
        <technique_common>
          <accessor source="#mixamorig_RightHandMiddle3-Interpolations-array" count="38">
            <param type="name"/>
          </accessor>
        </technique_common>
      </source>
      <sampler id="mixamorig_RightHandMiddle3-Matrix-animation-transform">
        <input semantic="INPUT" source="#mixamorig_RightHandMiddle3-Matrix-animation-input"/>
        <input semantic="OUTPUT" source="#mixamorig_RightHandMiddle3-Matrix-animation-output-transform"/>
        <input semantic="INTERPOLATION" source="#mixamorig_RightHandMiddle3-Interpolations"/>
      </sampler>
      <channel source="#mixamorig_RightHandMiddle3-Matrix-animation-transform" target="mixamorig_RightHandMiddle3/matrix"/>
    </animation>
    <animation id="mixamorig_RightHandRing1-anim" name="mixamorig_RightHandRing1">
      <source id="mixamorig_RightHandRing1-Matrix-animation-input">
        <float_array id="mixamorig_RightHandRing1-Matrix-animation-input-array" count="38">

0.000000 0.033333 0.066667 0.100000 0.133333 0.166667 0.200000 0.233333 0.266667 0.300000 0.333333 0.366667 0.400000 0.433333 0.466667 0.500000
0.533333 0.566667 0.600000 0.633333 0.666667 0.700000 0.733333 0.766667 0.800000 0.833333 0.866667 0.900000 0.933333 0.966667 1.000000 1.033333
1.066667 1.100000 1.133333 1.166667 1.200000 1.233333</float_array>
        <technique_common>
          <accessor source="#mixamorig_RightHandRing1-Matrix-animation-input-array" count="38">
            <param name="TIME" type="float"/>
          </accessor>
        </technique_common>
      </source>
      <source id="mixamorig_RightHandRing1-Matrix-animation-output-transform">
        <float_array id="mixamorig_RightHandRing1-Matrix-animation-output-transform-array" count="608">

0.989797 -0.063907 0.127353 -1.865100 0.121637 -0.086536 -0.988795 9.103600 0.074211 0.994197 -0.077880 0.043100 0.000000 0.000000 0.000000 1.000000
0.989793 -0.063885 0.127388 -1.865100 0.121640 -0.086996 -0.988754 9.103600 0.074249 0.994158 -0.078338 0.043100 0.000000 0.000000 0.000000 1.000000
0.989818 -0.064048 0.127116 -1.865100 0.121614 -0.083511 -0.989058 9.103600 0.073963 0.994446 -0.074871 0.043100 0.000000 0.000000 0.000000 1.000000
0.990206 -0.066459 0.122779 -1.865100 0.121080 -0.029032 -0.992218 9.103600 0.069507 0.997367 -0.020701 0.043100 0.000000 0.000000 0.000000 1.000000
0.990825 -0.069735 0.115775 -1.865100 0.119763 0.056004 -0.991222 9.103600 0.062639 0.995992 0.063842 0.043100 0.000000 0.000000 0.000000 1.000000
0.991552 -0.072755 0.107387 -1.865100 0.117523 0.153532 -0.981130 9.103600 0.054894 0.985462 0.160786 0.043100 0.000000 0.000000 0.000000 1.000000
0.992280 -0.074915 0.098839 -1.865100 0.114569 0.248545 -0.961821 9.103600 0.047489 0.965719 0.255209 0.043100 0.000000 0.000000 0.000000 1.000000
0.992642 -0.075675 0.094531 -1.865100 0.112840 0.294863 -0.948854 9.103600 0.043931 0.952538 0.301232 0.043100 0.000000 0.000000 0.000000 1.000000
0.992593 -0.075585 0.095112 -1.865100 0.113082 0.288669 -0.950728 9.103600 0.044405 0.954441 0.295078 0.043100 0.000000 0.000000 0.000000 1.000000
0.992402 -0.075195 0.097386 -1.865100 0.114004 0.264281 -0.957684 9.103600 0.046276 0.961510 0.270846 0.043100 0.000000 0.000000 0.000000 1.000000
0.992242 -0.074825 0.099279 -1.865100 0.114737 0.243758 -0.963025 9.103600 0.047859 0.966945 0.250452 0.043100 0.000000 0.000000 0.000000 1.000000
0.992138 -0.074560 0.100516 -1.865100 0.115200 0.230230 -0.966294 9.103600 0.048905 0.970276 0.237009 0.043100 0.000000 0.000000 0.000000 1.000000
0.992088 -0.074428 0.101107 -1.865100 0.115416 0.223739 -0.967791 9.103600 0.049409 0.971803 0.230558 0.043100 0.000000 0.000000 0.000000 1.000000
0.992117 -0.074506 0.100761 -1.865100 0.115290 0.227537 -0.966920 9.103600 0.049114 0.970915 0.234333 0.043100 0.000000 0.000000 0.000000 1.000000
0.992232 -0.074799 0.099403 -1.865100 0.114784 0.242405 -0.963361 9.103600 0.047963 0.967287 0.249107 0.043100 0.000000 0.000000 0.000000 1.000000
0.992364 -0.075111 0.097835 -1.865100 0.114180 0.259421 -0.958991 9.103600 0.046650 0.962839 0.266016 0.043100 0.000000 0.000000 0.000000 1.000000
0.992436 -0.075268 0.096985 -1.865100 0.113844 0.268597 -0.956501 9.103600 0.045944 0.960307 0.275134 0.043100 0.000000 0.000000 0.000000 1.000000
0.992395 -0.075179 0.097473 -1.865100 0.114038 0.263339 -0.957939 9.103600 0.046348 0.961769 0.269910 0.043100 0.000000 0.000000 0.000000 1.000000
0.992165 -0.074631 0.100195 -1.865100 0.115081 0.233745 -0.965463 9.103600 0.048633 0.969429 0.240502 0.043100 0.000000 0.000000 0.000000 1.000000
0.991711 -0.073298 0.105535 -1.865100 0.116939 0.174480 -0.977692 9.103600 0.053250 0.981929 0.181605 0.043100 0.000000 0.000000 0.000000 1.000000
0.991133 -0.071125 0.112230 -1.865100 0.118900 0.097760 -0.988082 9.103600 0.059306 0.992665 0.105350 0.043100 0.000000 0.000000 0.000000 1.000000
0.990617 -0.068709 0.118143 -1.865100 0.120267 0.027635 -0.992357 9.103600 0.064919 0.997254 0.035639 0.043100 0.000000 0.000000 0.000000 1.000000
0.990273 -0.066844 0.122032 -1.865100 0.120965 -0.019800 -0.992459 9.103600 0.068756 0.997567 -0.011522 0.043100 0.000000 0.000000 0.000000 1.000000
0.990081 -0.065713 0.124181 -1.865100 0.121278 -0.046487 -0.991529 9.103600 0.070930 0.996755 -0.038057 0.043100 0.000000 0.000000 0.000000 1.000000
0.989972 -0.065042 0.125396 -1.865100 0.121430 -0.061733 -0.990678 9.103600 0.072176 0.995971 -0.053216 0.043100 0.000000 0.000000 0.000000 1.000000
0.989908 -0.064634 0.126110 -1.865100 0.121511 -0.070756 -0.990065 9.103600 0.072915 0.995397 -0.062188 0.043100 0.000000 0.000000 0.000000 1.000000
0.989874 -0.064411 0.126497 -1.865100 0.121552 -0.075653 -0.989698 9.103600 0.073317 0.995052 -0.067057 0.043100 0.000000 0.000000 0.000000 1.000000
0.989855 -0.064289 0.126706 -1.865100 0.121573 -0.078300 -0.989489 9.103600 0.073534 0.994855 -0.069690 0.043100 0.000000 0.000000 0.000000 1.000000
0.989841 -0.064198 0.126861 -1.865100 0.121589 -0.080273 -0.989329 9.103600 0.073697 0.994703 -0.071652 0.043100 0.000000 0.000000 0.000000 1.000000
0.989830 -0.064124 0.126986 -1.865100 0.121601 -0.081872 -0.989197 9.103600 0.073828 0.994578 -0.073241 0.043100 0.000000 0.000000 0.000000 1.000000
0.989821 -0.064067 0.127082 -1.865100 0.121611 -0.083091 -0.989094 9.103600 0.073928 0.994480 -0.074454 0.043100 0.000000 0.000000 0.000000 1.000000
0.989814 -0.064023 0.127157 -1.865100 0.121618 -0.084047 -0.989012 9.103600 0.074007 0.994403 -0.075404 0.043100 0.000000 0.000000 0.000000 1.000000
0.989809 -0.063988 0.127217 -1.865100 0.121624 -0.084805 -0.988947 9.103600 0.074069 0.994341 -0.076159 0.043100 0.000000 0.000000 0.000000 1.000000
0.989804 -0.063957 0.127268 -1.865100 0.121629 -0.085460 -0.988890 9.103600 0.074123 0.994287 -0.076810 0.043100 0.000000 0.000000 0.000000 1.000000
0.989800 -0.063927 0.127319 -1.865100 0.121633 -0.086107 -0.988833 9.103600 0.074176 0.994233 -0.077453 0.043100 0.000000 0.000000 0.000000 1.000000
0.989797 -0.063912 0.127344 -1.865100 0.121636 -0.086427 -0.988805 9.103600 0.074202 0.994206 -0.077771 0.043100 0.000000 0.000000 0.000000 1.000000
0.989797 -0.063912 0.127344 -1.865100 0.121636 -0.086427 -0.988805 9.103600 0.074202 0.994206 -0.077771 0.043100 0.000000 0.000000 0.000000 1.000000
0.989797 -0.063912 0.127344 -1.865100 0.121636 -0.086427 -0.988805 9.103600 0.074202 0.994206 -0.077771 0.043100 0.000000 0.000000 0.000000 1.000000</float_array>
        <technique_common>
          <accessor source="#mixamorig_RightHandRing1-Matrix-animation-output-transform-array" count="38" stride="16">
            <param type="float4x4"/>
          </accessor>
        </technique_common>
      </source>
      <source id="mixamorig_RightHandRing1-Interpolations">
        <Name_array id="mixamorig_RightHandRing1-Interpolations-array" count="38">
 LINEAR LINEAR LINEAR LINEAR LINEAR LINEAR LINEAR LINEAR LINEAR LINEAR LINEAR
LINEAR LINEAR LINEAR LINEAR LINEAR LINEAR LINEAR LINEAR LINEAR LINEAR LINEAR LINEAR
LINEAR LINEAR LINEAR LINEAR LINEAR LINEAR LINEAR LINEAR LINEAR LINEAR LINEAR LINEAR
LINEAR LINEAR LINEAR</Name_array>
        <technique_common>
          <accessor source="#mixamorig_RightHandRing1-Interpolations-array" count="38">
            <param type="name"/>
          </accessor>
        </technique_common>
      </source>
      <sampler id="mixamorig_RightHandRing1-Matrix-animation-transform">
        <input semantic="INPUT" source="#mixamorig_RightHandRing1-Matrix-animation-input"/>
        <input semantic="OUTPUT" source="#mixamorig_RightHandRing1-Matrix-animation-output-transform"/>
        <input semantic="INTERPOLATION" source="#mixamorig_RightHandRing1-Interpolations"/>
      </sampler>
      <channel source="#mixamorig_RightHandRing1-Matrix-animation-transform" target="mixamorig_RightHandRing1/matrix"/>
    </animation>
    <animation id="mixamorig_RightHandRing2-anim" name="mixamorig_RightHandRing2">
      <source id="mixamorig_RightHandRing2-Matrix-animation-input">
        <float_array id="mixamorig_RightHandRing2-Matrix-animation-input-array" count="38">

0.000000 0.033333 0.066667 0.100000 0.133333 0.166667 0.200000 0.233333 0.266667 0.300000 0.333333 0.366667 0.400000 0.433333 0.466667 0.500000
0.533333 0.566667 0.600000 0.633333 0.666667 0.700000 0.733333 0.766667 0.800000 0.833333 0.866667 0.900000 0.933333 0.966667 1.000000 1.033333
1.066667 1.100000 1.133333 1.166667 1.200000 1.233333</float_array>
        <technique_common>
          <accessor source="#mixamorig_RightHandRing2-Matrix-animation-input-array" count="38">
            <param name="TIME" type="float"/>
          </accessor>
        </technique_common>
      </source>
      <source id="mixamorig_RightHandRing2-Matrix-animation-output-transform">
        <float_array id="mixamorig_RightHandRing2-Matrix-animation-output-transform-array" count="608">

0.990750 -0.074316 0.113541 0.000000 0.074316 -0.402933 -0.912207 3.379300 0.113541 0.912207 -0.393683 0.000000 0.000000 0.000000 0.000000 1.000000
0.990750 -0.074316 0.113541 0.000000 0.074316 -0.402933 -0.912207 3.379300 0.113541 0.912207 -0.393683 0.000000 0.000000 0.000000 0.000000 1.000000
0.990752 -0.074330 0.113511 0.000000 0.074330 -0.402551 -0.912375 3.379300 0.113511 0.912375 -0.393303 0.000000 0.000000 0.000000 0.000000 1.000000
0.990778 -0.074468 0.113196 -0.000000 0.074468 -0.398668 -0.914067 3.379300 0.113196 0.914067 -0.389446 0.000000 0.000000 0.000000 0.000000 1.000000
0.990811 -0.074644 0.112789 -0.000000 0.074644 -0.393636 -0.916231 3.379300 0.112789 0.916231 -0.384447 -0.000000 0.000000 0.000000 0.000000 1.000000
0.990827 -0.074725 0.112600 0.000000 0.074725 -0.391306 -0.917222 3.379300 0.112600 0.917222 -0.382133 0.000000 0.000000 0.000000 0.000000 1.000000
0.990832 -0.074753 0.112534 -0.000000 0.074753 -0.390485 -0.917569 3.379300 0.112534 0.917569 -0.381317 0.000000 0.000000 0.000000 0.000000 1.000000
0.990841 -0.074801 0.112422 0.000000 0.074801 -0.389102 -0.918153 3.379300 0.112422 0.918153 -0.379943 0.000000 0.000000 0.000000 0.000000 1.000000
0.990853 -0.074862 0.112278 0.000000 0.074861 -0.387320 -0.918901 3.379300 0.112278 0.918901 -0.378173 0.000000 0.000000 0.000000 0.000000 1.000000
0.990861 -0.074901 0.112184 -0.000000 0.074901 -0.386167 -0.919383 3.379300 0.112184 0.919383 -0.377028 0.000000 0.000000 0.000000 0.000000 1.000000
0.990866 -0.074927 0.112122 -0.000000 0.074927 -0.385395 -0.919705 3.379300 0.112122 0.919705 -0.376261 0.000000 0.000000 0.000000 0.000000 1.000000
0.990871 -0.074952 0.112061 0.000000 0.074952 -0.384648 -0.920015 3.379300 0.112061 0.920015 -0.375518 0.000000 0.000000 0.000000 0.000000 1.000000
0.990873 -0.074965 0.112031 0.000000 0.074965 -0.384276 -0.920170 3.379300 0.112032 0.920170 -0.375149 0.000000 0.000000 0.000000 0.000000 1.000000
0.990872 -0.074960 0.112043 0.000000 0.074960 -0.384425 -0.920108 3.379300 0.112043 0.920108 -0.375297 0.000000 0.000000 0.000000 0.000000 1.000000
0.990867 -0.074934 0.112107 0.000000 0.074933 -0.385210 -0.919781 3.379300 0.112107 0.919781 -0.376077 -0.000000 0.000000 0.000000 0.000000 1.000000
0.990854 -0.074869 0.112259 0.000000 0.074869 -0.387092 -0.918996 3.379300 0.112259 0.918996 -0.377946 0.000000 0.000000 0.000000 0.000000 1.000000
0.990831 -0.074750 0.112540 0.000000 0.074751 -0.390558 -0.917538 3.379300 0.112540 0.917538 -0.381390 -0.000000 0.000000 0.000000 0.000000 1.000000
0.990798 -0.074576 0.112947 0.000000 0.074576 -0.395592 -0.915394 3.379300 0.112947 0.915394 -0.386390 0.000000 0.000000 0.000000 0.000000 1.000000
0.990763 -0.074387 0.113380 0.000000 0.074387 -0.400942 -0.913078 3.379300 0.113380 0.913078 -0.391705 0.000000 0.000000 0.000000 0.000000 1.000000
0.990740 -0.074264 0.113659 0.000000 0.074264 -0.404395 -0.911564 3.379300 0.113659 0.911564 -0.395135 -0.000000 0.000000 0.000000 0.000000 1.000000
0.990735 -0.074235 0.113725 -0.000000 0.074234 -0.405208 -0.911206 3.379300 0.113725 0.911206 -0.395943 -0.000000 0.000000 0.000000 0.000000 1.000000
0.990738 -0.074250 0.113692 0.000000 0.074249 -0.404794 -0.911388 3.379300 0.113692 0.911388 -0.395532 0.000000 0.000000 0.000000 0.000000 1.000000
0.990740 -0.074262 0.113664 0.000000 0.074262 -0.404453 -0.911539 3.379300 0.113664 0.911539 -0.395193 -0.000000 0.000000 0.000000 0.000000 1.000000
0.990740 -0.074265 0.113658 0.000000 0.074265 -0.404371 -0.911575 3.379300 0.113658 0.911575 -0.395111 0.000000 0.000000 0.000000 0.000000 1.000000
0.990741 -0.074267 0.113654 -0.000000 0.074266 -0.404323 -0.911596 3.379300 0.113654 0.911596 -0.395064 0.000000 0.000000 0.000000 0.000000 1.000000
0.990741 -0.074269 0.113649 0.000000 0.074268 -0.404265 -0.911622 3.379300 0.113649 0.911622 -0.395006 0.000000 0.000000 0.000000 0.000000 1.000000
0.990742 -0.074271 0.113643 0.000000 0.074272 -0.404182 -0.911658 3.379300 0.113642 0.911658 -0.394924 0.000000 0.000000 0.000000 0.000000 1.000000
0.990743 -0.074276 0.113632 0.000000 0.074276 -0.404046 -0.911718 3.379300 0.113632 0.911718 -0.394789 0.000000 0.000000 0.000000 0.000000 1.000000
0.990744 -0.074281 0.113621 -0.000000 0.074281 -0.403910 -0.911778 3.379300 0.113620 0.911778 -0.394654 0.000000 0.000000 0.000000 0.000000 1.000000
0.990744 -0.074286 0.113609 0.000000 0.074286 -0.403771 -0.911839 3.379300 0.113609 0.911839 -0.394516 0.000000 0.000000 0.000000 0.000000 1.000000
0.990745 -0.074291 0.113598 0.000000 0.074291 -0.403634 -0.911899 3.379300 0.113598 0.911899 -0.394380 0.000000 0.000000 0.000000 0.000000 1.000000
0.990746 -0.074296 0.113587 -0.000000 0.074296 -0.403501 -0.911958 3.379300 0.113587 0.911958 -0.394247 0.000000 0.000000 0.000000 0.000000 1.000000
0.990747 -0.074300 0.113577 0.000000 0.074300 -0.403376 -0.912013 3.379300 0.113577 0.912013 -0.394123 0.000000 0.000000 0.000000 0.000000 1.000000
0.990747 -0.074300 0.113577 0.000000 0.074301 -0.403376 -0.912013 3.379300 0.113577 0.912013 -0.394123 0.000000 0.000000 0.000000 0.000000 1.000000
0.990747 -0.074300 0.113577 -0.000000 0.074300 -0.403376 -0.912013 3.379300 0.113577 0.912013 -0.394123 0.000000 0.000000 0.000000 0.000000 1.000000
0.990747 -0.074301 0.113577 0.000000 0.074300 -0.403376 -0.912013 3.379300 0.113577 0.912013 -0.394123 0.000000 0.000000 0.000000 0.000000 1.000000
0.990747 -0.074300 0.113577 0.000000 0.074300 -0.403377 -0.912013 3.379300 0.113577 0.912012 -0.394124 0.000000 0.000000 0.000000 0.000000 1.000000
0.990747 -0.074300 0.113577 0.000000 0.074300 -0.403376 -0.912013 3.379300 0.113577 0.912013 -0.394123 0.000000 0.000000 0.000000 0.000000 1.000000</float_array>
        <technique_common>
          <accessor source="#mixamorig_RightHandRing2-Matrix-animation-output-transform-array" count="38" stride="16">
            <param type="float4x4"/>
          </accessor>
        </technique_common>
      </source>
      <source id="mixamorig_RightHandRing2-Interpolations">
        <Name_array id="mixamorig_RightHandRing2-Interpolations-array" count="38">
 LINEAR LINEAR LINEAR LINEAR LINEAR LINEAR LINEAR LINEAR LINEAR LINEAR LINEAR
LINEAR LINEAR LINEAR LINEAR LINEAR LINEAR LINEAR LINEAR LINEAR LINEAR LINEAR LINEAR
LINEAR LINEAR LINEAR LINEAR LINEAR LINEAR LINEAR LINEAR LINEAR LINEAR LINEAR LINEAR
LINEAR LINEAR LINEAR</Name_array>
        <technique_common>
          <accessor source="#mixamorig_RightHandRing2-Interpolations-array" count="38">
            <param type="name"/>
          </accessor>
        </technique_common>
      </source>
      <sampler id="mixamorig_RightHandRing2-Matrix-animation-transform">
        <input semantic="INPUT" source="#mixamorig_RightHandRing2-Matrix-animation-input"/>
        <input semantic="OUTPUT" source="#mixamorig_RightHandRing2-Matrix-animation-output-transform"/>
        <input semantic="INTERPOLATION" source="#mixamorig_RightHandRing2-Interpolations"/>
      </sampler>
      <channel source="#mixamorig_RightHandRing2-Matrix-animation-transform" target="mixamorig_RightHandRing2/matrix"/>
    </animation>
    <animation id="mixamorig_RightHandRing3-anim" name="mixamorig_RightHandRing3">
      <source id="mixamorig_RightHandRing3-Matrix-animation-input">
        <float_array id="mixamorig_RightHandRing3-Matrix-animation-input-array" count="38">

0.000000 0.033333 0.066667 0.100000 0.133333 0.166667 0.200000 0.233333 0.266667 0.300000 0.333333 0.366667 0.400000 0.433333 0.466667 0.500000
0.533333 0.566667 0.600000 0.633333 0.666667 0.700000 0.733333 0.766667 0.800000 0.833333 0.866667 0.900000 0.933333 0.966667 1.000000 1.033333
1.066667 1.100000 1.133333 1.166667 1.200000 1.233333</float_array>
        <technique_common>
          <accessor source="#mixamorig_RightHandRing3-Matrix-animation-input-array" count="38">
            <param name="TIME" type="float"/>
          </accessor>
        </technique_common>
      </source>
      <source id="mixamorig_RightHandRing3-Matrix-animation-output-transform">
        <float_array id="mixamorig_RightHandRing3-Matrix-animation-output-transform-array" count="608">

0.996530 -0.071511 0.042593 0.000000 0.071511 0.473714 -0.877771 2.889700 0.042593 0.877771 0.477184 0.000000 0.000000 0.000000 0.000000 1.000000
0.996530 -0.071511 0.042593 0.000000 0.071511 0.473714 -0.877771 2.889700 0.042593 0.877771 0.477184 -0.000000 0.000000 0.000000 0.000000 1.000000
0.996530 -0.071511 0.042593 -0.000000 0.071510 0.473714 -0.877771 2.889700 0.042593 0.877771 0.477184 0.000000 0.000000 0.000000 0.000000 1.000000
0.996530 -0.071511 0.042593 0.000000 0.071511 0.473714 -0.877771 2.889700 0.042593 0.877771 0.477184 0.000000 0.000000 0.000000 0.000000 1.000000
0.996530 -0.071511 0.042593 0.000000 0.071511 0.473714 -0.877771 2.889700 0.042593 0.877771 0.477184 0.000000 0.000000 0.000000 0.000000 1.000000
0.996530 -0.071511 0.042593 0.000000 0.071511 0.473714 -0.877771 2.889700 0.042593 0.877771 0.477184 0.000000 0.000000 0.000000 0.000000 1.000000
0.996530 -0.071511 0.042593 0.000000 0.071511 0.473714 -0.877771 2.889700 0.042593 0.877771 0.477184 -0.000000 0.000000 0.000000 0.000000 1.000000
0.996530 -0.071511 0.042593 -0.000000 0.071511 0.473714 -0.877771 2.889700 0.042593 0.877771 0.477184 0.000000 0.000000 0.000000 0.000000 1.000000
0.996530 -0.071508 0.042588 0.000000 0.071508 0.473777 -0.877737 2.889700 0.042588 0.877737 0.477247 -0.000000 0.000000 0.000000 0.000000 1.000000
0.996533 -0.071489 0.042553 0.000000 0.071489 0.474205 -0.877507 2.889700 0.042553 0.877507 0.477672 0.000000 0.000000 0.000000 0.000000 1.000000
0.996537 -0.071462 0.042504 -0.000000 0.071462 0.474816 -0.877179 2.889700 0.042504 0.877179 0.478279 -0.000000 0.000000 0.000000 0.000000 1.000000
0.996541 -0.071438 0.042459 0.000000 0.071438 0.475374 -0.876879 2.889700 0.042459 0.876879 0.478833 0.000000 0.000000 0.000000 0.000000 1.000000
0.996542 -0.071432 0.042448 -0.000000 0.071432 0.475501 -0.876810 2.889700 0.042448 0.876810 0.478959 0.000000 0.000000 0.000000 0.000000 1.000000
0.996538 -0.071455 0.042490 0.000000 0.071455 0.474983 -0.877089 2.889700 0.042490 0.877089 0.478445 0.000000 0.000000 0.000000 0.000000 1.000000
0.996533 -0.071491 0.042556 -0.000000 0.071491 0.474166 -0.877528 2.889700 0.042557 0.877528 0.477633 0.000000 0.000000 0.000000 0.000000 1.000000
0.996529 -0.071515 0.042600 0.000000 0.071514 0.473630 -0.877816 2.889700 0.042600 0.877816 0.477100 0.000000 0.000000 0.000000 0.000000 1.000000
0.996529 -0.071517 0.042604 -0.000000 0.071517 0.473571 -0.877847 2.889700 0.042605 0.877847 0.477042 0.000000 0.000000 0.000000 0.000000 1.000000
0.996529 -0.071517 0.042605 0.000000 0.071517 0.473571 -0.877847 2.889700 0.042604 0.877847 0.477042 0.000000 0.000000 0.000000 0.000000 1.000000
0.996529 -0.071517 0.042605 0.000000 0.071517 0.473571 -0.877847 2.889700 0.042605 0.877847 0.477042 0.000000 0.000000 0.000000 0.000000 1.000000
0.996529 -0.071517 0.042605 -0.000000 0.071517 0.473571 -0.877847 2.889700 0.042605 0.877847 0.477042 0.000000 0.000000 0.000000 0.000000 1.000000
0.996529 -0.071517 0.042605 0.000000 0.071517 0.473571 -0.877847 2.889700 0.042605 0.877847 0.477042 0.000000 0.000000 0.000000 0.000000 1.000000
0.996529 -0.071517 0.042604 0.000000 0.071517 0.473571 -0.877847 2.889700 0.042605 0.877847 0.477042 0.000000 0.000000 0.000000 0.000000 1.000000
0.996529 -0.071517 0.042605 -0.000000 0.071517 0.473571 -0.877847 2.889700 0.042605 0.877847 0.477042 0.000000 0.000000 0.000000 0.000000 1.000000
0.996529 -0.071517 0.042605 -0.000000 0.071517 0.473571 -0.877847 2.889700 0.042604 0.877847 0.477042 0.000000 0.000000 0.000000 0.000000 1.000000
0.996529 -0.071517 0.042604 0.000000 0.071517 0.473571 -0.877847 2.889700 0.042605 0.877847 0.477042 0.000000 0.000000 0.000000 0.000000 1.000000
0.996529 -0.071517 0.042605 -0.000000 0.071517 0.473571 -0.877847 2.889700 0.042604 0.877847 0.477042 0.000000 0.000000 0.000000 0.000000 1.000000
0.996529 -0.071517 0.042604 0.000000 0.071517 0.473571 -0.877847 2.889700 0.042605 0.877847 0.477042 0.000000 0.000000 0.000000 0.000000 1.000000
0.996529 -0.071517 0.042604 -0.000000 0.071517 0.473571 -0.877847 2.889700 0.042605 0.877847 0.477042 0.000000 0.000000 0.000000 0.000000 1.000000
0.996529 -0.071517 0.042604 -0.000000 0.071517 0.473571 -0.877847 2.889700 0.042605 0.877847 0.477042 -0.000000 0.000000 0.000000 0.000000 1.000000
0.996529 -0.071517 0.042605 -0.000000 0.071517 0.473571 -0.877847 2.889700 0.042604 0.877847 0.477042 0.000000 0.000000 0.000000 0.000000 1.000000
0.996529 -0.071517 0.042605 0.000000 0.071517 0.473571 -0.877847 2.889700 0.042605 0.877847 0.477042 0.000000 0.000000 0.000000 0.000000 1.000000
0.996529 -0.071517 0.042604 -0.000000 0.071517 0.473571 -0.877847 2.889700 0.042605 0.877847 0.477042 0.000000 0.000000 0.000000 0.000000 1.000000
0.996529 -0.071517 0.042605 0.000000 0.071517 0.473571 -0.877847 2.889700 0.042605 0.877847 0.477042 0.000000 0.000000 0.000000 0.000000 1.000000
0.996529 -0.071517 0.042605 0.000000 0.071517 0.473571 -0.877847 2.889700 0.042605 0.877847 0.477042 0.000000 0.000000 0.000000 0.000000 1.000000
0.996529 -0.071517 0.042605 0.000000 0.071517 0.473571 -0.877847 2.889700 0.042605 0.877847 0.477042 0.000000 0.000000 0.000000 0.000000 1.000000
0.996529 -0.071517 0.042604 0.000000 0.071517 0.473571 -0.877847 2.889700 0.042605 0.877847 0.477042 0.000000 0.000000 0.000000 0.000000 1.000000
0.996529 -0.071517 0.042604 -0.000000 0.071517 0.473571 -0.877847 2.889700 0.042605 0.877847 0.477042 0.000000 0.000000 0.000000 0.000000 1.000000
0.996529 -0.071517 0.042605 0.000000 0.071517 0.473571 -0.877847 2.889700 0.042604 0.877847 0.477042 -0.000000 0.000000 0.000000 0.000000 1.000000</float_array>
        <technique_common>
          <accessor source="#mixamorig_RightHandRing3-Matrix-animation-output-transform-array" count="38" stride="16">
            <param type="float4x4"/>
          </accessor>
        </technique_common>
      </source>
      <source id="mixamorig_RightHandRing3-Interpolations">
        <Name_array id="mixamorig_RightHandRing3-Interpolations-array" count="38">
 LINEAR LINEAR LINEAR LINEAR LINEAR LINEAR LINEAR LINEAR LINEAR LINEAR LINEAR
LINEAR LINEAR LINEAR LINEAR LINEAR LINEAR LINEAR LINEAR LINEAR LINEAR LINEAR LINEAR
LINEAR LINEAR LINEAR LINEAR LINEAR LINEAR LINEAR LINEAR LINEAR LINEAR LINEAR LINEAR
LINEAR LINEAR LINEAR</Name_array>
        <technique_common>
          <accessor source="#mixamorig_RightHandRing3-Interpolations-array" count="38">
            <param type="name"/>
          </accessor>
        </technique_common>
      </source>
      <sampler id="mixamorig_RightHandRing3-Matrix-animation-transform">
        <input semantic="INPUT" source="#mixamorig_RightHandRing3-Matrix-animation-input"/>
        <input semantic="OUTPUT" source="#mixamorig_RightHandRing3-Matrix-animation-output-transform"/>
        <input semantic="INTERPOLATION" source="#mixamorig_RightHandRing3-Interpolations"/>
      </sampler>
      <channel source="#mixamorig_RightHandRing3-Matrix-animation-transform" target="mixamorig_RightHandRing3/matrix"/>
    </animation>
    <animation id="mixamorig_RightHandPinky1-anim" name="mixamorig_RightHandPinky1">
      <source id="mixamorig_RightHandPinky1-Matrix-animation-input">
        <float_array id="mixamorig_RightHandPinky1-Matrix-animation-input-array" count="38">

0.000000 0.033333 0.066667 0.100000 0.133333 0.166667 0.200000 0.233333 0.266667 0.300000 0.333333 0.366667 0.400000 0.433333 0.466667 0.500000
0.533333 0.566667 0.600000 0.633333 0.666667 0.700000 0.733333 0.766667 0.800000 0.833333 0.866667 0.900000 0.933333 0.966667 1.000000 1.033333
1.066667 1.100000 1.133333 1.166667 1.200000 1.233333</float_array>
        <technique_common>
          <accessor source="#mixamorig_RightHandPinky1-Matrix-animation-input-array" count="38">
            <param name="TIME" type="float"/>
          </accessor>
        </technique_common>
      </source>
      <source id="mixamorig_RightHandPinky1-Matrix-animation-output-transform">
        <float_array id="mixamorig_RightHandPinky1-Matrix-animation-output-transform-array" count="608">

0.987616 0.094475 0.125256 -3.806300 0.130817 -0.055132 -0.989872 8.076700 -0.086612 0.994000 -0.066808 0.486700 0.000000 0.000000 0.000000 1.000000
0.987697 0.093842 0.125093 -3.806300 0.130431 -0.053067 -0.990036 8.076700 -0.086269 0.994172 -0.064654 0.486700 0.000000 0.000000 0.000000 1.000000
0.987868 0.093493 0.124002 -3.806300 0.128131 -0.039507 -0.990970 8.076700 -0.087750 0.994836 -0.051007 0.486700 0.000000 0.000000 0.000000 1.000000
0.988229 0.098753 0.116837 -3.806300 0.112660 0.046880 -0.992527 8.076700 -0.103492 0.994007 0.035202 0.486700 0.000000 0.000000 0.000000 1.000000
0.988289 0.108267 0.107527 -3.806300 0.090277 0.153263 -0.984053 8.076700 -0.123020 0.982237 0.141694 0.486700 0.000000 0.000000 0.000000 1.000000
0.988142 0.118051 0.098186 -3.806300 0.065513 0.254182 -0.964935 8.076700 -0.138868 0.959925 0.243434 0.486700 0.000000 0.000000 0.000000 1.000000
0.988108 0.125426 0.088939 -3.806300 0.039951 0.349132 -0.936222 8.076700 -0.148478 0.928642 0.339969 0.486700 0.000000 0.000000 0.000000 1.000000
0.988434 0.126025 0.084359 -3.806300 0.028038 0.394814 -0.918333 8.076700 -0.149039 0.910077 0.386714 0.486700 0.000000 0.000000 0.000000 1.000000
0.988895 0.121621 0.085409 -3.806300 0.032304 0.385052 -0.922329 8.076700 -0.145061 0.914846 0.376848 0.486700 0.000000 0.000000 0.000000 1.000000
0.989134 0.117297 0.088629 -3.806300 0.041835 0.353364 -0.934550 8.076700 -0.140938 0.928103 0.344618 0.486700 0.000000 0.000000 0.000000 1.000000
0.989221 0.114522 0.091245 -3.806300 0.049181 0.327085 -0.943714 8.076700 -0.137921 0.938030 0.317927 0.486700 0.000000 0.000000 0.000000 1.000000
0.989231 0.113341 0.092606 -3.806300 0.052880 0.313213 -0.948210 8.076700 -0.136476 0.942895 0.303846 0.486700 0.000000 0.000000 0.000000 1.000000
0.989149 0.113920 0.092766 -3.806300 0.053105 0.311489 -0.948765 8.076700 -0.136979 0.943396 0.302059 0.486700 0.000000 0.000000 0.000000 1.000000
0.989066 0.115654 0.091498 -3.806300 0.049461 0.324348 -0.944644 8.076700 -0.138929 0.938841 0.315081 0.486700 0.000000 0.000000 0.000000 1.000000
0.989020 0.118061 0.088886 -3.806300 0.042219 0.350673 -0.935546 8.076700 -0.141622 0.929026 0.341838 0.486700 0.000000 0.000000 0.000000 1.000000
0.988989 0.120520 0.085879 -3.806300 0.033876 0.380532 -0.924147 8.076700 -0.144058 0.916881 0.372259 0.486700 0.000000 0.000000 0.000000 1.000000
0.989043 0.121876 0.083313 -3.806300 0.026961 0.405732 -0.913595 8.076700 -0.145148 0.905830 0.398000 0.486700 0.000000 0.000000 0.000000 1.000000
0.989180 0.121605 0.082065 -3.806300 0.023956 0.417989 -0.908136 8.076700 -0.144736 0.900276 0.410553 0.486700 0.000000 0.000000 0.000000 1.000000
0.989240 0.119671 0.084158 -3.806300 0.029900 0.397725 -0.917017 8.076700 -0.143212 0.909667 0.389868 0.486700 0.000000 0.000000 0.000000 1.000000
0.989048 0.116111 0.091119 -3.806300 0.048384 0.328178 -0.943376 8.076700 -0.139439 0.937453 0.318966 0.486700 0.000000 0.000000 0.000000 1.000000
0.988559 0.111775 0.101275 -3.806300 0.074532 0.221741 -0.972253 8.076700 -0.131130 0.968678 0.210874 0.486700 0.000000 0.000000 0.000000 1.000000
0.987995 0.107817 0.110637 -3.806300 0.097761 0.118172 -0.988169 8.076700 -0.119615 0.987123 0.106213 0.486700 0.000000 0.000000 0.000000 1.000000
0.987639 0.104535 0.116797 -3.806300 0.112409 0.046954 -0.992552 8.076700 -0.109241 0.993412 0.034623 0.486700 0.000000 0.000000 0.000000 1.000000
0.987520 0.101715 0.120240 -3.806300 0.120253 0.006026 -0.992725 8.076700 -0.101700 0.994795 -0.006280 0.486700 0.000000 0.000000 0.000000 1.000000
0.987519 0.099366 0.122199 -3.806300 0.124535 -0.017630 -0.992059 8.076700 -0.096422 0.994895 -0.029785 0.486700 0.000000 0.000000 0.000000 1.000000
0.987556 0.097638 0.123285 -3.806300 0.126821 -0.030851 -0.991446 8.076700 -0.093000 0.994744 -0.042850 0.486700 0.000000 0.000000 0.000000 1.000000
0.987594 0.096543 0.123845 -3.806300 0.127966 -0.037708 -0.991061 8.076700 -0.091010 0.994614 -0.049595 0.486700 0.000000 0.000000 0.000000 1.000000
0.987612 0.095943 0.124165 -3.806300 0.128613 -0.041635 -0.990820 8.076700 -0.089893 0.994516 -0.053459 0.486700 0.000000 0.000000 0.000000 1.000000
0.987621 0.095533 0.124412 -3.806300 0.129113 -0.044681 -0.990623 8.076700 -0.089078 0.994423 -0.056462 0.486700 0.000000 0.000000 0.000000 1.000000
0.987625 0.095217 0.124618 -3.806300 0.129527 -0.047220 -0.990451 8.076700 -0.088424 0.994336 -0.058968 0.486700 0.000000 0.000000 0.000000 1.000000
0.987626 0.094997 0.124782 -3.806300 0.129858 -0.049250 -0.990309 8.076700 -0.087931 0.994259 -0.060977 0.486700 0.000000 0.000000 0.000000 1.000000
0.987624 0.094837 0.124916 -3.806300 0.130129 -0.050908 -0.990189 8.076700 -0.087547 0.994190 -0.062619 0.486700 0.000000 0.000000 0.000000 1.000000
0.987622 0.094719 0.125025 -3.806300 0.130350 -0.052263 -0.990090 8.076700 -0.087246 0.994131 -0.063963 0.486700 0.000000 0.000000 0.000000 1.000000
0.987620 0.094614 0.125120 -3.806300 0.130541 -0.053435 -0.990002 8.076700 -0.086982 0.994079 -0.065124 0.486700 0.000000 0.000000 0.000000 1.000000
0.987604 0.094662 0.125207 -3.806300 0.130727 -0.054527 -0.989918 8.076700 -0.086880 0.994015 -0.066226 0.486700 0.000000 0.000000 0.000000 1.000000
0.987596 0.094688 0.125253 -3.806300 0.130824 -0.055093 -0.989874 8.076700 -0.086828 0.993981 -0.066797 0.486700 0.000000 0.000000 0.000000 1.000000
0.987596 0.094688 0.125253 -3.806300 0.130824 -0.055094 -0.989874 8.076700 -0.086829 0.993981 -0.066798 0.486700 0.000000 0.000000 0.000000 1.000000
0.987596 0.094688 0.125253 -3.806300 0.130824 -0.055093 -0.989874 8.076700 -0.086828 0.993981 -0.066797 0.486700 0.000000 0.000000 0.000000 1.000000</float_array>
        <technique_common>
          <accessor source="#mixamorig_RightHandPinky1-Matrix-animation-output-transform-array" count="38" stride="16">
            <param type="float4x4"/>
          </accessor>
        </technique_common>
      </source>
      <source id="mixamorig_RightHandPinky1-Interpolations">
        <Name_array id="mixamorig_RightHandPinky1-Interpolations-array" count="38">
 LINEAR LINEAR LINEAR LINEAR LINEAR LINEAR LINEAR LINEAR LINEAR LINEAR LINEAR
LINEAR LINEAR LINEAR LINEAR LINEAR LINEAR LINEAR LINEAR LINEAR LINEAR LINEAR LINEAR
LINEAR LINEAR LINEAR LINEAR LINEAR LINEAR LINEAR LINEAR LINEAR LINEAR LINEAR LINEAR
LINEAR LINEAR LINEAR</Name_array>
        <technique_common>
          <accessor source="#mixamorig_RightHandPinky1-Interpolations-array" count="38">
            <param type="name"/>
          </accessor>
        </technique_common>
      </source>
      <sampler id="mixamorig_RightHandPinky1-Matrix-animation-transform">
        <input semantic="INPUT" source="#mixamorig_RightHandPinky1-Matrix-animation-input"/>
        <input semantic="OUTPUT" source="#mixamorig_RightHandPinky1-Matrix-animation-output-transform"/>
        <input semantic="INTERPOLATION" source="#mixamorig_RightHandPinky1-Interpolations"/>
      </sampler>
      <channel source="#mixamorig_RightHandPinky1-Matrix-animation-transform" target="mixamorig_RightHandPinky1/matrix"/>
    </animation>
    <animation id="mixamorig_RightHandPinky2-anim" name="mixamorig_RightHandPinky2">
      <source id="mixamorig_RightHandPinky2-Matrix-animation-input">
        <float_array id="mixamorig_RightHandPinky2-Matrix-animation-input-array" count="38">

0.000000 0.033333 0.066667 0.100000 0.133333 0.166667 0.200000 0.233333 0.266667 0.300000 0.333333 0.366667 0.400000 0.433333 0.466667 0.500000
0.533333 0.566667 0.600000 0.633333 0.666667 0.700000 0.733333 0.766667 0.800000 0.833333 0.866667 0.900000 0.933333 0.966667 1.000000 1.033333
1.066667 1.100000 1.133333 1.166667 1.200000 1.233333</float_array>
        <technique_common>
          <accessor source="#mixamorig_RightHandPinky2-Matrix-animation-input-array" count="38">
            <param name="TIME" type="float"/>
          </accessor>
        </technique_common>
      </source>
      <source id="mixamorig_RightHandPinky2-Matrix-animation-output-transform">
        <float_array id="mixamorig_RightHandPinky2-Matrix-animation-output-transform-array" count="608">

0.991926 -0.079127 0.099102 0.000000 0.079127 -0.224517 -0.971252 3.600000 0.099102 0.971252 -0.216443 -0.000000 0.000000 0.000000 0.000000 1.000000
0.991929 -0.079133 0.099073 0.000000 0.079133 -0.224157 -0.971335 3.600000 0.099073 0.971335 -0.216086 0.000000 0.000000 0.000000 0.000000 1.000000
0.991927 -0.079127 0.099097 0.000000 0.079127 -0.224462 -0.971265 3.600000 0.099097 0.971265 -0.216389 0.000000 0.000000 0.000000 0.000000 1.000000
0.991921 -0.079112 0.099164 0.000000 0.079112 -0.225288 -0.971075 3.600000 0.099164 0.971075 -0.217209 0.000000 0.000000 0.000000 0.000000 1.000000
0.991989 -0.079301 0.098331 0.000000 0.079301 -0.214988 -0.973392 3.600000 0.098331 0.973392 -0.206977 0.000000 0.000000 0.000000 0.000000 1.000000
0.992163 -0.079742 0.096200 -0.000000 0.079742 -0.188652 -0.978801 3.600000 0.096200 0.978801 -0.180815 -0.000000 0.000000 0.000000 0.000000 1.000000
0.992346 -0.080141 0.093954 -0.000000 0.080142 -0.160910 -0.983710 3.600000 0.093954 0.983710 -0.153256 -0.000000 0.000000 0.000000 0.000000 1.000000
0.992432 -0.080308 0.092896 0.000000 0.080307 -0.147835 -0.985746 3.600000 0.092896 0.985746 -0.140267 0.000000 0.000000 0.000000 0.000000 1.000000
0.992434 -0.080312 0.092869 -0.000000 0.080311 -0.147501 -0.985796 3.600000 0.092869 0.985796 -0.139935 0.000000 0.000000 0.000000 0.000000 1.000000
0.992418 -0.080281 0.093071 0.000000 0.080281 -0.149998 -0.985422 3.600000 0.093071 0.985422 -0.142415 0.000000 0.000000 0.000000 0.000000 1.000000
0.992396 -0.080239 0.093341 0.000000 0.080239 -0.153329 -0.984912 3.600000 0.093341 0.984912 -0.145725 -0.000000 0.000000 0.000000 0.000000 1.000000
0.992354 -0.080158 0.093855 0.000000 0.080158 -0.159680 -0.983909 3.600000 0.093855 0.983909 -0.152033 0.000000 0.000000 0.000000 0.000000 1.000000
0.992302 -0.080051 0.094496 0.000000 0.080051 -0.167601 -0.982599 3.600000 0.094496 0.982599 -0.159903 0.000000 0.000000 0.000000 0.000000 1.000000
0.992259 -0.079961 0.095012 0.000000 0.079961 -0.173984 -0.981497 3.600000 0.095012 0.981497 -0.166244 -0.000000 0.000000 0.000000 0.000000 1.000000
0.992220 -0.079874 0.095495 0.000000 0.079874 -0.179951 -0.980427 3.600000 0.095495 0.980427 -0.172171 0.000000 0.000000 0.000000 0.000000 1.000000
0.992161 -0.079737 0.096221 0.000000 0.079737 -0.188916 -0.978751 3.600000 0.096221 0.978751 -0.181077 0.000000 0.000000 0.000000 0.000000 1.000000
0.992082 -0.079543 0.097196 0.000000 0.079543 -0.200971 -0.976362 3.600000 0.097197 0.976362 -0.193053 0.000000 0.000000 0.000000 0.000000 1.000000
0.991997 -0.079321 0.098239 0.000000 0.079321 -0.213852 -0.973640 3.600000 0.098239 0.973640 -0.205848 0.000000 0.000000 0.000000 0.000000 1.000000
0.991925 -0.079122 0.099123 0.000000 0.079122 -0.224778 -0.971192 3.600000 0.099123 0.971192 -0.216702 0.000000 0.000000 0.000000 0.000000 1.000000
0.991882 -0.078999 0.099646 0.000000 0.078999 -0.231239 -0.969684 3.600000 0.099646 0.969684 -0.223121 0.000000 0.000000 0.000000 0.000000 1.000000
0.991867 -0.078956 0.099826 -0.000000 0.078955 -0.233469 -0.969153 3.600000 0.099826 0.969153 -0.225336 0.000000 0.000000 0.000000 0.000000 1.000000
0.991869 -0.078960 0.099806 -0.000000 0.078961 -0.233211 -0.969215 3.600000 0.099805 0.969215 -0.225080 0.000000 0.000000 0.000000 0.000000 1.000000
0.991882 -0.078998 0.099647 -0.000000 0.078998 -0.231255 -0.969681 3.600000 0.099647 0.969681 -0.223136 0.000000 0.000000 0.000000 0.000000 1.000000
0.991898 -0.079046 0.099447 0.000000 0.079046 -0.228777 -0.970264 3.600000 0.099446 0.970264 -0.220675 0.000000 0.000000 0.000000 0.000000 1.000000
0.991908 -0.079074 0.099330 -0.000000 0.079073 -0.227338 -0.970600 3.600000 0.099330 0.970600 -0.219245 -0.000000 0.000000 0.000000 0.000000 1.000000
0.991913 -0.079087 0.099271 0.000000 0.079087 -0.226604 -0.970771 3.600000 0.099271 0.970771 -0.218516 -0.000000 0.000000 0.000000 0.000000 1.000000
0.991919 -0.079106 0.099192 0.000000 0.079106 -0.225627 -0.970997 3.600000 0.099192 0.970997 -0.217546 0.000000 0.000000 0.000000 0.000000 1.000000
0.991924 -0.079119 0.099134 0.000000 0.079120 -0.224902 -0.971164 3.600000 0.099133 0.971164 -0.216825 0.000000 0.000000 0.000000 0.000000 1.000000
0.991926 -0.079126 0.099104 0.000000 0.079126 -0.224545 -0.971246 3.600000 0.099104 0.971246 -0.216471 0.000000 0.000000 0.000000 0.000000 1.000000
0.991927 -0.079127 0.099099 -0.000000 0.079127 -0.224481 -0.971261 3.600000 0.099099 0.971260 -0.216408 0.000000 0.000000 0.000000 0.000000 1.000000
0.991927 -0.079127 0.099099 0.000000 0.079127 -0.224482 -0.971260 3.600000 0.099099 0.971260 -0.216408 0.000000 0.000000 0.000000 0.000000 1.000000
0.991927 -0.079127 0.099099 0.000000 0.079127 -0.224482 -0.971260 3.600000 0.099099 0.971260 -0.216408 0.000000 0.000000 0.000000 0.000000 1.000000
0.991927 -0.079127 0.099099 0.000000 0.079127 -0.224481 -0.971260 3.600000 0.099099 0.971260 -0.216408 0.000000 0.000000 0.000000 0.000000 1.000000
0.991927 -0.079127 0.099099 0.000000 0.079127 -0.224481 -0.971261 3.600000 0.099099 0.971261 -0.216408 0.000000 0.000000 0.000000 0.000000 1.000000
0.991927 -0.079127 0.099099 0.000000 0.079127 -0.224481 -0.971261 3.600000 0.099099 0.971261 -0.216408 0.000000 0.000000 0.000000 0.000000 1.000000
0.991927 -0.079127 0.099099 0.000000 0.079127 -0.224482 -0.971260 3.600000 0.099099 0.971260 -0.216408 -0.000000 0.000000 0.000000 0.000000 1.000000
0.991927 -0.079127 0.099099 -0.000000 0.079127 -0.224481 -0.971261 3.600000 0.099099 0.971261 -0.216408 0.000000 0.000000 0.000000 0.000000 1.000000
0.991927 -0.079127 0.099099 -0.000000 0.079127 -0.224481 -0.971261 3.600000 0.099099 0.971261 -0.216408 -0.000000 0.000000 0.000000 0.000000 1.000000</float_array>
        <technique_common>
          <accessor source="#mixamorig_RightHandPinky2-Matrix-animation-output-transform-array" count="38" stride="16">
            <param type="float4x4"/>
          </accessor>
        </technique_common>
      </source>
      <source id="mixamorig_RightHandPinky2-Interpolations">
        <Name_array id="mixamorig_RightHandPinky2-Interpolations-array" count="38">
 LINEAR LINEAR LINEAR LINEAR LINEAR LINEAR LINEAR LINEAR LINEAR LINEAR LINEAR
LINEAR LINEAR LINEAR LINEAR LINEAR LINEAR LINEAR LINEAR LINEAR LINEAR LINEAR LINEAR
LINEAR LINEAR LINEAR LINEAR LINEAR LINEAR LINEAR LINEAR LINEAR LINEAR LINEAR LINEAR
LINEAR LINEAR LINEAR</Name_array>
        <technique_common>
          <accessor source="#mixamorig_RightHandPinky2-Interpolations-array" count="38">
            <param type="name"/>
          </accessor>
        </technique_common>
      </source>
      <sampler id="mixamorig_RightHandPinky2-Matrix-animation-transform">
        <input semantic="INPUT" source="#mixamorig_RightHandPinky2-Matrix-animation-input"/>
        <input semantic="OUTPUT" source="#mixamorig_RightHandPinky2-Matrix-animation-output-transform"/>
        <input semantic="INTERPOLATION" source="#mixamorig_RightHandPinky2-Interpolations"/>
      </sampler>
      <channel source="#mixamorig_RightHandPinky2-Matrix-animation-transform" target="mixamorig_RightHandPinky2/matrix"/>
    </animation>
    <animation id="mixamorig_RightHandPinky3-anim" name="mixamorig_RightHandPinky3">
      <source id="mixamorig_RightHandPinky3-Matrix-animation-input">
        <float_array id="mixamorig_RightHandPinky3-Matrix-animation-input-array" count="38">

0.000000 0.033333 0.066667 0.100000 0.133333 0.166667 0.200000 0.233333 0.266667 0.300000 0.333333 0.366667 0.400000 0.433333 0.466667 0.500000
0.533333 0.566667 0.600000 0.633333 0.666667 0.700000 0.733333 0.766667 0.800000 0.833333 0.866667 0.900000 0.933333 0.966667 1.000000 1.033333
1.066667 1.100000 1.133333 1.166667 1.200000 1.233333</float_array>
        <technique_common>
          <accessor source="#mixamorig_RightHandPinky3-Matrix-animation-input-array" count="38">
            <param name="TIME" type="float"/>
          </accessor>
        </technique_common>
      </source>
      <source id="mixamorig_RightHandPinky3-Matrix-animation-output-transform">
        <float_array id="mixamorig_RightHandPinky3-Matrix-animation-output-transform-array" count="608">

0.992201 -0.079831 0.095729 0.000000 0.079831 -0.182838 -0.979897 2.100000 0.095729 0.979897 -0.175039 0.000000 0.000000 0.000000 0.000000 1.000000
0.992204 -0.079837 0.095698 0.000000 0.079836 -0.182461 -0.979966 2.100000 0.095699 0.979966 -0.174665 0.000000 0.000000 0.000000 0.000000 1.000000
0.992202 -0.079832 0.095724 0.000000 0.079832 -0.182774 -0.979908 2.100000 0.095723 0.979908 -0.174975 0.000000 0.000000 0.000000 0.000000 1.000000
0.992194 -0.079816 0.095810 0.000000 0.079816 -0.183835 -0.979711 2.100000 0.095810 0.979711 -0.176030 0.000000 0.000000 0.000000 0.000000 1.000000
0.992261 -0.079964 0.094998 0.000000 0.079964 -0.173802 -0.981529 2.100000 0.094998 0.981529 -0.166063 0.000000 0.000000 0.000000 0.000000 1.000000
0.992433 -0.080310 0.092877 0.000000 0.080310 -0.147603 -0.985781 2.100000 0.092877 0.985781 -0.140036 -0.000000 0.000000 0.000000 0.000000 1.000000
0.992616 -0.080614 0.090637 0.000000 0.080614 -0.119922 -0.989505 2.100000 0.090637 0.989505 -0.112538 -0.000000 0.000000 0.000000 0.000000 1.000000
0.992703 -0.080735 0.089573 0.000000 0.080735 -0.106781 -0.990999 2.100000 0.089573 0.990999 -0.099483 0.000000 0.000000 0.000000 0.000000 1.000000
0.992706 -0.080739 0.089534 -0.000000 0.080739 -0.106294 -0.991051 2.100000 0.089534 0.991051 -0.099000 0.000000 0.000000 0.000000 0.000000 1.000000
0.992690 -0.080719 0.089725 0.000000 0.080719 -0.108659 -0.990797 2.100000 0.089725 0.990797 -0.101349 0.000000 0.000000 0.000000 0.000000 1.000000
0.992669 -0.080689 0.089989 0.000000 0.080690 -0.111912 -0.990437 2.100000 0.089988 0.990437 -0.104580 0.000000 0.000000 0.000000 0.000000 1.000000
0.992627 -0.080630 0.090501 0.000000 0.080630 -0.118247 -0.989705 2.100000 0.090501 0.989705 -0.110874 0.000000 0.000000 0.000000 0.000000 1.000000
0.992574 -0.080550 0.091146 0.000000 0.080550 -0.126214 -0.988727 2.100000 0.091146 0.988727 -0.118788 0.000000 0.000000 0.000000 0.000000 1.000000
0.992532 -0.080482 0.091668 0.000000 0.080482 -0.132667 -0.987888 2.100000 0.091668 0.987888 -0.125199 0.000000 0.000000 0.000000 0.000000 1.000000
0.992492 -0.080415 0.092158 0.000000 0.080415 -0.138716 -0.987062 2.100000 0.092158 0.987062 -0.131208 0.000000 0.000000 0.000000 0.000000 1.000000
0.992432 -0.080308 0.092892 0.000000 0.080308 -0.147784 -0.985754 2.100000 0.092892 0.985754 -0.140216 0.000000 0.000000 0.000000 0.000000 1.000000
0.992352 -0.080155 0.093876 0.000000 0.080155 -0.159938 -0.983867 2.100000 0.093876 0.983867 -0.152290 0.000000 0.000000 0.000000 0.000000 1.000000
0.992267 -0.079977 0.094924 0.000000 0.079977 -0.172891 -0.981689 2.100000 0.094924 0.981689 -0.165158 0.000000 0.000000 0.000000 0.000000 1.000000
0.992194 -0.079816 0.095810 -0.000000 0.079816 -0.183843 -0.979710 2.100000 0.095810 0.979710 -0.176038 0.000000 0.000000 0.000000 0.000000 1.000000
0.992152 -0.079716 0.096329 0.000000 0.079716 -0.190257 -0.978492 2.100000 0.096329 0.978492 -0.182410 0.000000 0.000000 0.000000 0.000000 1.000000
0.992138 -0.079683 0.096500 0.000000 0.079683 -0.192371 -0.978082 2.100000 0.096500 0.978082 -0.184509 0.000000 0.000000 0.000000 0.000000 1.000000
0.992141 -0.079689 0.096468 -0.000000 0.079689 -0.191973 -0.978160 2.100000 0.096468 0.978160 -0.184114 0.000000 0.000000 0.000000 0.000000 1.000000
0.992155 -0.079722 0.096299 0.000000 0.079723 -0.189886 -0.978564 2.100000 0.096299 0.978564 -0.182041 0.000000 0.000000 0.000000 0.000000 1.000000
0.992172 -0.079763 0.096090 0.000000 0.079763 -0.187305 -0.979058 2.100000 0.096091 0.979058 -0.179476 0.000000 0.000000 0.000000 0.000000 1.000000
0.992182 -0.079786 0.095968 -0.000000 0.079786 -0.185792 -0.979344 2.100000 0.095968 0.979344 -0.177973 0.000000 0.000000 0.000000 0.000000 1.000000
0.992187 -0.079798 0.095905 -0.000000 0.079798 -0.185011 -0.979491 2.100000 0.095904 0.979491 -0.177198 0.000000 0.000000 0.000000 0.000000 1.000000
0.992193 -0.079813 0.095823 -0.000000 0.079814 -0.184001 -0.979680 2.100000 0.095823 0.979680 -0.176195 0.000000 0.000000 0.000000 0.000000 1.000000
0.992198 -0.079825 0.095763 -0.000000 0.079824 -0.183256 -0.979819 2.100000 0.095763 0.979819 -0.175455 0.000000 0.000000 0.000000 0.000000 1.000000
0.992201 -0.079830 0.095733 0.000000 0.079830 -0.182889 -0.979887 2.100000 0.095733 0.979887 -0.175090 0.000000 0.000000 0.000000 0.000000 1.000000
0.992201 -0.079831 0.095727 -0.000000 0.079831 -0.182823 -0.979899 2.100000 0.095728 0.979899 -0.175024 -0.000000 0.000000 0.000000 0.000000 1.000000
0.992201 -0.079831 0.095728 0.000000 0.079831 -0.182823 -0.979899 2.100000 0.095728 0.979899 -0.175024 0.000000 0.000000 0.000000 0.000000 1.000000
0.992201 -0.079831 0.095728 -0.000000 0.079831 -0.182823 -0.979899 2.100000 0.095728 0.979899 -0.175024 0.000000 0.000000 0.000000 0.000000 1.000000
0.992201 -0.079831 0.095728 0.000000 0.079831 -0.182823 -0.979899 2.100000 0.095728 0.979899 -0.175024 0.000000 0.000000 0.000000 0.000000 1.000000
0.992201 -0.079831 0.095728 -0.000000 0.079831 -0.182823 -0.979899 2.100000 0.095728 0.979899 -0.175024 -0.000000 0.000000 0.000000 0.000000 1.000000
0.992201 -0.079831 0.095728 0.000000 0.079831 -0.182823 -0.979899 2.100000 0.095728 0.979899 -0.175024 -0.000000 0.000000 0.000000 0.000000 1.000000
0.992201 -0.079831 0.095728 -0.000000 0.079831 -0.182823 -0.979899 2.100000 0.095728 0.979899 -0.175024 -0.000000 0.000000 0.000000 0.000000 1.000000
0.992201 -0.079831 0.095728 0.000000 0.079831 -0.182823 -0.979899 2.100000 0.095727 0.979899 -0.175024 0.000000 0.000000 0.000000 0.000000 1.000000
0.992201 -0.079831 0.095728 0.000000 0.079831 -0.182823 -0.979899 2.100000 0.095728 0.979899 -0.175024 0.000000 0.000000 0.000000 0.000000 1.000000</float_array>
        <technique_common>
          <accessor source="#mixamorig_RightHandPinky3-Matrix-animation-output-transform-array" count="38" stride="16">
            <param type="float4x4"/>
          </accessor>
        </technique_common>
      </source>
      <source id="mixamorig_RightHandPinky3-Interpolations">
        <Name_array id="mixamorig_RightHandPinky3-Interpolations-array" count="38">
 LINEAR LINEAR LINEAR LINEAR LINEAR LINEAR LINEAR LINEAR LINEAR LINEAR LINEAR
LINEAR LINEAR LINEAR LINEAR LINEAR LINEAR LINEAR LINEAR LINEAR LINEAR LINEAR LINEAR
LINEAR LINEAR LINEAR LINEAR LINEAR LINEAR LINEAR LINEAR LINEAR LINEAR LINEAR LINEAR
LINEAR LINEAR LINEAR</Name_array>
        <technique_common>
          <accessor source="#mixamorig_RightHandPinky3-Interpolations-array" count="38">
            <param type="name"/>
          </accessor>
        </technique_common>
      </source>
      <sampler id="mixamorig_RightHandPinky3-Matrix-animation-transform">
        <input semantic="INPUT" source="#mixamorig_RightHandPinky3-Matrix-animation-input"/>
        <input semantic="OUTPUT" source="#mixamorig_RightHandPinky3-Matrix-animation-output-transform"/>
        <input semantic="INTERPOLATION" source="#mixamorig_RightHandPinky3-Interpolations"/>
      </sampler>
      <channel source="#mixamorig_RightHandPinky3-Matrix-animation-transform" target="mixamorig_RightHandPinky3/matrix"/>
    </animation>
    <animation id="mixamorig_LeftShoulder-anim" name="mixamorig_LeftShoulder">
      <source id="mixamorig_LeftShoulder-Matrix-animation-input">
        <float_array id="mixamorig_LeftShoulder-Matrix-animation-input-array" count="38">

0.000000 0.033333 0.066667 0.100000 0.133333 0.166667 0.200000 0.233333 0.266667 0.300000 0.333333 0.366667 0.400000 0.433333 0.466667 0.500000
0.533333 0.566667 0.600000 0.633333 0.666667 0.700000 0.733333 0.766667 0.800000 0.833333 0.866667 0.900000 0.933333 0.966667 1.000000 1.033333
1.066667 1.100000 1.133333 1.166667 1.200000 1.233333</float_array>
        <technique_common>
          <accessor source="#mixamorig_LeftShoulder-Matrix-animation-input-array" count="38">
            <param name="TIME" type="float"/>
          </accessor>
        </technique_common>
      </source>
      <source id="mixamorig_LeftShoulder-Matrix-animation-output-transform">
        <float_array id="mixamorig_LeftShoulder-Matrix-animation-output-transform-array" count="608">

-0.101778 0.993957 0.041109 4.570400 0.109349 0.052251 -0.992629 11.195600 -0.988779 -0.096532 -0.114006 -0.806600 0.000000 0.000000 0.000000 1.000000
-0.124681 0.991860 0.025856 4.570400 0.113930 0.040198 -0.992675 11.195600 -0.985634 -0.120822 -0.118014 -0.806600 0.000000 0.000000 0.000000 1.000000
-0.145393 0.989169 0.020127 4.570400 0.116095 0.037260 -0.992539 11.195600 -0.982539 -0.141972 -0.120255 -0.806600 0.000000 0.000000 0.000000 1.000000
-0.162078 0.986060 0.037625 4.570400 0.111250 0.056145 -0.992205 11.195600 -0.980487 -0.156629 -0.118799 -0.806600 0.000000 0.000000 0.000000 1.000000
-0.169567 0.984490 0.045018 4.570400 0.109038 0.064141 -0.991966 11.195600 -0.979468 -0.163296 -0.118223 -0.806600 0.000000 0.000000 0.000000 1.000000
-0.170938 0.984203 0.046086 4.570400 0.108721 0.065330 -0.991923 11.195600 -0.979265 -0.164547 -0.118171 -0.806600 0.000000 0.000000 0.000000 1.000000
-0.162498 0.984214 0.070123 4.570400 0.101382 0.087346 -0.991006 11.195600 -0.981487 -0.153927 -0.113975 -0.806600 0.000000 0.000000 0.000000 1.000000
-0.147315 0.983702 0.103095 4.570400 0.091845 0.117387 -0.988830 11.195600 -0.984816 -0.136201 -0.107641 -0.806600 0.000000 0.000000 0.000000 1.000000
-0.135662 0.983194 0.122168 4.570400 0.086574 0.134600 -0.987111 11.195600 -0.986965 -0.123337 -0.103380 -0.806600 0.000000 0.000000 0.000000 1.000000
-0.128143 0.983060 0.131041 4.570400 0.084099 0.142426 -0.986226 11.195600 -0.988184 -0.115357 -0.100925 -0.806600 0.000000 0.000000 0.000000 1.000000
-0.120120 0.982983 0.138979 4.570400 0.082018 0.149340 -0.985378 11.195600 -0.989366 -0.106965 -0.098561 -0.806600 0.000000 0.000000 0.000000 1.000000
-0.110780 0.983096 0.145774 4.570400 0.080383 0.155059 -0.984629 11.195600 -0.990589 -0.097359 -0.096202 -0.806600 0.000000 0.000000 0.000000 1.000000
-0.101405 0.983170 0.151964 4.570400 0.078929 0.160221 -0.983920 11.195600 -0.991709 -0.087780 -0.093848 -0.806600 0.000000 0.000000 0.000000 1.000000
-0.092411 0.982932 0.159078 4.570400 0.077273 0.166359 -0.983033 11.195600 -0.992718 -0.078551 -0.091327 -0.806600 0.000000 0.000000 0.000000 1.000000
-0.082818 0.982853 0.164743 4.570400 0.076099 0.171065 -0.982316 11.195600 -0.993655 -0.068817 -0.088962 -0.806600 0.000000 0.000000 0.000000 1.000000
-0.072517 0.983476 0.165879 4.570400 0.076178 0.171293 -0.982271 11.195600 -0.994454 -0.058595 -0.087341 -0.806600 0.000000 0.000000 0.000000 1.000000
-0.064422 0.984861 0.160928 4.570400 0.077800 0.165729 -0.983098 11.195600 -0.994885 -0.050813 -0.087299 -0.806600 0.000000 0.000000 0.000000 1.000000
-0.060731 0.986781 0.150252 4.570400 0.080771 0.154894 -0.984624 11.195600 -0.994881 -0.047661 -0.089110 -0.806600 0.000000 0.000000 0.000000 1.000000
-0.059803 0.988851 0.136370 4.570400 0.084191 0.141125 -0.986405 11.195600 -0.994653 -0.047509 -0.091692 -0.806600 0.000000 0.000000 0.000000 1.000000
-0.060609 0.990810 0.120920 4.570400 0.087414 0.125946 -0.988178 11.195600 -0.994327 -0.049323 -0.094244 -0.806600 0.000000 0.000000 0.000000 1.000000
-0.065593 0.992589 0.102300 4.570400 0.091204 0.108055 -0.989952 11.195600 -0.993670 -0.055604 -0.097616 -0.806600 0.000000 0.000000 0.000000 1.000000
-0.075642 0.993980 0.079257 4.570400 0.096477 0.086408 -0.991577 11.195600 -0.992457 -0.067359 -0.102433 -0.806600 0.000000 0.000000 0.000000 1.000000
-0.086757 0.994645 0.056172 4.570400 0.102231 0.064976 -0.992636 11.195600 -0.990970 -0.080375 -0.107320 -0.806600 0.000000 0.000000 0.000000 1.000000
-0.094683 0.994684 0.040496 4.570400 0.106282 0.050547 -0.993050 11.195600 -0.989818 -0.089720 -0.110503 -0.806600 0.000000 0.000000 0.000000 1.000000
-0.098984 0.994507 0.034017 4.570400 0.108077 0.044727 -0.993136 11.195600 -0.989203 -0.094628 -0.111910 -0.806600 0.000000 0.000000 0.000000 1.000000
-0.100862 0.994395 0.031717 4.570400 0.108969 0.042729 -0.993126 11.195600 -0.988915 -0.096712 -0.112668 -0.806600 0.000000 0.000000 0.000000 1.000000
-0.101254 0.994402 0.030188 4.570400 0.109758 0.041325 -0.993099 11.195600 -0.988788 -0.097242 -0.113328 -0.806600 0.000000 0.000000 0.000000 1.000000
-0.101359 0.994396 0.030056 4.570400 0.110131 0.041242 -0.993061 11.195600 -0.988735 -0.097345 -0.113694 -0.806600 0.000000 0.000000 0.000000 1.000000
-0.101397 0.994366 0.030892 4.570400 0.110219 0.042089 -0.993016 11.195600 -0.988722 -0.097284 -0.113866 -0.806600 0.000000 0.000000 0.000000 1.000000
-0.101410 0.994326 0.032108 4.570400 0.110217 0.043304 -0.992964 11.195600 -0.988721 -0.097157 -0.113983 -0.806600 0.000000 0.000000 0.000000 1.000000
-0.101402 0.994276 0.033665 4.570400 0.110114 0.044849 -0.992907 11.195600 -0.988733 -0.096976 -0.114031 -0.806600 0.000000 0.000000 0.000000 1.000000
-0.101383 0.994218 0.035398 4.570400 0.109939 0.046560 -0.992847 11.195600 -0.988754 -0.096766 -0.114024 -0.806600 0.000000 0.000000 0.000000 1.000000
-0.101365 0.994156 0.037130 4.570400 0.109765 0.048271 -0.992785 11.195600 -0.988775 -0.096558 -0.114016 -0.806600 0.000000 0.000000 0.000000 1.000000
-0.101355 0.994096 0.038725 4.570400 0.109603 0.049847 -0.992725 11.195600 -0.988794 -0.096373 -0.114008 -0.806600 0.000000 0.000000 0.000000 1.000000
-0.101340 0.994047 0.040011 4.570400 0.109474 0.051117 -0.992674 11.195600 -0.988810 -0.096218 -0.114002 -0.806600 0.000000 0.000000 0.000000 1.000000
-0.101332 0.994019 0.040714 4.570400 0.109403 0.051810 -0.992646 11.195600 -0.988819 -0.096133 -0.113999 -0.806600 0.000000 0.000000 0.000000 1.000000
-0.101330 0.994013 0.040875 4.570400 0.109387 0.051969 -0.992640 11.195600 -0.988821 -0.096113 -0.113998 -0.806600 0.000000 0.000000 0.000000 1.000000
-0.101330 0.994013 0.040876 4.570400 0.109387 0.051971 -0.992640 11.195600 -0.988821 -0.096113 -0.113998 -0.806600 0.000000 0.000000 0.000000 1.000000</float_array>
        <technique_common>
          <accessor source="#mixamorig_LeftShoulder-Matrix-animation-output-transform-array" count="38" stride="16">
            <param type="float4x4"/>
          </accessor>
        </technique_common>
      </source>
      <source id="mixamorig_LeftShoulder-Interpolations">
        <Name_array id="mixamorig_LeftShoulder-Interpolations-array" count="38">
 LINEAR LINEAR LINEAR LINEAR LINEAR LINEAR LINEAR LINEAR LINEAR LINEAR LINEAR
LINEAR LINEAR LINEAR LINEAR LINEAR LINEAR LINEAR LINEAR LINEAR LINEAR LINEAR LINEAR
LINEAR LINEAR LINEAR LINEAR LINEAR LINEAR LINEAR LINEAR LINEAR LINEAR LINEAR LINEAR
LINEAR LINEAR LINEAR</Name_array>
        <technique_common>
          <accessor source="#mixamorig_LeftShoulder-Interpolations-array" count="38">
            <param type="name"/>
          </accessor>
        </technique_common>
      </source>
      <sampler id="mixamorig_LeftShoulder-Matrix-animation-transform">
        <input semantic="INPUT" source="#mixamorig_LeftShoulder-Matrix-animation-input"/>
        <input semantic="OUTPUT" source="#mixamorig_LeftShoulder-Matrix-animation-output-transform"/>
        <input semantic="INTERPOLATION" source="#mixamorig_LeftShoulder-Interpolations"/>
      </sampler>
      <channel source="#mixamorig_LeftShoulder-Matrix-animation-transform" target="mixamorig_LeftShoulder/matrix"/>
    </animation>
    <animation id="mixamorig_LeftArm-anim" name="mixamorig_LeftArm">
      <source id="mixamorig_LeftArm-Matrix-animation-input">
        <float_array id="mixamorig_LeftArm-Matrix-animation-input-array" count="38">

0.000000 0.033333 0.066667 0.100000 0.133333 0.166667 0.200000 0.233333 0.266667 0.300000 0.333333 0.366667 0.400000 0.433333 0.466667 0.500000
0.533333 0.566667 0.600000 0.633333 0.666667 0.700000 0.733333 0.766667 0.800000 0.833333 0.866667 0.900000 0.933333 0.966667 1.000000 1.033333
1.066667 1.100000 1.133333 1.166667 1.200000 1.233333</float_array>
        <technique_common>
          <accessor source="#mixamorig_LeftArm-Matrix-animation-input-array" count="38">
            <param name="TIME" type="float"/>
          </accessor>
        </technique_common>
      </source>
      <source id="mixamorig_LeftArm-Matrix-animation-output-transform">
        <float_array id="mixamorig_LeftArm-Matrix-animation-output-transform-array" count="608">

0.928830 -0.259489 -0.264462 0.000000 -0.098972 0.514077 -0.852015 10.837700 0.357042 0.817551 0.451808 0.000000 0.000000 0.000000 0.000000 1.000000
0.942688 -0.297892 -0.150332 -0.000000 0.023691 0.509149 -0.860352 10.837700 0.332833 0.807482 0.487026 0.000000 0.000000 0.000000 0.000000 1.000000
0.940210 -0.336736 0.051137 0.000000 0.213589 0.465975 -0.858631 10.837700 0.265303 0.818215 0.510037 -0.000000 0.000000 0.000000 0.000000 1.000000
0.928235 -0.283608 0.240721 -0.000000 0.333886 0.349873 -0.875277 10.837700 0.164013 0.892836 0.419457 0.000000 0.000000 0.000000 0.000000 1.000000
0.951656 -0.208170 0.225867 0.000000 0.281633 0.297821 -0.912133 10.837700 0.122611 0.931648 0.342050 -0.000000 0.000000 0.000000 0.000000 1.000000
0.970618 -0.190646 0.146817 0.000000 0.202110 0.314800 -0.927390 10.837700 0.130585 0.929815 0.344082 0.000000 0.000000 0.000000 0.000000 1.000000
0.974652 -0.206246 0.086699 0.000000 0.153283 0.333306 -0.930275 10.837700 0.162969 0.919984 0.356471 0.000000 0.000000 0.000000 0.000000 1.000000
0.973168 -0.229863 0.010377 -0.000000 0.092535 0.349678 -0.932289 10.837700 0.210670 0.908234 0.361565 0.000000 0.000000 0.000000 0.000000 1.000000
0.964518 -0.250106 -0.084567 0.000000 0.016624 0.377206 -0.925980 10.837700 0.263493 0.891719 0.367980 0.000000 0.000000 0.000000 0.000000 1.000000
0.947875 -0.266146 -0.175213 0.000000 -0.053199 0.409973 -0.910545 10.837700 0.314170 0.872404 0.374445 0.000000 0.000000 0.000000 0.000000 1.000000
0.926204 -0.283938 -0.248041 -0.000000 -0.103846 0.440323 -0.891814 10.837700 0.362438 0.851760 0.378344 0.000000 0.000000 0.000000 0.000000 1.000000
0.902777 -0.304629 -0.303636 0.000000 -0.135862 0.467834 -0.873311 10.837700 0.408088 0.829658 0.380962 -0.000000 0.000000 0.000000 0.000000 1.000000
0.882146 -0.329315 -0.336704 0.000000 -0.145173 0.489973 -0.859565 10.837700 0.448043 0.807142 0.384420 0.000000 0.000000 0.000000 0.000000 1.000000
0.869830 -0.361571 -0.335651 0.000000 -0.121844 0.501831 -0.856341 10.837700 0.478068 0.785768 0.392453 0.000000 0.000000 0.000000 0.000000 1.000000
0.867643 -0.394549 -0.302535 0.000000 -0.072343 0.501831 -0.861935 10.837700 0.491897 0.769738 0.406867 0.000000 0.000000 0.000000 0.000000 1.000000
0.873672 -0.415336 -0.253366 0.000000 -0.017231 0.494033 -0.869273 10.837700 0.486211 0.763825 0.424466 0.000000 0.000000 0.000000 0.000000 1.000000
0.883082 -0.424398 -0.200132 0.000000 0.033842 0.483019 -0.874956 10.837700 0.467996 0.765885 0.440908 0.000000 0.000000 0.000000 0.000000 1.000000
0.891190 -0.428548 -0.148749 0.000000 0.079736 0.470789 -0.878635 10.837700 0.446567 0.771171 0.453733 0.000000 0.000000 0.000000 0.000000 1.000000
0.899204 -0.423721 -0.109051 0.000000 0.110715 0.461491 -0.880209 10.837700 0.423289 0.779415 0.461887 0.000000 0.000000 0.000000 0.000000 1.000000
0.910162 -0.404595 -0.088925 -0.000000 0.117858 0.458705 -0.880738 10.837700 0.397133 0.791133 0.465181 0.000000 0.000000 0.000000 0.000000 1.000000
0.922512 -0.376760 -0.083807 -0.000000 0.108115 0.460686 -0.880954 10.837700 0.370517 0.803629 0.465722 0.000000 0.000000 0.000000 0.000000 1.000000
0.934009 -0.347053 -0.084744 0.000000 0.093144 0.465577 -0.880092 10.837700 0.344894 0.814120 0.467179 0.000000 0.000000 0.000000 0.000000 1.000000
0.944414 -0.316020 -0.090632 0.000000 0.073873 0.472616 -0.878167 10.837700 0.320352 0.822657 0.469691 0.000000 0.000000 0.000000 0.000000 1.000000
0.952565 -0.285721 -0.104798 0.000000 0.047127 0.478685 -0.876721 10.837700 0.300663 0.830196 0.469444 -0.000000 0.000000 0.000000 0.000000 1.000000
0.956658 -0.262197 -0.126723 -0.000000 0.016282 0.482629 -0.875674 10.837700 0.290759 0.835657 0.465980 0.000000 0.000000 0.000000 0.000000 1.000000
0.956583 -0.248093 -0.152964 0.000000 -0.013330 0.487033 -0.873282 10.837700 0.291154 0.837406 0.462581 0.000000 0.000000 0.000000 0.000000 1.000000
0.953840 -0.242187 -0.177581 -0.000000 -0.037039 0.491931 -0.869846 10.837700 0.298023 0.836271 0.460253 0.000000 0.000000 0.000000 0.000000 1.000000
0.950553 -0.241591 -0.195147 0.000000 -0.052015 0.495643 -0.866967 10.837700 0.306175 0.834249 0.458569 0.000000 0.000000 0.000000 0.000000 1.000000
0.947302 -0.242749 -0.209027 0.000000 -0.062926 0.498791 -0.864435 10.837700 0.314102 0.832034 0.457231 0.000000 0.000000 0.000000 0.000000 1.000000
0.943969 -0.244792 -0.221357 -0.000000 -0.072002 0.501806 -0.861978 10.837700 0.322084 0.829619 0.456064 0.000000 0.000000 0.000000 0.000000 1.000000
0.940728 -0.247591 -0.231795 -0.000000 -0.079046 0.504562 -0.859749 10.837700 0.329821 0.827113 0.455085 0.000000 0.000000 0.000000 0.000000 1.000000
0.937649 -0.250717 -0.240739 0.000000 -0.084628 0.507093 -0.857727 10.837700 0.337123 0.824620 0.454257 -0.000000 0.000000 0.000000 0.000000 1.000000
0.934822 -0.253816 -0.248364 0.000000 -0.089104 0.509364 -0.855926 10.837700 0.343755 0.822269 0.453549 0.000000 0.000000 0.000000 0.000000 1.000000
0.932270 -0.256590 -0.255019 0.000000 -0.092942 0.511390 -0.854308 10.837700 0.349621 0.820147 0.452906 0.000000 0.000000 0.000000 0.000000 1.000000
0.930046 -0.258642 -0.260998 0.000000 -0.096627 0.513152 -0.852841 10.837700 0.354512 0.818400 0.452263 0.000000 0.000000 0.000000 0.000000 1.000000
0.928965 -0.259381 -0.264095 0.000000 -0.098734 0.513975 -0.852104 10.837700 0.356758 0.817650 0.451855 0.000000 0.000000 0.000000 0.000000 1.000000
0.928903 -0.259388 -0.264305 -0.000000 -0.098910 0.514008 -0.852064 10.837700 0.356870 0.817627 0.451807 -0.000000 0.000000 0.000000 0.000000 1.000000
0.928903 -0.259387 -0.264305 0.000000 -0.098910 0.514008 -0.852064 10.837700 0.356870 0.817627 0.451808 0.000000 0.000000 0.000000 0.000000 1.000000</float_array>
        <technique_common>
          <accessor source="#mixamorig_LeftArm-Matrix-animation-output-transform-array" count="38" stride="16">
            <param type="float4x4"/>
          </accessor>
        </technique_common>
      </source>
      <source id="mixamorig_LeftArm-Interpolations">
        <Name_array id="mixamorig_LeftArm-Interpolations-array" count="38">
 LINEAR LINEAR LINEAR LINEAR LINEAR LINEAR LINEAR LINEAR LINEAR LINEAR LINEAR
LINEAR LINEAR LINEAR LINEAR LINEAR LINEAR LINEAR LINEAR LINEAR LINEAR LINEAR LINEAR
LINEAR LINEAR LINEAR LINEAR LINEAR LINEAR LINEAR LINEAR LINEAR LINEAR LINEAR LINEAR
LINEAR LINEAR LINEAR</Name_array>
        <technique_common>
          <accessor source="#mixamorig_LeftArm-Interpolations-array" count="38">
            <param type="name"/>
          </accessor>
        </technique_common>
      </source>
      <sampler id="mixamorig_LeftArm-Matrix-animation-transform">
        <input semantic="INPUT" source="#mixamorig_LeftArm-Matrix-animation-input"/>
        <input semantic="OUTPUT" source="#mixamorig_LeftArm-Matrix-animation-output-transform"/>
        <input semantic="INTERPOLATION" source="#mixamorig_LeftArm-Interpolations"/>
      </sampler>
      <channel source="#mixamorig_LeftArm-Matrix-animation-transform" target="mixamorig_LeftArm/matrix"/>
    </animation>
    <animation id="mixamorig_LeftForeArm-anim" name="mixamorig_LeftForeArm">
      <source id="mixamorig_LeftForeArm-Matrix-animation-input">
        <float_array id="mixamorig_LeftForeArm-Matrix-animation-input-array" count="38">

0.000000 0.033333 0.066667 0.100000 0.133333 0.166667 0.200000 0.233333 0.266667 0.300000 0.333333 0.366667 0.400000 0.433333 0.466667 0.500000
0.533333 0.566667 0.600000 0.633333 0.666667 0.700000 0.733333 0.766667 0.800000 0.833333 0.866667 0.900000 0.933333 0.966667 1.000000 1.033333
1.066667 1.100000 1.133333 1.166667 1.200000 1.233333</float_array>
        <technique_common>
          <accessor source="#mixamorig_LeftForeArm-Matrix-animation-input-array" count="38">
            <param name="TIME" type="float"/>
          </accessor>
        </technique_common>
      </source>
      <source id="mixamorig_LeftForeArm-Matrix-animation-output-transform">
        <float_array id="mixamorig_LeftForeArm-Matrix-animation-output-transform-array" count="608">

-0.592277 -0.805734 -0.000000 0.000000 0.805734 -0.592277 -0.000000 27.841499 -0.000000 -0.000000 1.000000 0.000000 0.000000 0.000000 0.000000 1.000000
-0.522306 -0.852758 -0.000000 0.000000 0.852758 -0.522306 -0.000000 27.841499 -0.000000 -0.000000 1.000000 0.000000 0.000000 0.000000 0.000000 1.000000
-0.368335 -0.929693 0.000000 0.000000 0.929693 -0.368335 -0.000000 27.841499 0.000000 -0.000000 1.000000 0.000000 0.000000 0.000000 0.000000 1.000000
-0.173554 -0.984824 -0.000000 -0.000000 0.984824 -0.173554 -0.000000 27.841499 0.000000 -0.000000 1.000000 0.000000 0.000000 0.000000 0.000000 1.000000
-0.140847 -0.990031 0.000000 -0.000000 0.990031 -0.140847 0.000000 27.841499 -0.000000 0.000000 1.000000 0.000000 0.000000 0.000000 0.000000 1.000000
-0.176917 -0.984226 -0.000000 -0.000000 0.984226 -0.176917 0.000000 27.841499 -0.000000 -0.000000 1.000000 -0.000000 0.000000 0.000000 0.000000 1.000000
-0.205083 -0.978745 -0.000000 -0.000000 0.978745 -0.205083 0.000000 27.841499 -0.000000 -0.000000 1.000000 -0.000000 0.000000 0.000000 0.000000 1.000000
-0.253908 -0.967228 -0.000000 0.000000 0.967228 -0.253908 -0.000000 27.841499 -0.000000 -0.000000 1.000000 0.000000 0.000000 0.000000 0.000000 1.000000
-0.318187 -0.948028 -0.000000 0.000000 0.948028 -0.318187 -0.000000 27.841499 -0.000000 -0.000000 1.000000 0.000000 0.000000 0.000000 0.000000 1.000000
-0.378164 -0.925739 -0.000000 0.000000 0.925739 -0.378164 -0.000000 27.841499 0.000000 -0.000000 1.000000 0.000000 0.000000 0.000000 0.000000 1.000000
-0.427893 -0.903829 0.000000 0.000000 0.903829 -0.427893 -0.000000 27.841499 0.000000 0.000000 1.000000 0.000000 0.000000 0.000000 0.000000 1.000000
-0.471685 -0.881767 -0.000000 0.000000 0.881767 -0.471685 -0.000000 27.841499 0.000000 -0.000000 1.000000 0.000000 0.000000 0.000000 0.000000 1.000000
-0.509182 -0.860659 -0.000000 0.000000 0.860659 -0.509182 -0.000000 27.841499 0.000000 -0.000000 1.000000 0.000000 0.000000 0.000000 0.000000 1.000000
-0.533416 -0.845853 -0.000000 0.000000 0.845853 -0.533416 -0.000000 27.841499 0.000000 -0.000000 1.000000 0.000000 0.000000 0.000000 0.000000 1.000000
-0.542823 -0.839847 -0.000000 0.000000 0.839847 -0.542823 -0.000000 27.841499 0.000000 -0.000000 1.000000 0.000000 0.000000 0.000000 0.000000 1.000000
-0.541966 -0.840401 -0.000000 0.000000 0.840401 -0.541966 0.000000 27.841499 -0.000000 -0.000000 1.000000 0.000000 0.000000 0.000000 0.000000 1.000000
-0.530726 -0.847543 -0.000000 0.000000 0.847543 -0.530726 0.000000 27.841499 -0.000000 -0.000000 1.000000 0.000000 0.000000 0.000000 0.000000 1.000000
-0.507018 -0.861936 0.000000 0.000000 0.861936 -0.507018 0.000000 27.841499 0.000000 0.000000 1.000000 0.000000 0.000000 0.000000 0.000000 1.000000
-0.478040 -0.878338 -0.000000 0.000000 0.878338 -0.478040 -0.000000 27.841499 0.000000 -0.000000 1.000000 0.000000 0.000000 0.000000 0.000000 1.000000
-0.455454 -0.890259 0.000000 0.000000 0.890259 -0.455454 -0.000000 27.841499 0.000000 -0.000000 1.000000 0.000000 0.000000 0.000000 0.000000 1.000000
-0.442951 -0.896546 -0.000000 0.000000 0.896546 -0.442951 -0.000000 27.841499 0.000000 -0.000000 1.000000 0.000000 0.000000 0.000000 0.000000 1.000000
-0.438033 -0.898959 0.000000 0.000000 0.898959 -0.438033 -0.000000 27.841499 0.000000 0.000000 1.000000 0.000000 0.000000 0.000000 0.000000 1.000000
-0.440199 -0.897900 -0.000000 0.000000 0.897900 -0.440199 0.000000 27.841499 -0.000000 -0.000000 1.000000 0.000000 0.000000 0.000000 0.000000 1.000000
-0.450758 -0.892646 -0.000000 0.000000 0.892646 -0.450758 0.000000 27.841499 -0.000000 -0.000000 1.000000 0.000000 0.000000 0.000000 0.000000 1.000000
-0.468487 -0.883470 -0.000000 0.000000 0.883470 -0.468487 -0.000000 27.841499 -0.000000 -0.000000 1.000000 0.000000 0.000000 0.000000 0.000000 1.000000
-0.489977 -0.871735 -0.000000 0.000000 0.871735 -0.489977 0.000000 27.841499 -0.000000 0.000000 1.000000 0.000000 0.000000 0.000000 0.000000 1.000000
-0.510391 -0.859943 0.000000 0.000000 0.859943 -0.510391 -0.000000 27.841499 0.000000 0.000000 1.000000 0.000000 0.000000 0.000000 0.000000 1.000000
-0.525762 -0.850631 0.000000 0.000000 0.850631 -0.525762 -0.000000 27.841499 0.000000 0.000000 1.000000 -0.000000 0.000000 0.000000 0.000000 1.000000
-0.538507 -0.842621 0.000000 0.000000 0.842621 -0.538507 0.000000 27.841499 -0.000000 0.000000 1.000000 0.000000 0.000000 0.000000 0.000000 1.000000
-0.550116 -0.835089 -0.000000 0.000000 0.835089 -0.550116 -0.000000 27.841499 -0.000000 -0.000000 1.000000 0.000000 0.000000 0.000000 0.000000 1.000000
-0.560272 -0.828309 0.000000 0.000000 0.828309 -0.560272 0.000000 27.841499 0.000000 0.000000 1.000000 -0.000000 0.000000 0.000000 0.000000 1.000000
-0.569188 -0.822208 0.000000 -0.000000 0.822208 -0.569188 0.000000 27.841499 -0.000000 0.000000 1.000000 -0.000000 0.000000 0.000000 0.000000 1.000000
-0.576890 -0.816822 0.000000 0.000000 0.816822 -0.576890 -0.000000 27.841499 0.000000 0.000000 1.000000 -0.000000 0.000000 0.000000 0.000000 1.000000
-0.583588 -0.812050 -0.000000 -0.000000 0.812050 -0.583588 0.000000 27.841499 -0.000000 -0.000000 1.000000 0.000000 0.000000 0.000000 0.000000 1.000000
-0.589393 -0.807846 -0.000000 0.000000 0.807846 -0.589393 0.000000 27.841499 -0.000000 -0.000000 1.000000 0.000000 0.000000 0.000000 0.000000 1.000000
-0.592132 -0.805841 -0.000000 -0.000000 0.805841 -0.592132 0.000000 27.841499 -0.000000 -0.000000 1.000000 -0.000000 0.000000 0.000000 0.000000 1.000000
-0.592270 -0.805739 0.000000 0.000000 0.805739 -0.592270 -0.000000 27.841499 0.000000 0.000000 1.000000 0.000000 0.000000 0.000000 0.000000 1.000000
-0.592270 -0.805739 -0.000000 0.000000 0.805739 -0.592270 -0.000000 27.841499 -0.000000 -0.000000 1.000000 0.000000 0.000000 0.000000 0.000000 1.000000</float_array>
        <technique_common>
          <accessor source="#mixamorig_LeftForeArm-Matrix-animation-output-transform-array" count="38" stride="16">
            <param type="float4x4"/>
          </accessor>
        </technique_common>
      </source>
      <source id="mixamorig_LeftForeArm-Interpolations">
        <Name_array id="mixamorig_LeftForeArm-Interpolations-array" count="38">
 LINEAR LINEAR LINEAR LINEAR LINEAR LINEAR LINEAR LINEAR LINEAR LINEAR LINEAR
LINEAR LINEAR LINEAR LINEAR LINEAR LINEAR LINEAR LINEAR LINEAR LINEAR LINEAR LINEAR
LINEAR LINEAR LINEAR LINEAR LINEAR LINEAR LINEAR LINEAR LINEAR LINEAR LINEAR LINEAR
LINEAR LINEAR LINEAR</Name_array>
        <technique_common>
          <accessor source="#mixamorig_LeftForeArm-Interpolations-array" count="38">
            <param type="name"/>
          </accessor>
        </technique_common>
      </source>
      <sampler id="mixamorig_LeftForeArm-Matrix-animation-transform">
        <input semantic="INPUT" source="#mixamorig_LeftForeArm-Matrix-animation-input"/>
        <input semantic="OUTPUT" source="#mixamorig_LeftForeArm-Matrix-animation-output-transform"/>
        <input semantic="INTERPOLATION" source="#mixamorig_LeftForeArm-Interpolations"/>
      </sampler>
      <channel source="#mixamorig_LeftForeArm-Matrix-animation-transform" target="mixamorig_LeftForeArm/matrix"/>
    </animation>
    <animation id="mixamorig_LeftHand-anim" name="mixamorig_LeftHand">
      <source id="mixamorig_LeftHand-Matrix-animation-input">
        <float_array id="mixamorig_LeftHand-Matrix-animation-input-array" count="38">

0.000000 0.033333 0.066667 0.100000 0.133333 0.166667 0.200000 0.233333 0.266667 0.300000 0.333333 0.366667 0.400000 0.433333 0.466667 0.500000
0.533333 0.566667 0.600000 0.633333 0.666667 0.700000 0.733333 0.766667 0.800000 0.833333 0.866667 0.900000 0.933333 0.966667 1.000000 1.033333
1.066667 1.100000 1.133333 1.166667 1.200000 1.233333</float_array>
        <technique_common>
          <accessor source="#mixamorig_LeftHand-Matrix-animation-input-array" count="38">
            <param name="TIME" type="float"/>
          </accessor>
        </technique_common>
      </source>
      <source id="mixamorig_LeftHand-Matrix-animation-output-transform">
        <float_array id="mixamorig_LeftHand-Matrix-animation-output-transform-array" count="608">

0.988884 -0.100578 -0.109514 0.000000 0.094080 0.993571 -0.062977 28.328800 0.115144 0.051974 0.991988 0.000000 0.000000 0.000000 0.000000 1.000000
0.979710 -0.130854 -0.151810 -0.000000 0.126732 0.991263 -0.036562 28.328800 0.155268 0.016581 0.987733 -0.000000 0.000000 0.000000 0.000000 1.000000
0.980364 -0.141312 -0.137539 0.000000 0.139130 0.989948 -0.025398 28.328800 0.139746 0.005763 0.990171 0.000000 0.000000 0.000000 0.000000 1.000000
0.991608 -0.106582 -0.073168 0.000000 0.098527 0.989468 -0.106040 28.328800 0.083699 0.097941 0.991666 0.000000 0.000000 0.000000 0.000000 1.000000
0.989580 -0.096925 -0.106479 0.000000 0.077071 0.981207 -0.176898 28.328800 0.121624 0.166848 0.978453 0.000000 0.000000 0.000000 0.000000 1.000000
0.976439 -0.108755 -0.186387 0.000000 0.072146 0.978541 -0.193009 28.328800 0.203378 0.175015 0.963331 0.000000 0.000000 0.000000 0.000000 1.000000
0.970940 -0.098616 -0.218063 0.000000 0.052310 0.976573 -0.208730 28.328800 0.233538 0.191257 0.953352 0.000000 0.000000 0.000000 0.000000 1.000000
0.967993 -0.089041 -0.234652 0.000000 0.036057 0.974591 -0.221072 28.328800 0.248374 0.205536 0.946607 0.000000 0.000000 0.000000 0.000000 1.000000
0.958926 -0.097755 -0.266278 0.000000 0.040173 0.976081 -0.213663 28.328800 0.280796 0.194190 0.939917 -0.000000 0.000000 0.000000 0.000000 1.000000
0.951763 -0.102548 -0.289189 0.000000 0.048381 0.980863 -0.188592 28.328800 0.302995 0.165504 0.938511 0.000000 0.000000 0.000000 0.000000 1.000000
0.952254 -0.087518 -0.292494 0.000000 0.041301 0.986154 -0.160608 28.328800 0.302500 0.140860 0.942684 0.000000 0.000000 0.000000 0.000000 1.000000
0.955089 -0.063072 -0.289530 0.000000 0.021482 0.989252 -0.144637 28.328800 0.295540 0.131922 0.946178 0.000000 0.000000 0.000000 0.000000 1.000000
0.961695 -0.039621 -0.271244 -0.000000 0.001323 0.990159 -0.139944 28.328800 0.274120 0.134224 0.952283 0.000000 0.000000 0.000000 0.000000 1.000000
0.975035 -0.019356 -0.221206 0.000000 -0.010853 0.990849 -0.134541 28.328800 0.221786 0.133583 0.965902 0.000000 0.000000 0.000000 0.000000 1.000000
0.986807 -0.007980 -0.161701 0.000000 -0.011411 0.992872 -0.118637 28.328800 0.161496 0.118917 0.979683 0.000000 0.000000 0.000000 0.000000 1.000000
0.992363 -0.007230 -0.123142 0.000000 -0.004634 0.995391 -0.095788 28.328800 0.123267 0.095627 0.987755 0.000000 0.000000 0.000000 0.000000 1.000000
0.995570 -0.008099 -0.093674 0.000000 0.000720 0.996911 -0.078536 28.328800 0.094021 0.078121 0.992501 0.000000 0.000000 0.000000 0.000000 1.000000
0.998573 -0.008809 -0.052675 0.000000 0.005441 0.997951 -0.063751 28.328800 0.053129 0.063373 0.996575 0.000000 0.000000 0.000000 0.000000 1.000000
0.999665 -0.020206 -0.016174 0.000000 0.019562 0.999048 -0.038987 28.328800 0.016946 0.038657 0.999109 0.000000 0.000000 0.000000 0.000000 1.000000
0.999023 -0.043504 -0.007791 0.000000 0.043378 0.998935 -0.015703 28.328800 0.008466 0.015349 0.999846 -0.000000 0.000000 0.000000 0.000000 1.000000
0.997764 -0.063713 -0.020187 -0.000000 0.063369 0.997842 -0.017225 28.328800 0.021241 0.015907 0.999648 0.000000 0.000000 0.000000 0.000000 1.000000
0.996901 -0.071662 -0.032450 -0.000000 0.070456 0.996832 -0.036908 28.328800 0.034993 0.034507 0.998792 0.000000 0.000000 0.000000 0.000000 1.000000
0.996474 -0.074353 -0.038881 0.000000 0.072344 0.996087 -0.050759 28.328800 0.042503 0.047768 0.997954 0.000000 0.000000 0.000000 0.000000 1.000000
0.995952 -0.077952 -0.044758 0.000000 0.075411 0.995583 -0.055918 28.328800 0.048919 0.052316 0.997432 -0.000000 0.000000 0.000000 0.000000 1.000000
0.995475 -0.079711 -0.051724 0.000000 0.076327 0.995001 -0.064399 28.328800 0.056599 0.060159 0.996583 0.000000 0.000000 0.000000 0.000000 1.000000
0.994797 -0.083633 -0.058169 0.000000 0.079336 0.994199 -0.072627 28.328800 0.063905 0.067634 0.995661 0.000000 0.000000 0.000000 0.000000 1.000000
0.993466 -0.094378 -0.064170 0.000000 0.089785 0.993424 -0.071041 28.328800 0.070453 0.064815 0.995407 0.000000 0.000000 0.000000 0.000000 1.000000
0.992273 -0.102336 -0.070160 0.000000 0.097675 0.992965 -0.066930 28.328800 0.076516 0.059560 0.995288 0.000000 0.000000 0.000000 0.000000 1.000000
0.991482 -0.105606 -0.076223 0.000000 0.100742 0.992782 -0.065079 28.328800 0.082546 0.056846 0.994965 0.000000 0.000000 0.000000 0.000000 1.000000
0.990822 -0.107217 -0.082319 0.000000 0.102125 0.992725 -0.063772 28.328800 0.088557 0.054780 0.994564 0.000000 0.000000 0.000000 0.000000 1.000000
0.990314 -0.107181 -0.088267 0.000000 0.101835 0.992804 -0.063000 28.328800 0.094385 0.053401 0.994103 -0.000000 0.000000 0.000000 0.000000 1.000000
0.989917 -0.106028 -0.093922 0.000000 0.100408 0.992970 -0.062685 28.328800 0.099908 0.052623 0.993604 0.000000 0.000000 0.000000 0.000000 1.000000
0.989590 -0.104380 -0.099078 0.000000 0.098491 0.993168 -0.062592 28.328800 0.104935 0.052182 0.993109 0.000000 0.000000 0.000000 0.000000 1.000000
0.989293 -0.102742 -0.103654 0.000000 0.096612 0.993355 -0.062542 28.328800 0.109391 0.051858 0.992645 0.000000 0.000000 0.000000 0.000000 1.000000
0.988989 -0.101736 -0.107470 0.000000 0.095405 0.993474 -0.062506 28.328800 0.113128 0.051565 0.992242 -0.000000 0.000000 0.000000 0.000000 1.000000
0.988846 -0.101230 -0.109251 0.000000 0.094799 0.993529 -0.062549 28.328800 0.114876 0.051494 0.992044 0.000000 0.000000 0.000000 0.000000 1.000000
0.988877 -0.100783 -0.109386 0.000000 0.094308 0.993558 -0.062844 28.328800 0.115015 0.051829 0.992011 0.000000 0.000000 0.000000 0.000000 1.000000
0.988886 -0.100700 -0.109383 0.000000 0.094227 0.993566 -0.062835 28.328800 0.115006 0.051830 0.992012 0.000000 0.000000 0.000000 0.000000 1.000000</float_array>
        <technique_common>
          <accessor source="#mixamorig_LeftHand-Matrix-animation-output-transform-array" count="38" stride="16">
            <param type="float4x4"/>
          </accessor>
        </technique_common>
      </source>
      <source id="mixamorig_LeftHand-Interpolations">
        <Name_array id="mixamorig_LeftHand-Interpolations-array" count="38">
 LINEAR LINEAR LINEAR LINEAR LINEAR LINEAR LINEAR LINEAR LINEAR LINEAR LINEAR
LINEAR LINEAR LINEAR LINEAR LINEAR LINEAR LINEAR LINEAR LINEAR LINEAR LINEAR LINEAR
LINEAR LINEAR LINEAR LINEAR LINEAR LINEAR LINEAR LINEAR LINEAR LINEAR LINEAR LINEAR
LINEAR LINEAR LINEAR</Name_array>
        <technique_common>
          <accessor source="#mixamorig_LeftHand-Interpolations-array" count="38">
            <param type="name"/>
          </accessor>
        </technique_common>
      </source>
      <sampler id="mixamorig_LeftHand-Matrix-animation-transform">
        <input semantic="INPUT" source="#mixamorig_LeftHand-Matrix-animation-input"/>
        <input semantic="OUTPUT" source="#mixamorig_LeftHand-Matrix-animation-output-transform"/>
        <input semantic="INTERPOLATION" source="#mixamorig_LeftHand-Interpolations"/>
      </sampler>
      <channel source="#mixamorig_LeftHand-Matrix-animation-transform" target="mixamorig_LeftHand/matrix"/>
    </animation>
    <animation id="mixamorig_LeftHandThumb1-anim" name="mixamorig_LeftHandThumb1">
      <source id="mixamorig_LeftHandThumb1-Matrix-animation-input">
        <float_array id="mixamorig_LeftHandThumb1-Matrix-animation-input-array" count="38">

0.000000 0.033333 0.066667 0.100000 0.133333 0.166667 0.200000 0.233333 0.266667 0.300000 0.333333 0.366667 0.400000 0.433333 0.466667 0.500000
0.533333 0.566667 0.600000 0.633333 0.666667 0.700000 0.733333 0.766667 0.800000 0.833333 0.866667 0.900000 0.933333 0.966667 1.000000 1.033333
1.066667 1.100000 1.133333 1.166667 1.200000 1.233333</float_array>
        <technique_common>
          <accessor source="#mixamorig_LeftHandThumb1-Matrix-animation-input-array" count="38">
            <param name="TIME" type="float"/>
          </accessor>
        </technique_common>
      </source>
      <source id="mixamorig_LeftHandThumb1-Matrix-animation-output-transform">
        <float_array id="mixamorig_LeftHandThumb1-Matrix-animation-output-transform-array" count="608">

0.931304 -0.355930 -0.077371 -2.681700 0.310582 0.886956 -0.341830 2.466100 0.190292 0.294318 0.936571 1.576200 0.000000 0.000000 0.000000 1.000000
0.932010 -0.353998 -0.077736 -2.681700 0.308576 0.887548 -0.342111 2.466100 0.190101 0.294863 0.936439 1.576200 0.000000 0.000000 0.000000 1.000000
0.932738 -0.351995 -0.078104 -2.681700 0.306500 0.888157 -0.342397 2.466100 0.189890 0.295428 0.936303 1.576200 0.000000 0.000000 0.000000 1.000000
0.933592 -0.349633 -0.078501 -2.681700 0.304066 0.888868 -0.342719 2.466100 0.189604 0.296090 0.936152 1.576200 0.000000 0.000000 0.000000 1.000000
0.933930 -0.348705 -0.078612 -2.681700 0.303134 0.889156 -0.342799 2.466100 0.189434 0.296320 0.936114 1.576200 0.000000 0.000000 0.000000 1.000000
0.933924 -0.348731 -0.078571 -2.681700 0.303172 0.889145 -0.342794 2.466100 0.189404 0.296323 0.936119 1.576200 0.000000 0.000000 0.000000 1.000000
0.933870 -0.348886 -0.078524 -2.681700 0.303340 0.889101 -0.342761 2.466100 0.189400 0.296274 0.936135 1.576200 0.000000 0.000000 0.000000 1.000000
0.933767 -0.349179 -0.078443 -2.681700 0.303650 0.889008 -0.342725 2.466100 0.189409 0.296206 0.936155 1.576200 0.000000 0.000000 0.000000 1.000000
0.933583 -0.349698 -0.078316 -2.681700 0.304197 0.888849 -0.342655 2.466100 0.189437 0.296074 0.936191 1.576200 0.000000 0.000000 0.000000 1.000000
0.933342 -0.350381 -0.078146 -2.681700 0.304920 0.888642 -0.342549 2.466100 0.189466 0.295887 0.936244 1.576200 0.000000 0.000000 0.000000 1.000000
0.933053 -0.351193 -0.077947 -2.681700 0.305778 0.888395 -0.342425 2.466100 0.189504 0.295666 0.936306 1.576200 0.000000 0.000000 0.000000 1.000000
0.932721 -0.352122 -0.077734 -2.681700 0.306754 0.888111 -0.342286 2.466100 0.189563 0.295412 0.936375 1.576200 0.000000 0.000000 0.000000 1.000000
0.932355 -0.353140 -0.077505 -2.681700 0.307822 0.887799 -0.342137 2.466100 0.189631 0.295135 0.936448 1.576200 0.000000 0.000000 0.000000 1.000000
0.931965 -0.354219 -0.077267 -2.681700 0.308953 0.887467 -0.341980 2.466100 0.189708 0.294842 0.936525 1.576200 0.000000 0.000000 0.000000 1.000000
0.931560 -0.355336 -0.077026 -2.681700 0.310121 0.887121 -0.341820 2.466100 0.189792 0.294539 0.936603 1.576200 0.000000 0.000000 0.000000 1.000000
0.931148 -0.356466 -0.076785 -2.681700 0.311302 0.886769 -0.341661 2.466100 0.189881 0.294233 0.936681 1.576200 0.000000 0.000000 0.000000 1.000000
0.930739 -0.357583 -0.076551 -2.681700 0.312468 0.886419 -0.341505 2.466100 0.189973 0.293932 0.936757 1.576200 0.000000 0.000000 0.000000 1.000000
0.930341 -0.358663 -0.076329 -2.681700 0.313593 0.886079 -0.341356 2.466100 0.190065 0.293641 0.936830 1.576200 0.000000 0.000000 0.000000 1.000000
0.929964 -0.359682 -0.076124 -2.681700 0.314653 0.885756 -0.341217 2.466100 0.190158 0.293367 0.936897 1.576200 0.000000 0.000000 0.000000 1.000000
0.929618 -0.360614 -0.075941 -2.681700 0.315620 0.885460 -0.341093 2.466100 0.190246 0.293118 0.936957 1.576200 0.000000 0.000000 0.000000 1.000000
0.929314 -0.361433 -0.075774 -2.681700 0.316472 0.885198 -0.340984 2.466100 0.190317 0.292901 0.937010 1.576200 0.000000 0.000000 0.000000 1.000000
0.929053 -0.362118 -0.075700 -2.681700 0.317161 0.884979 -0.340911 2.466100 0.190443 0.292716 0.937043 1.576200 0.000000 0.000000 0.000000 1.000000
0.928858 -0.362630 -0.075646 -2.681700 0.317672 0.884808 -0.340880 2.466100 0.190546 0.292598 0.937059 1.576200 0.000000 0.000000 0.000000 1.000000
0.928746 -0.362934 -0.075569 -2.681700 0.317979 0.884689 -0.340903 2.466100 0.190580 0.292583 0.937056 1.576200 0.000000 0.000000 0.000000 1.000000
0.928723 -0.362996 -0.075553 -2.681700 0.318046 0.884669 -0.340892 2.466100 0.190582 0.292565 0.937062 1.576200 0.000000 0.000000 0.000000 1.000000
0.928745 -0.362935 -0.075564 -2.681700 0.317985 0.884692 -0.340891 2.466100 0.190572 0.292573 0.937061 1.576200 0.000000 0.000000 0.000000 1.000000
0.928878 -0.362571 -0.075683 -2.681700 0.317601 0.884826 -0.340899 2.466100 0.190567 0.292616 0.937049 1.576200 0.000000 0.000000 0.000000 1.000000
0.929108 -0.361936 -0.075898 -2.681700 0.316914 0.885040 -0.340984 2.466100 0.190587 0.292758 0.937000 1.576200 0.000000 0.000000 0.000000 1.000000
0.929395 -0.361155 -0.076100 -2.681700 0.316088 0.885292 -0.341095 2.466100 0.190559 0.292958 0.936943 1.576200 0.000000 0.000000 0.000000 1.000000
0.929705 -0.360313 -0.076310 -2.681700 0.315198 0.885563 -0.341216 2.466100 0.190522 0.293177 0.936882 1.576200 0.000000 0.000000 0.000000 1.000000
0.930026 -0.359437 -0.076525 -2.681700 0.314275 0.885843 -0.341340 2.466100 0.190480 0.293405 0.936820 1.576200 0.000000 0.000000 0.000000 1.000000
0.930344 -0.358568 -0.076737 -2.681700 0.313359 0.886121 -0.341462 2.466100 0.190436 0.293631 0.936758 1.576200 0.000000 0.000000 0.000000 1.000000
0.930643 -0.357749 -0.076934 -2.681700 0.312497 0.886381 -0.341577 2.466100 0.190391 0.293845 0.936700 1.576200 0.000000 0.000000 0.000000 1.000000
0.930912 -0.357010 -0.077114 -2.681700 0.311718 0.886615 -0.341680 2.466100 0.190354 0.294036 0.936647 1.576200 0.000000 0.000000 0.000000 1.000000
0.931119 -0.356421 -0.077341 -2.681700 0.311080 0.886823 -0.341723 2.466100 0.190385 0.294125 0.936613 1.576200 0.000000 0.000000 0.000000 1.000000
0.931182 -0.356243 -0.077407 -2.681700 0.310901 0.886903 -0.341677 2.466100 0.190373 0.294097 0.936624 1.576200 0.000000 0.000000 0.000000 1.000000
0.931182 -0.356243 -0.077407 -2.681700 0.310900 0.886904 -0.341677 2.466100 0.190372 0.294097 0.936624 1.576200 0.000000 0.000000 0.000000 1.000000
0.931182 -0.356243 -0.077407 -2.681700 0.310900 0.886904 -0.341677 2.466100 0.190372 0.294097 0.936624 1.576200 0.000000 0.000000 0.000000 1.000000</float_array>
        <technique_common>
          <accessor source="#mixamorig_LeftHandThumb1-Matrix-animation-output-transform-array" count="38" stride="16">
            <param type="float4x4"/>
          </accessor>
        </technique_common>
      </source>
      <source id="mixamorig_LeftHandThumb1-Interpolations">
        <Name_array id="mixamorig_LeftHandThumb1-Interpolations-array" count="38">
 LINEAR LINEAR LINEAR LINEAR LINEAR LINEAR LINEAR LINEAR LINEAR LINEAR LINEAR
LINEAR LINEAR LINEAR LINEAR LINEAR LINEAR LINEAR LINEAR LINEAR LINEAR LINEAR LINEAR
LINEAR LINEAR LINEAR LINEAR LINEAR LINEAR LINEAR LINEAR LINEAR LINEAR LINEAR LINEAR
LINEAR LINEAR LINEAR</Name_array>
        <technique_common>
          <accessor source="#mixamorig_LeftHandThumb1-Interpolations-array" count="38">
            <param type="name"/>
          </accessor>
        </technique_common>
      </source>
      <sampler id="mixamorig_LeftHandThumb1-Matrix-animation-transform">
        <input semantic="INPUT" source="#mixamorig_LeftHandThumb1-Matrix-animation-input"/>
        <input semantic="OUTPUT" source="#mixamorig_LeftHandThumb1-Matrix-animation-output-transform"/>
        <input semantic="INTERPOLATION" source="#mixamorig_LeftHandThumb1-Interpolations"/>
      </sampler>
      <channel source="#mixamorig_LeftHandThumb1-Matrix-animation-transform" target="mixamorig_LeftHandThumb1/matrix"/>
    </animation>
    <animation id="mixamorig_LeftHandThumb2-anim" name="mixamorig_LeftHandThumb2">
      <source id="mixamorig_LeftHandThumb2-Matrix-animation-input">
        <float_array id="mixamorig_LeftHandThumb2-Matrix-animation-input-array" count="38">

0.000000 0.033333 0.066667 0.100000 0.133333 0.166667 0.200000 0.233333 0.266667 0.300000 0.333333 0.366667 0.400000 0.433333 0.466667 0.500000
0.533333 0.566667 0.600000 0.633333 0.666667 0.700000 0.733333 0.766667 0.800000 0.833333 0.866667 0.900000 0.933333 0.966667 1.000000 1.033333
1.066667 1.100000 1.133333 1.166667 1.200000 1.233333</float_array>
        <technique_common>
          <accessor source="#mixamorig_LeftHandThumb2-Matrix-animation-input-array" count="38">
            <param name="TIME" type="float"/>
          </accessor>
        </technique_common>
      </source>
      <source id="mixamorig_LeftHandThumb2-Matrix-animation-output-transform">
        <float_array id="mixamorig_LeftHandThumb2-Matrix-animation-output-transform-array" count="608">

0.710326 0.654597 -0.258727 -0.000000 -0.694343 0.711936 -0.105048 4.187100 0.115434 0.254264 0.960221 0.000000 0.000000 0.000000 0.000000 1.000000
0.709990 0.655594 -0.257120 0.000000 -0.695107 0.710949 -0.106663 4.187100 0.112872 0.254455 0.960475 0.000000 0.000000 0.000000 0.000000 1.000000
0.709635 0.656641 -0.255421 0.000000 -0.695897 0.709926 -0.108315 4.187100 0.110206 0.254611 0.960743 -0.000000 0.000000 0.000000 0.000000 1.000000
0.709206 0.657914 -0.253330 -0.000000 -0.696828 0.708723 -0.110195 4.187100 0.107042 0.254678 0.961083 0.000000 0.000000 0.000000 0.000000 1.000000
0.709050 0.658432 -0.252417 0.000000 -0.697179 0.708271 -0.110875 4.187100 0.105776 0.254596 0.961245 -0.000000 0.000000 0.000000 0.000000 1.000000
0.709038 0.658455 -0.252393 0.000000 -0.697186 0.708279 -0.110784 4.187100 0.105819 0.254515 0.961262 0.000000 0.000000 0.000000 0.000000 1.000000
0.709070 0.658412 -0.252416 0.000000 -0.697131 0.708357 -0.110628 4.187100 0.105962 0.254410 0.961274 0.000000 0.000000 0.000000 0.000000 1.000000
0.709125 0.658297 -0.252559 0.000000 -0.697020 0.708515 -0.110313 4.187100 0.106323 0.254265 0.961273 0.000000 0.000000 0.000000 0.000000 1.000000
0.709198 0.658090 -0.252896 0.000000 -0.696844 0.708769 -0.109797 4.187100 0.106989 0.254096 0.961243 -0.000000 0.000000 0.000000 0.000000 1.000000
0.709318 0.657778 -0.253368 0.000000 -0.696586 0.709121 -0.109157 4.187100 0.107867 0.253920 0.961192 0.000000 0.000000 0.000000 0.000000 1.000000
0.709461 0.657399 -0.253952 -0.000000 -0.696277 0.709539 -0.108412 4.187100 0.108919 0.253735 0.961122 -0.000000 0.000000 0.000000 0.000000 1.000000
0.709624 0.656958 -0.254637 0.000000 -0.695921 0.710015 -0.107576 4.187100 0.110124 0.253546 0.961035 0.000000 0.000000 0.000000 0.000000 1.000000
0.709802 0.656468 -0.255405 -0.000000 -0.695529 0.710535 -0.106671 4.187100 0.111448 0.253357 0.960932 0.000000 0.000000 0.000000 0.000000 1.000000
0.709989 0.655942 -0.256233 0.000000 -0.695110 0.711087 -0.105721 4.187100 0.112857 0.253171 0.960816 0.000000 0.000000 0.000000 0.000000 1.000000
0.710182 0.655392 -0.257105 -0.000000 -0.694674 0.711657 -0.104749 4.187100 0.114319 0.252995 0.960690 0.000000 0.000000 0.000000 0.000000 1.000000
0.710376 0.654830 -0.257999 0.000000 -0.694230 0.712233 -0.103774 4.187100 0.115801 0.252830 0.960556 0.000000 0.000000 0.000000 0.000000 1.000000
0.710566 0.654268 -0.258898 -0.000000 -0.693789 0.712801 -0.102820 4.187100 0.117271 0.252681 0.960417 0.000000 0.000000 0.000000 0.000000 1.000000
0.710749 0.653720 -0.259780 0.000000 -0.693359 0.713350 -0.101906 4.187100 0.118696 0.252551 0.960276 -0.000000 0.000000 0.000000 0.000000 1.000000
0.710920 0.653198 -0.260625 0.000000 -0.692952 0.713866 -0.101055 4.187100 0.120043 0.252443 0.960137 0.000000 0.000000 0.000000 0.000000 1.000000
0.711075 0.652714 -0.261413 0.000000 -0.692578 0.714338 -0.100288 4.187100 0.121278 0.252361 0.960003 0.000000 0.000000 0.000000 0.000000 1.000000
0.711205 0.652282 -0.262139 0.000000 -0.692253 0.714743 -0.099641 4.187100 0.122368 0.252332 0.959872 0.000000 0.000000 0.000000 0.000000 1.000000
0.711305 0.651912 -0.262783 0.000000 -0.691988 0.715070 -0.099138 4.187100 0.123279 0.252360 0.959748 -0.000000 0.000000 0.000000 0.000000 1.000000
0.711368 0.651638 -0.263295 0.000000 -0.691798 0.715306 -0.098758 4.187100 0.123982 0.252400 0.959647 -0.000000 0.000000 0.000000 0.000000 1.000000
0.711364 0.651499 -0.263649 -0.000000 -0.691718 0.715419 -0.098499 4.187100 0.124448 0.252440 0.959576 0.000000 0.000000 0.000000 0.000000 1.000000
0.711365 0.651439 -0.263792 0.000000 -0.691689 0.715455 -0.098440 4.187100 0.124604 0.252489 0.959543 0.000000 0.000000 0.000000 0.000000 1.000000
0.711361 0.651444 -0.263792 0.000000 -0.691704 0.715429 -0.098522 4.187100 0.124543 0.252550 0.959535 0.000000 0.000000 0.000000 0.000000 1.000000
0.711350 0.651555 -0.263547 0.000000 -0.691807 0.715270 -0.098954 4.187100 0.124033 0.252715 0.959558 0.000000 0.000000 0.000000 0.000000 1.000000
0.711302 0.651787 -0.263101 0.000000 -0.692006 0.714987 -0.099605 4.187100 0.123193 0.252917 0.959613 -0.000000 0.000000 0.000000 0.000000 1.000000
0.711177 0.652147 -0.262548 0.000000 -0.692313 0.714589 -0.100325 4.187100 0.122187 0.253114 0.959689 0.000000 0.000000 0.000000 0.000000 1.000000
0.711041 0.652539 -0.261942 -0.000000 -0.692643 0.714160 -0.101095 4.187100 0.121100 0.253315 0.959774 0.000000 0.000000 0.000000 0.000000 1.000000
0.710900 0.652948 -0.261306 -0.000000 -0.692986 0.713715 -0.101889 4.187100 0.119970 0.253514 0.959864 0.000000 0.000000 0.000000 0.000000 1.000000
0.710759 0.653355 -0.260670 0.000000 -0.693323 0.713275 -0.102674 4.187100 0.118847 0.253705 0.959953 0.000000 0.000000 0.000000 0.000000 1.000000
0.710626 0.653740 -0.260068 0.000000 -0.693641 0.712860 -0.103411 4.187100 0.117788 0.253880 0.960037 0.000000 0.000000 0.000000 0.000000 1.000000
0.710504 0.654088 -0.259524 -0.000000 -0.693927 0.712484 -0.104077 4.187100 0.116831 0.254038 0.960112 0.000000 0.000000 0.000000 0.000000 1.000000
0.710475 0.654314 -0.259034 0.000000 -0.694090 0.712244 -0.104632 4.187100 0.116033 0.254131 0.960184 0.000000 0.000000 0.000000 0.000000 1.000000
0.710514 0.654399 -0.258711 0.000000 -0.694122 0.712174 -0.104897 4.187100 0.115603 0.254108 0.960242 -0.000000 0.000000 0.000000 0.000000 1.000000
0.710514 0.654399 -0.258711 0.000000 -0.694122 0.712173 -0.104897 4.187100 0.115603 0.254108 0.960242 0.000000 0.000000 0.000000 0.000000 1.000000
0.710514 0.654399 -0.258711 0.000000 -0.694122 0.712174 -0.104897 4.187100 0.115603 0.254108 0.960242 0.000000 0.000000 0.000000 0.000000 1.000000</float_array>
        <technique_common>
          <accessor source="#mixamorig_LeftHandThumb2-Matrix-animation-output-transform-array" count="38" stride="16">
            <param type="float4x4"/>
          </accessor>
        </technique_common>
      </source>
      <source id="mixamorig_LeftHandThumb2-Interpolations">
        <Name_array id="mixamorig_LeftHandThumb2-Interpolations-array" count="38">
 LINEAR LINEAR LINEAR LINEAR LINEAR LINEAR LINEAR LINEAR LINEAR LINEAR LINEAR
LINEAR LINEAR LINEAR LINEAR LINEAR LINEAR LINEAR LINEAR LINEAR LINEAR LINEAR LINEAR
LINEAR LINEAR LINEAR LINEAR LINEAR LINEAR LINEAR LINEAR LINEAR LINEAR LINEAR LINEAR
LINEAR LINEAR LINEAR</Name_array>
        <technique_common>
          <accessor source="#mixamorig_LeftHandThumb2-Interpolations-array" count="38">
            <param type="name"/>
          </accessor>
        </technique_common>
      </source>
      <sampler id="mixamorig_LeftHandThumb2-Matrix-animation-transform">
        <input semantic="INPUT" source="#mixamorig_LeftHandThumb2-Matrix-animation-input"/>
        <input semantic="OUTPUT" source="#mixamorig_LeftHandThumb2-Matrix-animation-output-transform"/>
        <input semantic="INTERPOLATION" source="#mixamorig_LeftHandThumb2-Interpolations"/>
      </sampler>
      <channel source="#mixamorig_LeftHandThumb2-Matrix-animation-transform" target="mixamorig_LeftHandThumb2/matrix"/>
    </animation>
    <animation id="mixamorig_LeftHandThumb3-anim" name="mixamorig_LeftHandThumb3">
      <source id="mixamorig_LeftHandThumb3-Matrix-animation-input">
        <float_array id="mixamorig_LeftHandThumb3-Matrix-animation-input-array" count="38">

0.000000 0.033333 0.066667 0.100000 0.133333 0.166667 0.200000 0.233333 0.266667 0.300000 0.333333 0.366667 0.400000 0.433333 0.466667 0.500000
0.533333 0.566667 0.600000 0.633333 0.666667 0.700000 0.733333 0.766667 0.800000 0.833333 0.866667 0.900000 0.933333 0.966667 1.000000 1.033333
1.066667 1.100000 1.133333 1.166667 1.200000 1.233333</float_array>
        <technique_common>
          <accessor source="#mixamorig_LeftHandThumb3-Matrix-animation-input-array" count="38">
            <param name="TIME" type="float"/>
          </accessor>
        </technique_common>
      </source>
      <source id="mixamorig_LeftHandThumb3-Matrix-animation-output-transform">
        <float_array id="mixamorig_LeftHandThumb3-Matrix-animation-output-transform-array" count="608">

0.928946 0.326338 0.174820 0.000000 -0.366145 0.879671 0.303506 3.418400 -0.054738 -0.345950 0.936655 0.000000 0.000000 0.000000 0.000000 1.000000
0.929683 0.324464 0.174391 0.000000 -0.364155 0.880879 0.302397 3.418400 -0.055500 -0.344639 0.937093 0.000000 0.000000 0.000000 0.000000 1.000000
0.930446 0.322513 0.173944 0.000000 -0.362081 0.882130 0.301237 3.418400 -0.056289 -0.343267 0.937550 0.000000 0.000000 0.000000 0.000000 1.000000
0.931345 0.320198 0.173407 0.000000 -0.359615 0.883615 0.299837 3.418400 -0.057217 -0.341611 0.938098 0.000000 0.000000 0.000000 0.000000 1.000000
0.931706 0.319258 0.173202 0.000000 -0.358620 0.884201 0.299300 3.418400 -0.057591 -0.340973 0.938307 0.000000 0.000000 0.000000 0.000000 1.000000
0.931694 0.319296 0.173194 0.000000 -0.358651 0.884194 0.299284 3.418400 -0.057578 -0.340957 0.938314 0.000000 0.000000 0.000000 0.000000 1.000000
0.931652 0.319411 0.173211 0.000000 -0.358769 0.884131 0.299327 3.418400 -0.057533 -0.341011 0.938297 -0.000000 0.000000 0.000000 0.000000 1.000000
0.931550 0.319679 0.173260 -0.000000 -0.359049 0.883973 0.299458 3.418400 -0.057427 -0.341169 0.938246 0.000000 0.000000 0.000000 0.000000 1.000000
0.931362 0.320182 0.173347 0.000000 -0.359570 0.883684 0.299688 3.418400 -0.057229 -0.341448 0.938157 0.000000 0.000000 0.000000 0.000000 1.000000
0.931112 0.320841 0.173471 0.000000 -0.360258 0.883292 0.300016 3.418400 -0.056969 -0.341842 0.938029 0.000000 0.000000 0.000000 0.000000 1.000000
0.930813 0.321621 0.173632 0.000000 -0.361079 0.882814 0.300437 3.418400 -0.056658 -0.342345 0.937864 0.000000 0.000000 0.000000 0.000000 1.000000
0.930470 0.322511 0.173819 0.000000 -0.362017 0.882263 0.300926 3.418400 -0.056302 -0.342928 0.937673 0.000000 0.000000 0.000000 0.000000 1.000000
0.930091 0.323490 0.174026 0.000000 -0.363049 0.881654 0.301466 3.418400 -0.055910 -0.343571 0.937461 0.000000 0.000000 0.000000 0.000000 1.000000
0.929687 0.324529 0.174249 0.000000 -0.364146 0.881003 0.302046 3.418400 -0.055492 -0.344261 0.937233 0.000000 0.000000 0.000000 0.000000 1.000000
0.929355 0.325599 0.174024 0.000000 -0.365128 0.880321 0.302846 3.418400 -0.054591 -0.344992 0.937017 0.000000 0.000000 0.000000 0.000000 1.000000
0.929064 0.326680 0.173552 -0.000000 -0.366040 0.879626 0.303765 3.418400 -0.053427 -0.345744 0.936807 -0.000000 0.000000 0.000000 0.000000 1.000000
0.928775 0.327751 0.173080 0.000000 -0.366941 0.878934 0.304680 3.418400 -0.052266 -0.346489 0.936597 0.000000 0.000000 0.000000 0.000000 1.000000
0.928483 0.328790 0.172671 0.000000 -0.367829 0.878260 0.305551 3.418400 -0.051188 -0.347213 0.936388 0.000000 0.000000 0.000000 0.000000 1.000000
0.928206 0.329772 0.172292 0.000000 -0.368669 0.877620 0.306376 3.418400 -0.050173 -0.347899 0.936189 0.000000 0.000000 0.000000 0.000000 1.000000
0.927948 0.330671 0.171956 0.000000 -0.369441 0.877031 0.307132 3.418400 -0.049251 -0.348531 0.936003 0.000000 0.000000 0.000000 0.000000 1.000000
0.927716 0.331465 0.171681 -0.000000 -0.370129 0.876508 0.307797 3.418400 -0.048456 -0.349092 0.935835 -0.000000 0.000000 0.000000 0.000000 1.000000
0.927517 0.332129 0.171474 -0.000000 -0.370712 0.876065 0.308355 3.418400 -0.047808 -0.349572 0.935689 0.000000 0.000000 0.000000 0.000000 1.000000
0.927353 0.332651 0.171347 0.000000 -0.371179 0.875733 0.308734 3.418400 -0.047354 -0.349906 0.935587 0.000000 0.000000 0.000000 0.000000 1.000000
0.927221 0.333015 0.171354 0.000000 -0.371533 0.875528 0.308891 3.418400 -0.047160 -0.350074 0.935534 0.000000 0.000000 0.000000 0.000000 1.000000
0.927183 0.333121 0.171353 0.000000 -0.371636 0.875467 0.308940 3.418400 -0.047099 -0.350125 0.935518 0.000000 0.000000 0.000000 0.000000 1.000000
0.927194 0.333069 0.171396 0.000000 -0.371600 0.875498 0.308895 3.418400 -0.047173 -0.350096 0.935525 0.000000 0.000000 0.000000 0.000000 1.000000
0.927287 0.332690 0.171625 0.000000 -0.371310 0.875713 0.308636 3.418400 -0.047614 -0.349921 0.935569 0.000000 0.000000 0.000000 0.000000 1.000000
0.927449 0.332050 0.171991 -0.000000 -0.370811 0.876083 0.308183 3.418400 -0.048346 -0.349601 0.935651 -0.000000 0.000000 0.000000 0.000000 1.000000
0.927640 0.331296 0.172417 -0.000000 -0.370219 0.876537 0.307604 3.418400 -0.049222 -0.349178 0.935763 -0.000000 0.000000 0.000000 0.000000 1.000000
0.927848 0.330491 0.172842 -0.000000 -0.369573 0.877037 0.306956 3.418400 -0.050143 -0.348686 0.935897 0.000000 0.000000 0.000000 0.000000 1.000000
0.928066 0.329661 0.173255 0.000000 -0.368896 0.877564 0.306263 3.418400 -0.051079 -0.348145 0.936048 0.000000 0.000000 0.000000 0.000000 1.000000
0.928282 0.328838 0.173660 0.000000 -0.368222 0.878087 0.305574 3.418400 -0.052004 -0.347605 0.936198 -0.000000 0.000000 0.000000 0.000000 1.000000
0.928484 0.328049 0.174075 0.000000 -0.367587 0.878566 0.304961 3.418400 -0.052894 -0.347139 0.936321 0.000000 0.000000 0.000000 0.000000 1.000000
0.928663 0.327322 0.174487 0.000000 -0.367014 0.878986 0.304441 3.418400 -0.053721 -0.346762 0.936413 0.000000 0.000000 0.000000 0.000000 1.000000
0.928818 0.326693 0.174842 0.000000 -0.366522 0.879317 0.304078 3.418400 -0.054401 -0.346516 0.936465 0.000000 0.000000 0.000000 0.000000 1.000000
0.928898 0.326405 0.174951 0.000000 -0.366280 0.879467 0.303935 3.418400 -0.054657 -0.346406 0.936491 0.000000 0.000000 0.000000 0.000000 1.000000
0.928898 0.326405 0.174950 0.000000 -0.366280 0.879467 0.303935 3.418400 -0.054657 -0.346406 0.936491 0.000000 0.000000 0.000000 0.000000 1.000000
0.928898 0.326406 0.174951 0.000000 -0.366280 0.879467 0.303935 3.418400 -0.054657 -0.346406 0.936491 0.000000 0.000000 0.000000 0.000000 1.000000</float_array>
        <technique_common>
          <accessor source="#mixamorig_LeftHandThumb3-Matrix-animation-output-transform-array" count="38" stride="16">
            <param type="float4x4"/>
          </accessor>
        </technique_common>
      </source>
      <source id="mixamorig_LeftHandThumb3-Interpolations">
        <Name_array id="mixamorig_LeftHandThumb3-Interpolations-array" count="38">
 LINEAR LINEAR LINEAR LINEAR LINEAR LINEAR LINEAR LINEAR LINEAR LINEAR LINEAR
LINEAR LINEAR LINEAR LINEAR LINEAR LINEAR LINEAR LINEAR LINEAR LINEAR LINEAR LINEAR
LINEAR LINEAR LINEAR LINEAR LINEAR LINEAR LINEAR LINEAR LINEAR LINEAR LINEAR LINEAR
LINEAR LINEAR LINEAR</Name_array>
        <technique_common>
          <accessor source="#mixamorig_LeftHandThumb3-Interpolations-array" count="38">
            <param type="name"/>
          </accessor>
        </technique_common>
      </source>
      <sampler id="mixamorig_LeftHandThumb3-Matrix-animation-transform">
        <input semantic="INPUT" source="#mixamorig_LeftHandThumb3-Matrix-animation-input"/>
        <input semantic="OUTPUT" source="#mixamorig_LeftHandThumb3-Matrix-animation-output-transform"/>
        <input semantic="INTERPOLATION" source="#mixamorig_LeftHandThumb3-Interpolations"/>
      </sampler>
      <channel source="#mixamorig_LeftHandThumb3-Matrix-animation-transform" target="mixamorig_LeftHandThumb3/matrix"/>
    </animation>
    <animation id="mixamorig_LeftHandIndex1-anim" name="mixamorig_LeftHandIndex1">
      <source id="mixamorig_LeftHandIndex1-Matrix-animation-input">
        <float_array id="mixamorig_LeftHandIndex1-Matrix-animation-input-array" count="38">

0.000000 0.033333 0.066667 0.100000 0.133333 0.166667 0.200000 0.233333 0.266667 0.300000 0.333333 0.366667 0.400000 0.433333 0.466667 0.500000
0.533333 0.566667 0.600000 0.633333 0.666667 0.700000 0.733333 0.766667 0.800000 0.833333 0.866667 0.900000 0.933333 0.966667 1.000000 1.033333
1.066667 1.100000 1.133333 1.166667 1.200000 1.233333</float_array>
        <technique_common>
          <accessor source="#mixamorig_LeftHandIndex1-Matrix-animation-input-array" count="38">
            <param name="TIME" type="float"/>
          </accessor>
        </technique_common>
      </source>
      <source id="mixamorig_LeftHandIndex1-Matrix-animation-output-transform">
        <float_array id="mixamorig_LeftHandIndex1-Matrix-animation-output-transform-array" count="608">

0.925977 0.350989 -0.139189 -2.259900 -0.133053 -0.041671 -0.990233 9.109300 -0.353361 0.935452 0.008114 0.518000 0.000000 0.000000 0.000000 1.000000
0.925062 0.353747 -0.138285 -2.259900 -0.134987 -0.034111 -0.990260 9.109300 -0.355018 0.934719 0.016196 0.518000 0.000000 0.000000 0.000000 1.000000
0.923817 0.356691 -0.139047 -2.259900 -0.132595 -0.042608 -0.990254 9.109300 -0.359139 0.933250 0.007934 0.518000 0.000000 0.000000 0.000000 1.000000
0.923451 0.356945 -0.140816 -2.259900 -0.127874 -0.059733 -0.989990 9.109300 -0.361783 0.932214 -0.009517 0.518000 0.000000 0.000000 0.000000 1.000000
0.924668 0.353977 -0.140320 -2.259900 -0.129675 -0.053744 -0.990099 9.109300 -0.358014 0.933709 -0.003793 0.518000 0.000000 0.000000 0.000000 1.000000
0.926659 0.349468 -0.138472 -2.259900 -0.135080 -0.034191 -0.990245 9.109300 -0.350793 0.936324 0.015522 0.518000 0.000000 0.000000 0.000000 1.000000
0.928894 0.344268 -0.136509 -2.259900 -0.140529 -0.013378 -0.989986 9.109300 -0.342647 0.938776 0.035953 0.518000 0.000000 0.000000 0.000000 1.000000
0.930650 0.340296 -0.134499 -2.259900 -0.145626 0.007242 -0.989313 9.109300 -0.335685 0.940291 0.056296 0.518000 0.000000 0.000000 0.000000 1.000000
0.931576 0.338421 -0.132806 -2.259900 -0.149608 0.023932 -0.988456 9.109300 -0.331336 0.940691 0.072925 0.518000 0.000000 0.000000 0.000000 1.000000
0.932000 0.337836 -0.131312 -2.259900 -0.152956 0.038139 -0.987497 9.109300 -0.328604 0.940432 0.087219 0.518000 0.000000 0.000000 0.000000 1.000000
0.931999 0.338392 -0.129883 -2.259900 -0.156064 0.051220 -0.986418 9.109300 -0.327143 0.939610 0.100548 0.518000 0.000000 0.000000 0.000000 1.000000
0.931520 0.339997 -0.129124 -2.259900 -0.157677 0.057611 -0.985809 9.109300 -0.327733 0.938660 0.107276 0.518000 0.000000 0.000000 0.000000 1.000000
0.930980 0.341462 -0.129151 -2.259900 -0.157589 0.056773 -0.985871 9.109300 -0.329305 0.938180 0.106665 0.518000 0.000000 0.000000 0.000000 1.000000
0.930731 0.342181 -0.129041 -2.259900 -0.157814 0.057498 -0.985793 9.109300 -0.329900 0.937873 0.107516 0.518000 0.000000 0.000000 0.000000 1.000000
0.930506 0.342966 -0.128582 -2.259900 -0.158807 0.061425 -0.985397 9.109300 -0.330060 0.937337 0.111622 0.518000 0.000000 0.000000 0.000000 1.000000
0.929915 0.344555 -0.128605 -2.259900 -0.158729 0.060567 -0.985463 9.109300 -0.331757 0.936810 0.111013 0.518000 0.000000 0.000000 0.000000 1.000000
0.929189 0.346287 -0.129198 -2.259900 -0.157370 0.054384 -0.986041 9.109300 -0.334427 0.936551 0.105028 0.518000 0.000000 0.000000 0.000000 1.000000
0.929157 0.346358 -0.129239 -2.259900 -0.157275 0.053970 -0.986079 9.109300 -0.334562 0.936548 0.104620 0.518000 0.000000 0.000000 0.000000 1.000000
0.930468 0.343406 -0.127676 -2.259900 -0.160782 0.069600 -0.984533 9.109300 -0.329208 0.936605 0.119974 0.518000 0.000000 0.000000 0.000000 1.000000
0.932838 0.338006 -0.124757 -2.259900 -0.166902 0.098522 -0.981039 9.109300 -0.319306 0.935973 0.148319 0.518000 0.000000 0.000000 0.000000 1.000000
0.935472 0.331771 -0.121742 -2.259900 -0.172613 0.128349 -0.976592 9.109300 -0.308379 0.934588 0.177335 0.518000 0.000000 0.000000 0.000000 1.000000
0.938147 0.325085 -0.119165 -2.259900 -0.176890 0.154145 -0.972085 9.109300 -0.297642 0.933037 0.202115 0.518000 0.000000 0.000000 0.000000 1.000000
0.940686 0.318404 -0.117170 -2.259900 -0.179664 0.174536 -0.968121 9.109300 -0.287803 0.931749 0.221389 0.518000 0.000000 0.000000 0.000000 1.000000
0.941841 0.314909 -0.117338 -2.259900 -0.178943 0.174397 -0.968279 9.109300 -0.284457 0.932962 0.220605 0.518000 0.000000 0.000000 0.000000 1.000000
0.940407 0.317743 -0.121137 -2.259900 -0.172671 0.139304 -0.975079 9.109300 -0.292949 0.937888 0.185868 0.518000 0.000000 0.000000 0.000000 1.000000
0.936829 0.325767 -0.127387 -2.259900 -0.161325 0.079265 -0.983713 9.109300 -0.310364 0.942121 0.126812 0.518000 0.000000 0.000000 0.000000 1.000000
0.933198 0.333939 -0.132763 -2.259900 -0.149947 0.026095 -0.988350 9.109300 -0.326584 0.942233 0.074425 0.518000 0.000000 0.000000 0.000000 1.000000
0.931036 0.338829 -0.135524 -2.259900 -0.143378 -0.001869 -0.989666 9.109300 -0.335581 0.940846 0.046841 0.518000 0.000000 0.000000 0.000000 1.000000
0.929628 0.342042 -0.137106 -2.259900 -0.139332 -0.018183 -0.990079 9.109300 -0.341142 0.939509 0.030754 0.518000 0.000000 0.000000 0.000000 1.000000
0.928533 0.344578 -0.138175 -2.259900 -0.136445 -0.029396 -0.990211 9.109300 -0.345267 0.938297 0.019720 0.518000 0.000000 0.000000 0.000000 1.000000
0.927785 0.346373 -0.138710 -2.259900 -0.134894 -0.035230 -0.990234 9.109300 -0.347877 0.937435 0.014037 0.518000 0.000000 0.000000 0.000000 1.000000
0.927267 0.347675 -0.138916 -2.259900 -0.134206 -0.037719 -0.990235 9.109300 -0.349520 0.936856 0.011684 0.518000 0.000000 0.000000 0.000000 1.000000
0.926899 0.348648 -0.138936 -2.259900 -0.134022 -0.038306 -0.990238 9.109300 -0.350567 0.936471 0.011220 0.518000 0.000000 0.000000 0.000000 1.000000
0.926590 0.349473 -0.138923 -2.259900 -0.133942 -0.038511 -0.990241 9.109300 -0.351412 0.936155 0.011125 0.518000 0.000000 0.000000 0.000000 1.000000
0.926239 0.350353 -0.139049 -2.259900 -0.133499 -0.040073 -0.990238 9.109300 -0.352505 0.935760 0.009655 0.518000 0.000000 0.000000 0.000000 1.000000
0.926013 0.350894 -0.139187 -2.259900 -0.133072 -0.041609 -0.990233 9.109300 -0.353258 0.935490 0.008164 0.518000 0.000000 0.000000 0.000000 1.000000
0.926013 0.350890 -0.139198 -2.259900 -0.133046 -0.041709 -0.990232 9.109300 -0.353268 0.935487 0.008062 0.518000 0.000000 0.000000 0.000000 1.000000
0.926013 0.350890 -0.139198 -2.259900 -0.133047 -0.041708 -0.990232 9.109300 -0.353268 0.935487 0.008063 0.518000 0.000000 0.000000 0.000000 1.000000</float_array>
        <technique_common>
          <accessor source="#mixamorig_LeftHandIndex1-Matrix-animation-output-transform-array" count="38" stride="16">
            <param type="float4x4"/>
          </accessor>
        </technique_common>
      </source>
      <source id="mixamorig_LeftHandIndex1-Interpolations">
        <Name_array id="mixamorig_LeftHandIndex1-Interpolations-array" count="38">
 LINEAR LINEAR LINEAR LINEAR LINEAR LINEAR LINEAR LINEAR LINEAR LINEAR LINEAR
LINEAR LINEAR LINEAR LINEAR LINEAR LINEAR LINEAR LINEAR LINEAR LINEAR LINEAR LINEAR
LINEAR LINEAR LINEAR LINEAR LINEAR LINEAR LINEAR LINEAR LINEAR LINEAR LINEAR LINEAR
LINEAR LINEAR LINEAR</Name_array>
        <technique_common>
          <accessor source="#mixamorig_LeftHandIndex1-Interpolations-array" count="38">
            <param type="name"/>
          </accessor>
        </technique_common>
      </source>
      <sampler id="mixamorig_LeftHandIndex1-Matrix-animation-transform">
        <input semantic="INPUT" source="#mixamorig_LeftHandIndex1-Matrix-animation-input"/>
        <input semantic="OUTPUT" source="#mixamorig_LeftHandIndex1-Matrix-animation-output-transform"/>
        <input semantic="INTERPOLATION" source="#mixamorig_LeftHandIndex1-Interpolations"/>
      </sampler>
      <channel source="#mixamorig_LeftHandIndex1-Matrix-animation-transform" target="mixamorig_LeftHandIndex1/matrix"/>
    </animation>
    <animation id="mixamorig_LeftHandIndex2-anim" name="mixamorig_LeftHandIndex2">
      <source id="mixamorig_LeftHandIndex2-Matrix-animation-input">
        <float_array id="mixamorig_LeftHandIndex2-Matrix-animation-input-array" count="38">

0.000000 0.033333 0.066667 0.100000 0.133333 0.166667 0.200000 0.233333 0.266667 0.300000 0.333333 0.366667 0.400000 0.433333 0.466667 0.500000
0.533333 0.566667 0.600000 0.633333 0.666667 0.700000 0.733333 0.766667 0.800000 0.833333 0.866667 0.900000 0.933333 0.966667 1.000000 1.033333
1.066667 1.100000 1.133333 1.166667 1.200000 1.233333</float_array>
        <technique_common>
          <accessor source="#mixamorig_LeftHandIndex2-Matrix-animation-input-array" count="38">
            <param name="TIME" type="float"/>
          </accessor>
        </technique_common>
      </source>
      <source id="mixamorig_LeftHandIndex2-Matrix-animation-output-transform">
        <float_array id="mixamorig_LeftHandIndex2-Matrix-animation-output-transform-array" count="608">

0.986742 0.097988 -0.129378 0.000000 -0.097992 -0.275761 -0.956218 3.700000 -0.129376 0.956219 -0.262503 0.000000 0.000000 0.000000 0.000000 1.000000
0.986786 0.098113 -0.128943 -0.000000 -0.098117 -0.271459 -0.957436 3.700000 -0.128940 0.957436 -0.258245 -0.000000 0.000000 0.000000 0.000000 1.000000
0.986824 0.098215 -0.128581 0.000000 -0.098219 -0.267897 -0.958428 3.700000 -0.128578 0.958428 -0.254721 0.000000 0.000000 0.000000 0.000000 1.000000
0.986825 0.098218 -0.128570 -0.000000 -0.098221 -0.267790 -0.958458 3.700000 -0.128567 0.958458 -0.254615 0.000000 0.000000 0.000000 0.000000 1.000000
0.986814 0.098189 -0.128676 -0.000000 -0.098192 -0.268828 -0.958170 3.700000 -0.128673 0.958170 -0.255642 0.000000 0.000000 0.000000 0.000000 1.000000
0.986805 0.098163 -0.128767 0.000000 -0.098166 -0.269729 -0.957920 3.700000 -0.128764 0.957920 -0.256533 0.000000 0.000000 0.000000 0.000000 1.000000
0.986788 0.098116 -0.128932 0.000000 -0.098120 -0.271355 -0.957465 3.700000 -0.128929 0.957465 -0.258143 0.000000 0.000000 0.000000 0.000000 1.000000
0.986777 0.098086 -0.129039 0.000000 -0.098090 -0.272410 -0.957168 3.700000 -0.129036 0.957169 -0.259187 0.000000 0.000000 0.000000 0.000000 1.000000
0.986774 0.098079 -0.129061 0.000000 -0.098083 -0.272633 -0.957106 3.700000 -0.129059 0.957106 -0.259407 0.000000 0.000000 0.000000 0.000000 1.000000
0.986782 0.098099 -0.128991 0.000000 -0.098103 -0.271937 -0.957301 3.700000 -0.128988 0.957302 -0.258718 0.000000 0.000000 0.000000 0.000000 1.000000
0.986816 0.098194 -0.128655 -0.000000 -0.098198 -0.268621 -0.958227 3.700000 -0.128652 0.958228 -0.255437 0.000000 0.000000 0.000000 0.000000 1.000000
0.986871 0.098343 -0.128117 -0.000000 -0.098347 -0.263316 -0.959684 3.700000 -0.128114 0.959684 -0.250187 0.000000 0.000000 0.000000 0.000000 1.000000
0.986912 0.098451 -0.127720 -0.000000 -0.098456 -0.259400 -0.960738 3.700000 -0.127717 0.960739 -0.246312 0.000000 0.000000 0.000000 0.000000 1.000000
0.986932 0.098505 -0.127519 0.000000 -0.098509 -0.257420 -0.961265 3.700000 -0.127516 0.961266 -0.244352 0.000000 0.000000 0.000000 0.000000 1.000000
0.986964 0.098588 -0.127209 0.000000 -0.098591 -0.254372 -0.962068 3.700000 -0.127207 0.962068 -0.241336 0.000000 0.000000 0.000000 0.000000 1.000000
0.987015 0.098718 -0.126713 0.000000 -0.098722 -0.249474 -0.963336 3.700000 -0.126710 0.963337 -0.236489 0.000000 0.000000 0.000000 0.000000 1.000000
0.987052 0.098811 -0.126349 -0.000000 -0.098815 -0.245889 -0.964248 3.700000 -0.126346 0.964248 -0.232942 0.000000 0.000000 0.000000 0.000000 1.000000
0.987055 0.098816 -0.126328 0.000000 -0.098820 -0.245675 -0.964302 3.700000 -0.126324 0.964302 -0.232730 0.000000 0.000000 0.000000 0.000000 1.000000
0.987041 0.098784 -0.126455 0.000000 -0.098788 -0.246928 -0.963985 3.700000 -0.126452 0.963986 -0.233969 0.000000 0.000000 0.000000 0.000000 1.000000
0.987039 0.098779 -0.126477 0.000000 -0.098782 -0.247147 -0.963930 3.700000 -0.126474 0.963930 -0.234186 0.000000 0.000000 0.000000 0.000000 1.000000
0.987040 0.098782 -0.126464 0.000000 -0.098785 -0.247025 -0.963961 3.700000 -0.126462 0.963961 -0.234065 0.000000 0.000000 0.000000 0.000000 1.000000
0.987021 0.098732 -0.126657 0.000000 -0.098736 -0.248924 -0.963477 3.700000 -0.126654 0.963478 -0.235944 0.000000 0.000000 0.000000 0.000000 1.000000
0.986972 0.098608 -0.127133 0.000000 -0.098611 -0.253622 -0.962264 3.700000 -0.127131 0.962264 -0.240594 -0.000000 0.000000 0.000000 0.000000 1.000000
0.986912 0.098452 -0.127720 0.000000 -0.098455 -0.259401 -0.960738 3.700000 -0.127717 0.960738 -0.246313 0.000000 0.000000 0.000000 0.000000 1.000000
0.986860 0.098312 -0.128230 0.000000 -0.098316 -0.264429 -0.959381 3.700000 -0.128227 0.959381 -0.251288 0.000000 0.000000 0.000000 0.000000 1.000000
0.986819 0.098202 -0.128626 0.000000 -0.098206 -0.268339 -0.958306 3.700000 -0.128623 0.958306 -0.255158 0.000000 0.000000 0.000000 0.000000 1.000000
0.986790 0.098123 -0.128908 0.000000 -0.098127 -0.271116 -0.957532 3.700000 -0.128905 0.957532 -0.257906 0.000000 0.000000 0.000000 0.000000 1.000000
0.986774 0.098079 -0.129062 0.000000 -0.098083 -0.272640 -0.957104 3.700000 -0.129060 0.957104 -0.259414 0.000000 0.000000 0.000000 0.000000 1.000000
0.986764 0.098051 -0.129161 0.000000 -0.098055 -0.273610 -0.956830 3.700000 -0.129158 0.956830 -0.260374 0.000000 0.000000 0.000000 0.000000 1.000000
0.986757 0.098030 -0.129234 0.000000 -0.098034 -0.274331 -0.956625 3.700000 -0.129231 0.956626 -0.261088 -0.000000 0.000000 0.000000 0.000000 1.000000
0.986752 0.098017 -0.129280 0.000000 -0.098021 -0.274790 -0.956495 3.700000 -0.129278 0.956495 -0.261542 0.000000 0.000000 0.000000 0.000000 1.000000
0.986749 0.098008 -0.129310 0.000000 -0.098012 -0.275079 -0.956413 3.700000 -0.129307 0.956413 -0.261828 0.000000 0.000000 0.000000 0.000000 1.000000
0.986747 0.098003 -0.129328 0.000000 -0.098007 -0.275263 -0.956360 3.700000 -0.129325 0.956361 -0.262010 0.000000 0.000000 0.000000 0.000000 1.000000
0.986745 0.097998 -0.129344 0.000000 -0.098002 -0.275415 -0.956317 3.700000 -0.129341 0.956317 -0.262160 -0.000000 0.000000 0.000000 0.000000 1.000000
0.986744 0.097996 -0.129353 -0.000000 -0.098000 -0.275503 -0.956292 3.700000 -0.129350 0.956292 -0.262247 0.000000 0.000000 0.000000 0.000000 1.000000
0.986745 0.097996 -0.129353 0.000000 -0.098000 -0.275502 -0.956292 3.700000 -0.129349 0.956292 -0.262247 0.000000 0.000000 0.000000 0.000000 1.000000
0.986744 0.097996 -0.129353 0.000000 -0.098000 -0.275502 -0.956292 3.700000 -0.129350 0.956293 -0.262247 0.000000 0.000000 0.000000 0.000000 1.000000
0.986744 0.097996 -0.129352 -0.000000 -0.098000 -0.275503 -0.956292 3.700000 -0.129350 0.956292 -0.262247 0.000000 0.000000 0.000000 0.000000 1.000000</float_array>
        <technique_common>
          <accessor source="#mixamorig_LeftHandIndex2-Matrix-animation-output-transform-array" count="38" stride="16">
            <param type="float4x4"/>
          </accessor>
        </technique_common>
      </source>
      <source id="mixamorig_LeftHandIndex2-Interpolations">
        <Name_array id="mixamorig_LeftHandIndex2-Interpolations-array" count="38">
 LINEAR LINEAR LINEAR LINEAR LINEAR LINEAR LINEAR LINEAR LINEAR LINEAR LINEAR
LINEAR LINEAR LINEAR LINEAR LINEAR LINEAR LINEAR LINEAR LINEAR LINEAR LINEAR LINEAR
LINEAR LINEAR LINEAR LINEAR LINEAR LINEAR LINEAR LINEAR LINEAR LINEAR LINEAR LINEAR
LINEAR LINEAR LINEAR</Name_array>
        <technique_common>
          <accessor source="#mixamorig_LeftHandIndex2-Interpolations-array" count="38">
            <param type="name"/>
          </accessor>
        </technique_common>
      </source>
      <sampler id="mixamorig_LeftHandIndex2-Matrix-animation-transform">
        <input semantic="INPUT" source="#mixamorig_LeftHandIndex2-Matrix-animation-input"/>
        <input semantic="OUTPUT" source="#mixamorig_LeftHandIndex2-Matrix-animation-output-transform"/>
        <input semantic="INTERPOLATION" source="#mixamorig_LeftHandIndex2-Interpolations"/>
      </sampler>
      <channel source="#mixamorig_LeftHandIndex2-Matrix-animation-transform" target="mixamorig_LeftHandIndex2/matrix"/>
    </animation>
    <animation id="mixamorig_LeftHandIndex3-anim" name="mixamorig_LeftHandIndex3">
      <source id="mixamorig_LeftHandIndex3-Matrix-animation-input">
        <float_array id="mixamorig_LeftHandIndex3-Matrix-animation-input-array" count="38">

0.000000 0.033333 0.066667 0.100000 0.133333 0.166667 0.200000 0.233333 0.266667 0.300000 0.333333 0.366667 0.400000 0.433333 0.466667 0.500000
0.533333 0.566667 0.600000 0.633333 0.666667 0.700000 0.733333 0.766667 0.800000 0.833333 0.866667 0.900000 0.933333 0.966667 1.000000 1.033333
1.066667 1.100000 1.133333 1.166667 1.200000 1.233333</float_array>
        <technique_common>
          <accessor source="#mixamorig_LeftHandIndex3-Matrix-animation-input-array" count="38">
            <param name="TIME" type="float"/>
          </accessor>
        </technique_common>
      </source>
      <source id="mixamorig_LeftHandIndex3-Matrix-animation-output-transform">
        <float_array id="mixamorig_LeftHandIndex3-Matrix-animation-output-transform-array" count="608">

0.991094 0.100893 -0.086906 0.000000 -0.100896 0.143052 -0.984559 2.850000 -0.086903 0.984559 0.151958 0.000000 0.000000 0.000000 0.000000 1.000000
0.991139 0.100829 -0.086471 0.000000 -0.100832 0.147348 -0.983932 2.850000 -0.086468 0.983932 0.156209 0.000000 0.000000 0.000000 0.000000 1.000000
0.991175 0.100776 -0.086118 -0.000000 -0.100778 0.150824 -0.983410 2.850000 -0.086115 0.983411 0.159649 0.000000 0.000000 0.000000 0.000000 1.000000
0.991176 0.100775 -0.086113 -0.000000 -0.100777 0.150874 -0.983403 2.850000 -0.086110 0.983403 0.159698 -0.000000 0.000000 0.000000 0.000000 1.000000
0.991166 0.100789 -0.086203 0.000000 -0.100791 0.149988 -0.983537 2.850000 -0.086200 0.983537 0.158822 0.000000 0.000000 0.000000 0.000000 1.000000
0.991160 0.100798 -0.086267 -0.000000 -0.100801 0.149351 -0.983633 2.850000 -0.086264 0.983633 0.158191 0.000000 0.000000 0.000000 0.000000 1.000000
0.991146 0.100819 -0.086405 -0.000000 -0.100822 0.147994 -0.983836 2.850000 -0.086402 0.983836 0.156849 0.000000 0.000000 0.000000 0.000000 1.000000
0.991137 0.100832 -0.086491 -0.000000 -0.100834 0.147150 -0.983961 2.850000 -0.086488 0.983961 0.156013 0.000000 0.000000 0.000000 0.000000 1.000000
0.991136 0.100834 -0.086502 0.000000 -0.100836 0.147040 -0.983977 2.850000 -0.086499 0.983978 0.155904 0.000000 0.000000 0.000000 0.000000 1.000000
0.991144 0.100822 -0.086423 0.000000 -0.100825 0.147815 -0.983862 2.850000 -0.086420 0.983863 0.156671 0.000000 0.000000 0.000000 0.000000 1.000000
0.991179 0.100769 -0.086078 0.000000 -0.100772 0.151221 -0.983350 2.850000 -0.086075 0.983350 0.160042 0.000000 0.000000 0.000000 0.000000 1.000000
0.991235 0.100684 -0.085533 -0.000000 -0.100686 0.156596 -0.982517 2.850000 -0.085530 0.982517 0.165361 0.000000 0.000000 0.000000 0.000000 1.000000
0.991276 0.100620 -0.085133 0.000000 -0.100622 0.160533 -0.981888 2.850000 -0.085131 0.981888 0.169257 0.000000 0.000000 0.000000 0.000000 1.000000
0.991297 0.100586 -0.084931 0.000000 -0.100589 0.162526 -0.981564 2.850000 -0.084928 0.981564 0.171230 0.000000 0.000000 0.000000 0.000000 1.000000
0.991329 0.100534 -0.084619 0.000000 -0.100537 0.165607 -0.981054 2.850000 -0.084616 0.981054 0.174278 0.000000 0.000000 0.000000 0.000000 1.000000
0.991380 0.100449 -0.084121 0.000000 -0.100451 0.170516 -0.980221 2.850000 -0.084118 0.980222 0.179136 0.000000 0.000000 0.000000 0.000000 1.000000
0.991417 0.100386 -0.083761 0.000000 -0.100388 0.174064 -0.979604 2.850000 -0.083758 0.979604 0.182647 0.000000 0.000000 0.000000 0.000000 1.000000
0.991419 0.100382 -0.083739 0.000000 -0.100384 0.174280 -0.979566 2.850000 -0.083736 0.979566 0.182862 -0.000000 0.000000 0.000000 0.000000 1.000000
0.991408 0.100401 -0.083850 0.000000 -0.100404 0.173191 -0.979757 2.850000 -0.083847 0.979757 0.181784 0.000000 0.000000 0.000000 0.000000 1.000000
0.991408 0.100400 -0.083843 0.000000 -0.100402 0.173256 -0.979746 2.850000 -0.083840 0.979746 0.181848 0.000000 0.000000 0.000000 0.000000 1.000000
0.991413 0.100391 -0.083792 0.000000 -0.100393 0.173760 -0.979657 2.850000 -0.083789 0.979658 0.182346 0.000000 0.000000 0.000000 0.000000 1.000000
0.991397 0.100420 -0.083954 0.000000 -0.100422 0.172159 -0.979937 2.850000 -0.083951 0.979937 0.180763 0.000000 0.000000 0.000000 0.000000 1.000000
0.991350 0.100498 -0.084409 0.000000 -0.100501 0.167676 -0.980706 2.850000 -0.084406 0.980706 0.176326 0.000000 0.000000 0.000000 0.000000 1.000000
0.991290 0.100596 -0.084992 0.000000 -0.100599 0.161928 -0.981661 2.850000 -0.084989 0.981662 0.170638 0.000000 0.000000 0.000000 0.000000 1.000000
0.991236 0.100683 -0.085527 -0.000000 -0.100686 0.156649 -0.982509 2.850000 -0.085524 0.982509 0.165413 0.000000 0.000000 0.000000 0.000000 1.000000
0.991190 0.100754 -0.085976 0.000000 -0.100756 0.152229 -0.983196 2.850000 -0.085973 0.983196 0.161039 -0.000000 0.000000 0.000000 0.000000 1.000000
0.991155 0.100805 -0.086311 -0.000000 -0.100807 0.148913 -0.983698 2.850000 -0.086309 0.983699 0.157758 0.000000 0.000000 0.000000 0.000000 1.000000
0.991136 0.100834 -0.086501 0.000000 -0.100836 0.147049 -0.983976 2.850000 -0.086498 0.983976 0.155914 0.000000 0.000000 0.000000 0.000000 1.000000
0.991123 0.100852 -0.086622 -0.000000 -0.100854 0.145852 -0.984152 2.850000 -0.086619 0.984153 0.154728 0.000000 0.000000 0.000000 0.000000 1.000000
0.991114 0.100865 -0.086714 0.000000 -0.100868 0.144948 -0.984284 2.850000 -0.086711 0.984285 0.153834 0.000000 0.000000 0.000000 0.000000 1.000000
0.991108 0.100874 -0.086773 0.000000 -0.100876 0.144358 -0.984370 2.850000 -0.086771 0.984370 0.153250 0.000000 0.000000 0.000000 0.000000 1.000000
0.991104 0.100880 -0.086813 0.000000 -0.100882 0.143975 -0.984426 2.850000 -0.086810 0.984426 0.152871 0.000000 0.000000 0.000000 0.000000 1.000000
0.991101 0.100883 -0.086838 -0.000000 -0.100886 0.143722 -0.984462 2.850000 -0.086835 0.984463 0.152621 0.000000 0.000000 0.000000 0.000000 1.000000
0.991099 0.100886 -0.086860 -0.000000 -0.100889 0.143511 -0.984493 2.850000 -0.086857 0.984493 0.152412 0.000000 0.000000 0.000000 0.000000 1.000000
0.991096 0.100890 -0.086885 -0.000000 -0.100893 0.143261 -0.984529 2.850000 -0.086882 0.984529 0.152165 0.000000 0.000000 0.000000 0.000000 1.000000
0.991096 0.100890 -0.086885 0.000000 -0.100893 0.143261 -0.984529 2.850000 -0.086882 0.984529 0.152164 0.000000 0.000000 0.000000 0.000000 1.000000
0.991096 0.100890 -0.086885 0.000000 -0.100893 0.143261 -0.984529 2.850000 -0.086882 0.984529 0.152165 0.000000 0.000000 0.000000 0.000000 1.000000
0.991096 0.100890 -0.086885 0.000000 -0.100893 0.143261 -0.984529 2.850000 -0.086882 0.984529 0.152165 0.000000 0.000000 0.000000 0.000000 1.000000</float_array>
        <technique_common>
          <accessor source="#mixamorig_LeftHandIndex3-Matrix-animation-output-transform-array" count="38" stride="16">
            <param type="float4x4"/>
          </accessor>
        </technique_common>
      </source>
      <source id="mixamorig_LeftHandIndex3-Interpolations">
        <Name_array id="mixamorig_LeftHandIndex3-Interpolations-array" count="38">
 LINEAR LINEAR LINEAR LINEAR LINEAR LINEAR LINEAR LINEAR LINEAR LINEAR LINEAR
LINEAR LINEAR LINEAR LINEAR LINEAR LINEAR LINEAR LINEAR LINEAR LINEAR LINEAR LINEAR
LINEAR LINEAR LINEAR LINEAR LINEAR LINEAR LINEAR LINEAR LINEAR LINEAR LINEAR LINEAR
LINEAR LINEAR LINEAR</Name_array>
        <technique_common>
          <accessor source="#mixamorig_LeftHandIndex3-Interpolations-array" count="38">
            <param type="name"/>
          </accessor>
        </technique_common>
      </source>
      <sampler id="mixamorig_LeftHandIndex3-Matrix-animation-transform">
        <input semantic="INPUT" source="#mixamorig_LeftHandIndex3-Matrix-animation-input"/>
        <input semantic="OUTPUT" source="#mixamorig_LeftHandIndex3-Matrix-animation-output-transform"/>
        <input semantic="INTERPOLATION" source="#mixamorig_LeftHandIndex3-Interpolations"/>
      </sampler>
      <channel source="#mixamorig_LeftHandIndex3-Matrix-animation-transform" target="mixamorig_LeftHandIndex3/matrix"/>
    </animation>
    <animation id="mixamorig_LeftHandMiddle1-anim" name="mixamorig_LeftHandMiddle1">
      <source id="mixamorig_LeftHandMiddle1-Matrix-animation-input">
        <float_array id="mixamorig_LeftHandMiddle1-Matrix-animation-input-array" count="38">

0.000000 0.033333 0.066667 0.100000 0.133333 0.166667 0.200000 0.233333 0.266667 0.300000 0.333333 0.366667 0.400000 0.433333 0.466667 0.500000
0.533333 0.566667 0.600000 0.633333 0.666667 0.700000 0.733333 0.766667 0.800000 0.833333 0.866667 0.900000 0.933333 0.966667 1.000000 1.033333
1.066667 1.100000 1.133333 1.166667 1.200000 1.233333</float_array>
        <technique_common>
          <accessor source="#mixamorig_LeftHandMiddle1-Matrix-animation-input-array" count="38">
            <param name="TIME" type="float"/>
          </accessor>
        </technique_common>
      </source>
      <source id="mixamorig_LeftHandMiddle1-Matrix-animation-output-transform">
        <float_array id="mixamorig_LeftHandMiddle1-Matrix-animation-output-transform-array" count="608">

0.968134 0.195036 -0.157094 0.000000 -0.123931 -0.171977 -0.977274 9.533400 -0.217620 0.965601 -0.142325 0.000000 0.000000 0.000000 0.000000 1.000000
0.967678 0.197511 -0.156810 -0.000000 -0.123820 -0.169590 -0.977705 9.533400 -0.219701 0.965520 -0.139653 0.000000 0.000000 0.000000 0.000000 1.000000
0.967315 0.198509 -0.157786 -0.000000 -0.122256 -0.180061 -0.976028 9.533400 -0.222161 0.963417 -0.149907 0.000000 0.000000 0.000000 0.000000 1.000000
0.967249 0.197870 -0.158987 -0.000000 -0.120677 -0.192565 -0.973836 9.533400 -0.223309 0.961127 -0.162380 0.000000 0.000000 0.000000 0.000000 1.000000
0.967395 0.197631 -0.158395 0.000000 -0.121582 -0.186253 -0.974950 9.533400 -0.222182 0.962420 -0.156152 0.000000 0.000000 0.000000 0.000000 1.000000
0.967679 0.197217 -0.157173 0.000000 -0.123380 -0.173328 -0.977105 9.533400 -0.219944 0.964916 -0.143393 -0.000000 0.000000 0.000000 0.000000 1.000000
0.968075 0.196403 -0.155745 0.000000 -0.125467 -0.158222 -0.979400 9.533400 -0.216999 0.967673 -0.128529 -0.000000 0.000000 0.000000 0.000000 1.000000
0.968397 0.196317 -0.153843 0.000000 -0.127937 -0.138501 -0.982064 9.533400 -0.214103 0.970710 -0.109008 -0.000000 0.000000 0.000000 0.000000 1.000000
0.968551 0.196974 -0.152024 0.000000 -0.130085 -0.119969 -0.984218 9.533400 -0.212103 0.973041 -0.090573 0.000000 0.000000 0.000000 0.000000 1.000000
0.968586 0.197973 -0.150491 0.000000 -0.131782 -0.104576 -0.985747 9.533400 -0.210890 0.974613 -0.075202 0.000000 0.000000 0.000000 0.000000 1.000000
0.968495 0.199472 -0.149092 -0.000000 -0.133236 -0.090757 -0.986920 9.533400 -0.210394 0.975692 -0.061321 -0.000000 0.000000 0.000000 0.000000 1.000000
0.968310 0.201010 -0.148224 0.000000 -0.134065 -0.082388 -0.987542 9.533400 -0.210718 0.976118 -0.052828 0.000000 0.000000 0.000000 0.000000 1.000000
0.968131 0.202025 -0.148016 -0.000000 -0.134198 -0.080539 -0.987676 9.533400 -0.211456 0.976063 -0.050861 0.000000 0.000000 0.000000 0.000000 1.000000
0.967928 0.203126 -0.147833 0.000000 -0.134294 -0.078973 -0.987790 9.533400 -0.212320 0.975963 -0.049161 0.000000 0.000000 0.000000 0.000000 1.000000
0.967605 0.204855 -0.147562 0.000000 -0.134431 -0.076677 -0.987952 9.533400 -0.213702 0.975784 -0.046654 -0.000000 0.000000 0.000000 0.000000 1.000000
0.967214 0.206661 -0.147610 0.000000 -0.134186 -0.077612 -0.987912 9.533400 -0.215619 0.975329 -0.047337 0.000000 0.000000 0.000000 0.000000 1.000000
0.966928 0.207833 -0.147838 0.000000 -0.133787 -0.080190 -0.987760 9.533400 -0.217144 0.974872 -0.049732 0.000000 0.000000 0.000000 0.000000 1.000000
0.966865 0.208253 -0.147657 0.000000 -0.133962 -0.078475 -0.987874 9.533400 -0.217315 0.974922 -0.047977 0.000000 0.000000 0.000000 0.000000 1.000000
0.966986 0.208419 -0.146626 -0.000000 -0.135188 -0.068185 -0.988471 9.533400 -0.216014 0.975660 -0.037758 0.000000 0.000000 0.000000 0.000000 1.000000
0.967216 0.208557 -0.144901 0.000000 -0.137193 -0.051040 -0.989228 9.533400 -0.213706 0.976677 -0.020754 0.000000 0.000000 0.000000 0.000000 1.000000
0.967556 0.208215 -0.143116 0.000000 -0.139226 -0.033295 -0.989701 9.533400 -0.210835 0.977516 -0.003226 0.000000 0.000000 0.000000 0.000000 1.000000
0.967942 0.207475 -0.141568 0.000000 -0.140936 -0.017901 -0.989857 9.533400 -0.207905 0.978076 0.011914 0.000000 0.000000 0.000000 0.000000 1.000000
0.968257 0.206769 -0.140443 0.000000 -0.142135 -0.006726 -0.989824 9.533400 -0.205610 0.978367 0.022876 0.000000 0.000000 0.000000 0.000000 1.000000
0.968602 0.205037 -0.140605 0.000000 -0.142020 -0.007874 -0.989832 9.533400 -0.204060 0.978722 0.021492 0.000000 0.000000 0.000000 0.000000 1.000000
0.969079 0.201124 -0.142954 0.000000 -0.139788 -0.029934 -0.989729 9.533400 -0.203337 0.979108 -0.000893 0.000000 0.000000 0.000000 0.000000 1.000000
0.969423 0.196303 -0.147253 0.000000 -0.135624 -0.071498 -0.988177 9.533400 -0.204511 0.977933 -0.042688 0.000000 0.000000 0.000000 0.000000 1.000000
0.969435 0.193033 -0.151437 0.000000 -0.131340 -0.113038 -0.984872 9.533400 -0.207231 0.974659 -0.084230 0.000000 0.000000 0.000000 0.000000 1.000000
0.969298 0.191896 -0.153746 0.000000 -0.128783 -0.136461 -0.982239 9.533400 -0.209468 0.971882 -0.107558 -0.000000 0.000000 0.000000 0.000000 1.000000
0.969151 0.191572 -0.155073 0.000000 -0.127211 -0.150101 -0.980453 9.533400 -0.211104 0.969933 -0.121100 0.000000 0.000000 0.000000 0.000000 1.000000
0.968987 0.191653 -0.155994 0.000000 -0.126034 -0.159696 -0.979088 9.533400 -0.212557 0.968383 -0.130588 0.000000 0.000000 0.000000 0.000000 1.000000
0.968811 0.192135 -0.156488 0.000000 -0.125306 -0.164966 -0.978307 9.533400 -0.213782 0.967404 -0.135745 0.000000 0.000000 0.000000 0.000000 1.000000
0.968636 0.192833 -0.156714 0.000000 -0.124876 -0.167484 -0.977934 9.533400 -0.214825 0.966832 -0.138151 0.000000 0.000000 0.000000 0.000000 1.000000
0.968470 0.193607 -0.156787 -0.000000 -0.124627 -0.168432 -0.977803 9.533400 -0.215717 0.966513 -0.138993 -0.000000 0.000000 0.000000 0.000000 1.000000
0.968321 0.194322 -0.156825 0.000000 -0.124434 -0.169000 -0.977729 9.533400 -0.216498 0.966270 -0.139466 -0.000000 0.000000 0.000000 0.000000 1.000000
0.968200 0.194810 -0.156967 0.000000 -0.124148 -0.170591 -0.977490 9.533400 -0.217202 0.965892 -0.140981 0.000000 0.000000 0.000000 0.000000 1.000000
0.968160 0.194901 -0.157095 0.000000 -0.123957 -0.171954 -0.977275 9.533400 -0.217485 0.965632 -0.142320 0.000000 0.000000 0.000000 0.000000 1.000000
0.968160 0.194897 -0.157103 -0.000000 -0.123948 -0.172034 -0.977262 9.533400 -0.217492 0.965619 -0.142399 0.000000 0.000000 0.000000 0.000000 1.000000
0.968160 0.194897 -0.157102 0.000000 -0.123948 -0.172033 -0.977262 9.533400 -0.217492 0.965619 -0.142399 0.000000 0.000000 0.000000 0.000000 1.000000</float_array>
        <technique_common>
          <accessor source="#mixamorig_LeftHandMiddle1-Matrix-animation-output-transform-array" count="38" stride="16">
            <param type="float4x4"/>
          </accessor>
        </technique_common>
      </source>
      <source id="mixamorig_LeftHandMiddle1-Interpolations">
        <Name_array id="mixamorig_LeftHandMiddle1-Interpolations-array" count="38">
 LINEAR LINEAR LINEAR LINEAR LINEAR LINEAR LINEAR LINEAR LINEAR LINEAR LINEAR
LINEAR LINEAR LINEAR LINEAR LINEAR LINEAR LINEAR LINEAR LINEAR LINEAR LINEAR LINEAR
LINEAR LINEAR LINEAR LINEAR LINEAR LINEAR LINEAR LINEAR LINEAR LINEAR LINEAR LINEAR
LINEAR LINEAR LINEAR</Name_array>
        <technique_common>
          <accessor source="#mixamorig_LeftHandMiddle1-Interpolations-array" count="38">
            <param type="name"/>
          </accessor>
        </technique_common>
      </source>
      <sampler id="mixamorig_LeftHandMiddle1-Matrix-animation-transform">
        <input semantic="INPUT" source="#mixamorig_LeftHandMiddle1-Matrix-animation-input"/>
        <input semantic="OUTPUT" source="#mixamorig_LeftHandMiddle1-Matrix-animation-output-transform"/>
        <input semantic="INTERPOLATION" source="#mixamorig_LeftHandMiddle1-Interpolations"/>
      </sampler>
      <channel source="#mixamorig_LeftHandMiddle1-Matrix-animation-transform" target="mixamorig_LeftHandMiddle1/matrix"/>
    </animation>
    <animation id="mixamorig_LeftHandMiddle2-anim" name="mixamorig_LeftHandMiddle2">
      <source id="mixamorig_LeftHandMiddle2-Matrix-animation-input">
        <float_array id="mixamorig_LeftHandMiddle2-Matrix-animation-input-array" count="38">

0.000000 0.033333 0.066667 0.100000 0.133333 0.166667 0.200000 0.233333 0.266667 0.300000 0.333333 0.366667 0.400000 0.433333 0.466667 0.500000
0.533333 0.566667 0.600000 0.633333 0.666667 0.700000 0.733333 0.766667 0.800000 0.833333 0.866667 0.900000 0.933333 0.966667 1.000000 1.033333
1.066667 1.100000 1.133333 1.166667 1.200000 1.233333</float_array>
        <technique_common>
          <accessor source="#mixamorig_LeftHandMiddle2-Matrix-animation-input-array" count="38">
            <param name="TIME" type="float"/>
          </accessor>
        </technique_common>
      </source>
      <source id="mixamorig_LeftHandMiddle2-Matrix-animation-output-transform">
        <float_array id="mixamorig_LeftHandMiddle2-Matrix-animation-output-transform-array" count="608">

0.987360 0.099527 -0.123350 -0.000000 -0.099531 -0.216314 -0.971237 3.700000 -0.123347 0.971238 -0.203674 -0.000000 0.000000 0.000000 0.000000 1.000000
0.987409 0.099633 -0.122872 -0.000000 -0.099636 -0.211601 -0.972264 3.700000 -0.122869 0.972265 -0.199009 -0.000000 0.000000 0.000000 0.000000 1.000000
0.987403 0.099621 -0.122925 0.000000 -0.099625 -0.212120 -0.972152 3.700000 -0.122922 0.972153 -0.199523 0.000000 0.000000 0.000000 0.000000 1.000000
0.987334 0.099471 -0.123603 0.000000 -0.099474 -0.218813 -0.970683 3.700000 -0.123601 0.970684 -0.206147 -0.000000 0.000000 0.000000 0.000000 1.000000
0.987309 0.099416 -0.123846 -0.000000 -0.099419 -0.221208 -0.970146 3.700000 -0.123844 0.970146 -0.208517 -0.000000 0.000000 0.000000 0.000000 1.000000
0.987324 0.099450 -0.123696 0.000000 -0.099454 -0.219720 -0.970480 3.700000 -0.123693 0.970481 -0.207044 0.000000 0.000000 0.000000 0.000000 1.000000
0.987352 0.099511 -0.123426 0.000000 -0.099514 -0.217061 -0.971072 3.700000 -0.123423 0.971073 -0.204413 0.000000 0.000000 0.000000 0.000000 1.000000
0.987405 0.099624 -0.122911 0.000000 -0.099628 -0.211987 -0.972181 3.700000 -0.122909 0.972181 -0.199392 -0.000000 0.000000 0.000000 0.000000 1.000000
0.987461 0.099743 -0.122356 0.000000 -0.099747 -0.206516 -0.973346 3.700000 -0.122353 0.973346 -0.193977 0.000000 0.000000 0.000000 0.000000 1.000000
0.987519 0.099862 -0.121791 -0.000000 -0.099866 -0.200934 -0.974501 3.700000 -0.121787 0.974502 -0.188453 0.000000 0.000000 0.000000 0.000000 1.000000
0.987611 0.100043 -0.120896 0.000000 -0.100046 -0.192114 -0.976260 3.700000 -0.120893 0.976260 -0.179725 0.000000 0.000000 0.000000 0.000000 1.000000
0.987723 0.100250 -0.119805 -0.000000 -0.100254 -0.181361 -0.978293 3.700000 -0.119802 0.978294 -0.169083 -0.000000 0.000000 0.000000 0.000000 1.000000
0.987810 0.100405 -0.118956 0.000000 -0.100408 -0.172983 -0.979793 3.700000 -0.118953 0.979794 -0.160793 0.000000 0.000000 0.000000 0.000000 1.000000
0.987871 0.100508 -0.118356 -0.000000 -0.100512 -0.167062 -0.980810 3.700000 -0.118352 0.980810 -0.154934 0.000000 0.000000 0.000000 0.000000 1.000000
0.987925 0.100596 -0.117836 0.000000 -0.100599 -0.161944 -0.981659 3.700000 -0.117834 0.981659 -0.149868 -0.000000 0.000000 0.000000 0.000000 1.000000
0.987968 0.100664 -0.117418 0.000000 -0.100667 -0.157815 -0.982324 3.700000 -0.117415 0.982324 -0.145783 0.000000 0.000000 0.000000 0.000000 1.000000
0.987996 0.100708 -0.117139 0.000000 -0.100712 -0.155071 -0.982756 3.700000 -0.117136 0.982757 -0.143067 -0.000000 0.000000 0.000000 0.000000 1.000000
0.988006 0.100724 -0.117038 0.000000 -0.100727 -0.154074 -0.982912 3.700000 -0.117035 0.982912 -0.142080 -0.000000 0.000000 0.000000 0.000000 1.000000
0.987997 0.100710 -0.117129 0.000000 -0.100713 -0.154971 -0.982772 3.700000 -0.117127 0.982772 -0.142968 -0.000000 0.000000 0.000000 0.000000 1.000000
0.987983 0.100688 -0.117268 0.000000 -0.100691 -0.156342 -0.982557 3.700000 -0.117266 0.982557 -0.144325 -0.000000 0.000000 0.000000 0.000000 1.000000
0.987976 0.100677 -0.117334 -0.000000 -0.100681 -0.156989 -0.982455 3.700000 -0.117331 0.982455 -0.144965 0.000000 0.000000 0.000000 0.000000 1.000000
0.987958 0.100649 -0.117512 0.000000 -0.100652 -0.158744 -0.982176 3.700000 -0.117509 0.982176 -0.146702 0.000000 0.000000 0.000000 0.000000 1.000000
0.987899 0.100554 -0.118085 -0.000000 -0.100558 -0.164399 -0.981255 3.700000 -0.118083 0.981255 -0.152298 0.000000 0.000000 0.000000 0.000000 1.000000
0.987804 0.100393 -0.119018 -0.000000 -0.100397 -0.173592 -0.979687 3.700000 -0.119015 0.979687 -0.161395 0.000000 0.000000 0.000000 0.000000 1.000000
0.987700 0.100208 -0.120032 -0.000000 -0.100212 -0.183596 -0.977880 3.700000 -0.120029 0.977881 -0.171296 0.000000 0.000000 0.000000 0.000000 1.000000
0.987603 0.100027 -0.120974 -0.000000 -0.100030 -0.192883 -0.976110 3.700000 -0.120971 0.976110 -0.180486 0.000000 0.000000 0.000000 0.000000 1.000000
0.987526 0.099875 -0.121728 0.000000 -0.099879 -0.200315 -0.974627 3.700000 -0.121725 0.974628 -0.187840 0.000000 0.000000 0.000000 0.000000 1.000000
0.987479 0.099781 -0.122181 0.000000 -0.099784 -0.204788 -0.973707 3.700000 -0.122178 0.973707 -0.192268 0.000000 0.000000 0.000000 0.000000 1.000000
0.987448 0.099715 -0.122489 -0.000000 -0.099719 -0.207821 -0.973071 3.700000 -0.122486 0.973071 -0.195269 0.000000 0.000000 0.000000 0.000000 1.000000
0.987423 0.099663 -0.122733 0.000000 -0.099667 -0.210227 -0.972559 3.700000 -0.122730 0.972559 -0.197650 0.000000 0.000000 0.000000 0.000000 1.000000
0.987405 0.099625 -0.122908 -0.000000 -0.099629 -0.211952 -0.972188 3.700000 -0.122905 0.972189 -0.199357 0.000000 0.000000 0.000000 0.000000 1.000000
0.987392 0.099597 -0.123036 -0.000000 -0.099601 -0.213212 -0.971916 3.700000 -0.123033 0.971916 -0.200604 0.000000 0.000000 0.000000 0.000000 1.000000
0.987382 0.099576 -0.123131 -0.000000 -0.099580 -0.214152 -0.971711 3.700000 -0.123128 0.971712 -0.201534 0.000000 0.000000 0.000000 0.000000 1.000000
0.987374 0.099558 -0.123211 0.000000 -0.099562 -0.214946 -0.971538 3.700000 -0.123209 0.971538 -0.202320 0.000000 0.000000 0.000000 0.000000 1.000000
0.987365 0.099540 -0.123296 -0.000000 -0.099543 -0.215779 -0.971355 3.700000 -0.123293 0.971355 -0.203144 0.000000 0.000000 0.000000 0.000000 1.000000
0.987360 0.099529 -0.123345 -0.000000 -0.099532 -0.216263 -0.971249 3.700000 -0.123342 0.971249 -0.203623 -0.000000 0.000000 0.000000 0.000000 1.000000
0.987360 0.099529 -0.123345 0.000000 -0.099532 -0.216263 -0.971248 3.700000 -0.123343 0.971249 -0.203623 0.000000 0.000000 0.000000 0.000000 1.000000
0.987360 0.099529 -0.123345 -0.000000 -0.099532 -0.216263 -0.971249 3.700000 -0.123342 0.971249 -0.203623 0.000000 0.000000 0.000000 0.000000 1.000000</float_array>
        <technique_common>
          <accessor source="#mixamorig_LeftHandMiddle2-Matrix-animation-output-transform-array" count="38" stride="16">
            <param type="float4x4"/>
          </accessor>
        </technique_common>
      </source>
      <source id="mixamorig_LeftHandMiddle2-Interpolations">
        <Name_array id="mixamorig_LeftHandMiddle2-Interpolations-array" count="38">
 LINEAR LINEAR LINEAR LINEAR LINEAR LINEAR LINEAR LINEAR LINEAR LINEAR LINEAR
LINEAR LINEAR LINEAR LINEAR LINEAR LINEAR LINEAR LINEAR LINEAR LINEAR LINEAR LINEAR
LINEAR LINEAR LINEAR LINEAR LINEAR LINEAR LINEAR LINEAR LINEAR LINEAR LINEAR LINEAR
LINEAR LINEAR LINEAR</Name_array>
        <technique_common>
          <accessor source="#mixamorig_LeftHandMiddle2-Interpolations-array" count="38">
            <param type="name"/>
          </accessor>
        </technique_common>
      </source>
      <sampler id="mixamorig_LeftHandMiddle2-Matrix-animation-transform">
        <input semantic="INPUT" source="#mixamorig_LeftHandMiddle2-Matrix-animation-input"/>
        <input semantic="OUTPUT" source="#mixamorig_LeftHandMiddle2-Matrix-animation-output-transform"/>
        <input semantic="INTERPOLATION" source="#mixamorig_LeftHandMiddle2-Interpolations"/>
      </sampler>
      <channel source="#mixamorig_LeftHandMiddle2-Matrix-animation-transform" target="mixamorig_LeftHandMiddle2/matrix"/>
    </animation>
    <animation id="mixamorig_LeftHandMiddle3-anim" name="mixamorig_LeftHandMiddle3">
      <source id="mixamorig_LeftHandMiddle3-Matrix-animation-input">
        <float_array id="mixamorig_LeftHandMiddle3-Matrix-animation-input-array" count="38">

0.000000 0.033333 0.066667 0.100000 0.133333 0.166667 0.200000 0.233333 0.266667 0.300000 0.333333 0.366667 0.400000 0.433333 0.466667 0.500000
0.533333 0.566667 0.600000 0.633333 0.666667 0.700000 0.733333 0.766667 0.800000 0.833333 0.866667 0.900000 0.933333 0.966667 1.000000 1.033333
1.066667 1.100000 1.133333 1.166667 1.200000 1.233333</float_array>
        <technique_common>
          <accessor source="#mixamorig_LeftHandMiddle3-Matrix-animation-input-array" count="38">
            <param name="TIME" type="float"/>
          </accessor>
        </technique_common>
      </source>
      <source id="mixamorig_LeftHandMiddle3-Matrix-animation-output-transform">
        <float_array id="mixamorig_LeftHandMiddle3-Matrix-animation-output-transform-array" count="608">

0.991884 0.099466 -0.079199 0.000000 -0.099468 0.219052 -0.970630 2.950000 -0.079196 0.970630 0.227168 0.000000 0.000000 0.000000 0.000000 1.000000
0.991884 0.099466 -0.079199 0.000000 -0.099468 0.219052 -0.970630 2.950000 -0.079196 0.970630 0.227168 0.000000 0.000000 0.000000 0.000000 1.000000
0.991884 0.099466 -0.079199 0.000000 -0.099468 0.219052 -0.970630 2.950000 -0.079196 0.970630 0.227168 0.000000 0.000000 0.000000 0.000000 1.000000
0.991884 0.099466 -0.079199 0.000000 -0.099468 0.219052 -0.970630 2.950000 -0.079196 0.970630 0.227168 0.000000 0.000000 0.000000 0.000000 1.000000
0.991884 0.099466 -0.079199 0.000000 -0.099468 0.219052 -0.970630 2.950000 -0.079196 0.970630 0.227168 0.000000 0.000000 0.000000 0.000000 1.000000
0.991884 0.099466 -0.079199 0.000000 -0.099468 0.219052 -0.970630 2.950000 -0.079196 0.970630 0.227168 -0.000000 0.000000 0.000000 0.000000 1.000000
0.991884 0.099466 -0.079198 0.000000 -0.099468 0.219052 -0.970630 2.950000 -0.079196 0.970630 0.227168 0.000000 0.000000 0.000000 0.000000 1.000000
0.991884 0.099466 -0.079199 0.000000 -0.099468 0.219052 -0.970630 2.950000 -0.079196 0.970630 0.227168 -0.000000 0.000000 0.000000 0.000000 1.000000
0.991884 0.099466 -0.079199 -0.000000 -0.099468 0.219052 -0.970630 2.950000 -0.079196 0.970630 0.227168 0.000000 0.000000 0.000000 0.000000 1.000000
0.991881 0.099473 -0.079228 0.000000 -0.099475 0.218760 -0.970695 2.950000 -0.079226 0.970695 0.226879 -0.000000 0.000000 0.000000 0.000000 1.000000
0.991879 0.099478 -0.079253 -0.000000 -0.099481 0.218518 -0.970749 2.950000 -0.079250 0.970749 0.226640 0.000000 0.000000 0.000000 0.000000 1.000000
0.991902 0.099425 -0.079019 0.000000 -0.099428 0.220821 -0.970233 2.950000 -0.079016 0.970233 0.228918 0.000000 0.000000 0.000000 0.000000 1.000000
0.991965 0.099284 -0.078408 0.000000 -0.099286 0.226851 -0.968856 2.950000 -0.078405 0.968856 0.234886 -0.000000 0.000000 0.000000 0.000000 1.000000
0.992042 0.099105 -0.077656 0.000000 -0.099107 0.234266 -0.967108 2.950000 -0.077653 0.967108 0.242224 -0.000000 0.000000 0.000000 0.000000 1.000000
0.992106 0.098952 -0.077033 0.000000 -0.098954 0.240408 -0.965615 2.950000 -0.077030 0.965615 0.248302 0.000000 0.000000 0.000000 0.000000 1.000000
0.992154 0.098834 -0.076565 -0.000000 -0.098837 0.245021 -0.964467 2.950000 -0.076562 0.964467 0.252867 0.000000 0.000000 0.000000 0.000000 1.000000
0.992191 0.098743 -0.076207 0.000000 -0.098745 0.248550 -0.963573 2.950000 -0.076205 0.963573 0.256359 0.000000 0.000000 0.000000 0.000000 1.000000
0.992210 0.098695 -0.076022 0.000000 -0.098697 0.250382 -0.963103 2.950000 -0.076019 0.963103 0.258172 0.000000 0.000000 0.000000 0.000000 1.000000
0.992208 0.098698 -0.076033 -0.000000 -0.098700 0.250266 -0.963133 2.950000 -0.076031 0.963133 0.258058 0.000000 0.000000 0.000000 0.000000 1.000000
0.992202 0.098713 -0.076093 0.000000 -0.098715 0.249674 -0.963285 2.950000 -0.076090 0.963285 0.257472 0.000000 0.000000 0.000000 0.000000 1.000000
0.992203 0.098712 -0.076089 0.000000 -0.098714 0.249723 -0.963272 2.950000 -0.076085 0.963273 0.257521 -0.000000 0.000000 0.000000 0.000000 1.000000
0.992193 0.098738 -0.076186 0.000000 -0.098739 0.248755 -0.963520 2.950000 -0.076184 0.963521 0.256562 0.000000 0.000000 0.000000 0.000000 1.000000
0.992143 0.098861 -0.076671 0.000000 -0.098863 0.243977 -0.964729 2.950000 -0.076668 0.964729 0.251833 0.000000 0.000000 0.000000 0.000000 1.000000
0.992051 0.099085 -0.077572 0.000000 -0.099087 0.235097 -0.966908 2.950000 -0.077569 0.966908 0.243046 0.000000 0.000000 0.000000 0.000000 1.000000
0.991952 0.099314 -0.078536 0.000000 -0.099316 0.225589 -0.969147 2.950000 -0.078533 0.969147 0.233637 0.000000 0.000000 0.000000 0.000000 1.000000
0.991893 0.099447 -0.079112 -0.000000 -0.099449 0.219905 -0.970439 2.950000 -0.079110 0.970439 0.228012 0.000000 0.000000 0.000000 0.000000 1.000000
0.991879 0.099477 -0.079248 0.000000 -0.099479 0.218564 -0.970739 2.950000 -0.079245 0.970739 0.226685 -0.000000 0.000000 0.000000 0.000000 1.000000
0.991878 0.099479 -0.079256 -0.000000 -0.099481 0.218488 -0.970756 2.950000 -0.079253 0.970756 0.226610 0.000000 0.000000 0.000000 0.000000 1.000000
0.991878 0.099479 -0.079255 0.000000 -0.099481 0.218499 -0.970753 2.950000 -0.079252 0.970753 0.226621 0.000000 0.000000 0.000000 0.000000 1.000000
0.991879 0.099478 -0.079251 0.000000 -0.099480 0.218534 -0.970745 2.950000 -0.079249 0.970746 0.226655 0.000000 0.000000 0.000000 0.000000 1.000000
0.991879 0.099478 -0.079250 0.000000 -0.099480 0.218545 -0.970743 2.950000 -0.079248 0.970743 0.226666 0.000000 0.000000 0.000000 0.000000 1.000000
0.991879 0.099478 -0.079250 0.000000 -0.099480 0.218545 -0.970743 2.950000 -0.079247 0.970743 0.226666 0.000000 0.000000 0.000000 0.000000 1.000000
0.991879 0.099478 -0.079250 0.000000 -0.099480 0.218545 -0.970743 2.950000 -0.079247 0.970743 0.226666 0.000000 0.000000 0.000000 0.000000 1.000000
0.991879 0.099478 -0.079250 0.000000 -0.099480 0.218544 -0.970743 2.950000 -0.079247 0.970743 0.226666 0.000000 0.000000 0.000000 0.000000 1.000000
0.991879 0.099477 -0.079250 -0.000000 -0.099480 0.218544 -0.970743 2.950000 -0.079247 0.970743 0.226665 -0.000000 0.000000 0.000000 0.000000 1.000000
0.991879 0.099477 -0.079250 0.000000 -0.099480 0.218545 -0.970743 2.950000 -0.079247 0.970743 0.226666 -0.000000 0.000000 0.000000 0.000000 1.000000
0.991879 0.099478 -0.079250 -0.000000 -0.099480 0.218545 -0.970743 2.950000 -0.079248 0.970743 0.226666 0.000000 0.000000 0.000000 0.000000 1.000000
0.991879 0.099478 -0.079250 0.000000 -0.099480 0.218545 -0.970743 2.950000 -0.079247 0.970743 0.226666 0.000000 0.000000 0.000000 0.000000 1.000000</float_array>
        <technique_common>
          <accessor source="#mixamorig_LeftHandMiddle3-Matrix-animation-output-transform-array" count="38" stride="16">
            <param type="float4x4"/>
          </accessor>
        </technique_common>
      </source>
      <source id="mixamorig_LeftHandMiddle3-Interpolations">
        <Name_array id="mixamorig_LeftHandMiddle3-Interpolations-array" count="38">
 LINEAR LINEAR LINEAR LINEAR LINEAR LINEAR LINEAR LINEAR LINEAR LINEAR LINEAR
LINEAR LINEAR LINEAR LINEAR LINEAR LINEAR LINEAR LINEAR LINEAR LINEAR LINEAR LINEAR
LINEAR LINEAR LINEAR LINEAR LINEAR LINEAR LINEAR LINEAR LINEAR LINEAR LINEAR LINEAR
LINEAR LINEAR LINEAR</Name_array>
        <technique_common>
          <accessor source="#mixamorig_LeftHandMiddle3-Interpolations-array" count="38">
            <param type="name"/>
          </accessor>
        </technique_common>
      </source>
      <sampler id="mixamorig_LeftHandMiddle3-Matrix-animation-transform">
        <input semantic="INPUT" source="#mixamorig_LeftHandMiddle3-Matrix-animation-input"/>
        <input semantic="OUTPUT" source="#mixamorig_LeftHandMiddle3-Matrix-animation-output-transform"/>
        <input semantic="INTERPOLATION" source="#mixamorig_LeftHandMiddle3-Interpolations"/>
      </sampler>
      <channel source="#mixamorig_LeftHandMiddle3-Matrix-animation-transform" target="mixamorig_LeftHandMiddle3/matrix"/>
    </animation>
    <animation id="mixamorig_LeftHandRing1-anim" name="mixamorig_LeftHandRing1">
      <source id="mixamorig_LeftHandRing1-Matrix-animation-input">
        <float_array id="mixamorig_LeftHandRing1-Matrix-animation-input-array" count="38">

0.000000 0.033333 0.066667 0.100000 0.133333 0.166667 0.200000 0.233333 0.266667 0.300000 0.333333 0.366667 0.400000 0.433333 0.466667 0.500000
0.533333 0.566667 0.600000 0.633333 0.666667 0.700000 0.733333 0.766667 0.800000 0.833333 0.866667 0.900000 0.933333 0.966667 1.000000 1.033333
1.066667 1.100000 1.133333 1.166667 1.200000 1.233333</float_array>
        <technique_common>
          <accessor source="#mixamorig_LeftHandRing1-Matrix-animation-input-array" count="38">
            <param name="TIME" type="float"/>
          </accessor>
        </technique_common>
      </source>
      <source id="mixamorig_LeftHandRing1-Matrix-animation-output-transform">
        <float_array id="mixamorig_LeftHandRing1-Matrix-animation-output-transform-array" count="608">

0.984812 0.083762 -0.152083 1.865100 -0.143577 -0.099642 -0.984610 9.104500 -0.097627 0.991492 -0.086102 0.043000 0.000000 0.000000 0.000000 1.000000
0.984828 0.083836 -0.151940 1.865100 -0.143571 -0.098187 -0.984757 9.104500 -0.097477 0.991630 -0.084661 0.043000 0.000000 0.000000 0.000000 1.000000
0.984819 0.083795 -0.152020 1.865100 -0.143574 -0.099000 -0.984675 9.104500 -0.097561 0.991553 -0.085467 0.043000 0.000000 0.000000 0.000000 1.000000
0.984792 0.083667 -0.152266 1.865100 -0.143586 -0.101490 -0.984420 9.104500 -0.097817 0.991312 -0.087934 0.043000 0.000000 0.000000 0.000000 1.000000
0.984855 0.083963 -0.151695 1.865100 -0.143559 -0.095706 -0.985003 9.104500 -0.097222 0.991862 -0.082203 0.043000 0.000000 0.000000 0.000000 1.000000
0.984981 0.084547 -0.150543 1.865100 -0.143495 -0.084063 -0.986074 9.104500 -0.096025 0.992867 -0.070668 0.043000 0.000000 0.000000 0.000000 1.000000
0.985127 0.085196 -0.149222 1.865100 -0.143405 -0.070777 -0.987130 9.104500 -0.094661 0.993847 -0.057507 0.043000 0.000000 0.000000 0.000000 1.000000
0.985278 0.085850 -0.147845 1.865100 -0.143292 -0.057006 -0.988037 9.104500 -0.093251 0.994676 -0.043865 0.043000 0.000000 0.000000 0.000000 1.000000
0.985400 0.086365 -0.146722 1.865100 -0.143187 -0.045835 -0.988634 9.104500 -0.092109 0.995209 -0.032800 0.043000 0.000000 0.000000 0.000000 1.000000
0.985505 0.086796 -0.145759 1.865100 -0.143086 -0.036293 -0.989045 9.104500 -0.091135 0.995565 -0.023348 0.043000 0.000000 0.000000 0.000000 1.000000
0.985621 0.087255 -0.144701 1.865100 -0.142966 -0.025856 -0.989390 9.104500 -0.090071 0.995850 -0.013010 0.043000 0.000000 0.000000 0.000000 1.000000
0.985708 0.087596 -0.143899 1.865100 -0.142867 -0.017974 -0.989579 9.104500 -0.089269 0.995994 -0.005203 0.043000 0.000000 0.000000 0.000000 1.000000
0.985728 0.087671 -0.143719 1.865100 -0.142844 -0.016198 -0.989613 9.104500 -0.089088 0.996018 -0.003444 0.043000 0.000000 0.000000 0.000000 1.000000
0.985713 0.087617 -0.143849 1.865100 -0.142861 -0.017481 -0.989588 9.104500 -0.089219 0.996001 -0.004714 0.043000 0.000000 0.000000 0.000000 1.000000
0.985710 0.087604 -0.143880 1.865100 -0.142865 -0.017782 -0.989583 9.104500 -0.089249 0.995997 -0.005012 0.043000 0.000000 0.000000 0.000000 1.000000
0.985696 0.087663 -0.143943 1.865100 -0.142871 -0.018415 -0.989570 9.104500 -0.089399 0.995980 -0.005627 0.043000 0.000000 0.000000 0.000000 1.000000
0.985630 0.087803 -0.144307 1.865100 -0.142910 -0.022030 -0.989490 9.104500 -0.090059 0.995894 -0.009165 0.043000 0.000000 0.000000 0.000000 1.000000
0.985560 0.088136 -0.144581 1.865100 -0.142932 -0.024775 -0.989422 9.104500 -0.090785 0.995800 -0.011820 0.043000 0.000000 0.000000 0.000000 1.000000
0.985567 0.088952 -0.144034 1.865100 -0.142858 -0.019476 -0.989552 9.104500 -0.090828 0.995846 -0.006487 0.043000 0.000000 0.000000 0.000000 1.000000
0.985632 0.090328 -0.142722 1.865100 -0.142700 -0.006737 -0.989743 9.104500 -0.090363 0.995889 0.006249 0.043000 0.000000 0.000000 0.000000 1.000000
0.985686 0.091846 -0.141374 1.865100 -0.142544 0.006266 -0.989769 9.104500 -0.090021 0.995753 0.019268 0.043000 0.000000 0.000000 0.000000 1.000000
0.985698 0.093219 -0.140387 1.865100 -0.142440 0.015706 -0.989679 9.104500 -0.090052 0.995522 0.028759 0.043000 0.000000 0.000000 0.000000 1.000000
0.985689 0.094140 -0.139836 1.865100 -0.142390 0.020946 -0.989589 9.104500 -0.090231 0.995339 0.034050 0.043000 0.000000 0.000000 0.000000 1.000000
0.985678 0.093860 -0.140106 1.865100 -0.142417 0.018355 -0.989637 9.104500 -0.090316 0.995416 0.031460 0.043000 0.000000 0.000000 0.000000 1.000000
0.985601 0.092124 -0.141788 1.865100 -0.142593 0.002184 -0.989779 9.104500 -0.090872 0.995745 0.015289 0.043000 0.000000 0.000000 0.000000 1.000000
0.985368 0.089764 -0.144888 1.865100 -0.142918 -0.028043 -0.989337 9.104500 -0.092870 0.995568 -0.014803 0.043000 0.000000 0.000000 0.000000 1.000000
0.985084 0.087852 -0.147961 1.865100 -0.143183 -0.058436 -0.987970 9.104500 -0.095441 0.994418 -0.044985 0.043000 0.000000 0.000000 0.000000 1.000000
0.984924 0.086761 -0.149658 1.865100 -0.143303 -0.075385 -0.986804 9.104500 -0.096898 0.993373 -0.061815 0.043000 0.000000 0.000000 0.000000 1.000000
0.984841 0.086019 -0.150627 1.865100 -0.143371 -0.085101 -0.986003 9.104500 -0.097633 0.992652 -0.071478 0.043000 0.000000 0.000000 0.000000 1.000000
0.984789 0.085444 -0.151297 1.865100 -0.143421 -0.091838 -0.985391 9.104500 -0.098091 0.992101 -0.078186 0.043000 0.000000 0.000000 0.000000 1.000000
0.984768 0.085056 -0.151649 1.865100 -0.143454 -0.095378 -0.985050 9.104500 -0.098249 0.991801 -0.081723 0.043000 0.000000 0.000000 0.000000 1.000000
0.984767 0.084790 -0.151802 1.865100 -0.143479 -0.096904 -0.984898 9.104500 -0.098220 0.991675 -0.083263 0.043000 0.000000 0.000000 0.000000 1.000000
0.984777 0.084605 -0.151844 1.865100 -0.143496 -0.097311 -0.984855 9.104500 -0.098100 0.991651 -0.083689 0.043000 0.000000 0.000000 0.000000 1.000000
0.984775 0.084596 -0.151862 1.865100 -0.143497 -0.097493 -0.984837 9.104500 -0.098119 0.991634 -0.083870 0.043000 0.000000 0.000000 0.000000 1.000000
0.984764 0.084544 -0.151962 1.865100 -0.143501 -0.098504 -0.984736 9.104500 -0.098223 0.991539 -0.084871 0.043000 0.000000 0.000000 0.000000 1.000000
0.984753 0.084492 -0.152063 1.865100 -0.143505 -0.099524 -0.984633 9.104500 -0.098327 0.991441 -0.085882 0.043000 0.000000 0.000000 0.000000 1.000000
0.984752 0.084488 -0.152071 1.865100 -0.143505 -0.099608 -0.984624 9.104500 -0.098336 0.991433 -0.085965 0.043000 0.000000 0.000000 0.000000 1.000000
0.984752 0.084488 -0.152071 1.865100 -0.143505 -0.099608 -0.984624 9.104500 -0.098336 0.991433 -0.085965 0.043000 0.000000 0.000000 0.000000 1.000000</float_array>
        <technique_common>
          <accessor source="#mixamorig_LeftHandRing1-Matrix-animation-output-transform-array" count="38" stride="16">
            <param type="float4x4"/>
          </accessor>
        </technique_common>
      </source>
      <source id="mixamorig_LeftHandRing1-Interpolations">
        <Name_array id="mixamorig_LeftHandRing1-Interpolations-array" count="38">
 LINEAR LINEAR LINEAR LINEAR LINEAR LINEAR LINEAR LINEAR LINEAR LINEAR LINEAR
LINEAR LINEAR LINEAR LINEAR LINEAR LINEAR LINEAR LINEAR LINEAR LINEAR LINEAR LINEAR
LINEAR LINEAR LINEAR LINEAR LINEAR LINEAR LINEAR LINEAR LINEAR LINEAR LINEAR LINEAR
LINEAR LINEAR LINEAR</Name_array>
        <technique_common>
          <accessor source="#mixamorig_LeftHandRing1-Interpolations-array" count="38">
            <param type="name"/>
          </accessor>
        </technique_common>
      </source>
      <sampler id="mixamorig_LeftHandRing1-Matrix-animation-transform">
        <input semantic="INPUT" source="#mixamorig_LeftHandRing1-Matrix-animation-input"/>
        <input semantic="OUTPUT" source="#mixamorig_LeftHandRing1-Matrix-animation-output-transform"/>
        <input semantic="INTERPOLATION" source="#mixamorig_LeftHandRing1-Interpolations"/>
      </sampler>
      <channel source="#mixamorig_LeftHandRing1-Matrix-animation-transform" target="mixamorig_LeftHandRing1/matrix"/>
    </animation>
    <animation id="mixamorig_LeftHandRing2-anim" name="mixamorig_LeftHandRing2">
      <source id="mixamorig_LeftHandRing2-Matrix-animation-input">
        <float_array id="mixamorig_LeftHandRing2-Matrix-animation-input-array" count="38">

0.000000 0.033333 0.066667 0.100000 0.133333 0.166667 0.200000 0.233333 0.266667 0.300000 0.333333 0.366667 0.400000 0.433333 0.466667 0.500000
0.533333 0.566667 0.600000 0.633333 0.666667 0.700000 0.733333 0.766667 0.800000 0.833333 0.866667 0.900000 0.933333 0.966667 1.000000 1.033333
1.066667 1.100000 1.133333 1.166667 1.200000 1.233333</float_array>
        <technique_common>
          <accessor source="#mixamorig_LeftHandRing2-Matrix-animation-input-array" count="38">
            <param name="TIME" type="float"/>
          </accessor>
        </technique_common>
      </source>
      <source id="mixamorig_LeftHandRing2-Matrix-animation-output-transform">
        <float_array id="mixamorig_LeftHandRing2-Matrix-animation-output-transform-array" count="608">

0.985419 0.093294 -0.142286 0.000000 -0.093299 -0.403037 -0.910416 3.150000 -0.142283 0.910416 -0.388456 0.000000 0.000000 0.000000 0.000000 1.000000
0.985439 0.093379 -0.142093 0.000000 -0.093383 -0.401139 -0.911245 3.150000 -0.142091 0.911245 -0.386578 0.000000 0.000000 0.000000 0.000000 1.000000
0.985440 0.093383 -0.142086 0.000000 -0.093387 -0.401063 -0.911278 3.150000 -0.142083 0.911278 -0.386502 0.000000 0.000000 0.000000 0.000000 1.000000
0.985446 0.093412 -0.142019 0.000000 -0.093416 -0.400404 -0.911565 3.150000 -0.142016 0.911565 -0.385850 0.000000 0.000000 0.000000 0.000000 1.000000
0.985478 0.093549 -0.141707 0.000000 -0.093553 -0.397327 -0.912896 3.150000 -0.141704 0.912896 -0.382805 0.000000 0.000000 0.000000 0.000000 1.000000
0.985521 0.093728 -0.141292 0.000000 -0.093732 -0.393240 -0.914646 3.150000 -0.141290 0.914646 -0.378761 0.000000 0.000000 0.000000 0.000000 1.000000
0.985591 0.094021 -0.140604 0.000000 -0.094025 -0.386454 -0.917504 3.150000 -0.140601 0.917504 -0.372045 -0.000000 0.000000 0.000000 0.000000 1.000000
0.985698 0.094453 -0.139562 -0.000000 -0.094457 -0.376178 -0.921720 3.150000 -0.139559 0.921721 -0.361876 0.000000 0.000000 0.000000 0.000000 1.000000
0.985804 0.094867 -0.138533 0.000000 -0.094871 -0.366023 -0.925757 3.150000 -0.138530 0.925758 -0.351827 0.000000 0.000000 0.000000 0.000000 1.000000
0.985893 0.095205 -0.137665 0.000000 -0.095209 -0.357472 -0.929058 3.150000 -0.137663 0.929058 -0.343365 0.000000 0.000000 0.000000 0.000000 1.000000
0.985986 0.095552 -0.136750 0.000000 -0.095556 -0.348452 -0.932443 3.150000 -0.136748 0.932444 -0.334438 0.000000 0.000000 0.000000 0.000000 1.000000
0.986064 0.095832 -0.135992 -0.000000 -0.095836 -0.340974 -0.935175 3.150000 -0.135989 0.935175 -0.327038 0.000000 0.000000 0.000000 0.000000 1.000000
0.986089 0.095921 -0.135746 -0.000000 -0.095925 -0.338549 -0.936046 3.150000 -0.135743 0.936047 -0.324639 0.000000 0.000000 0.000000 0.000000 1.000000
0.986088 0.095917 -0.135757 0.000000 -0.095921 -0.338659 -0.936007 3.150000 -0.135754 0.936008 -0.324747 0.000000 0.000000 0.000000 0.000000 1.000000
0.986091 0.095926 -0.135732 0.000000 -0.095930 -0.338409 -0.936097 3.150000 -0.135729 0.936097 -0.324500 0.000000 0.000000 0.000000 0.000000 1.000000
0.986085 0.095908 -0.135783 -0.000000 -0.095912 -0.338917 -0.935915 3.150000 -0.135781 0.935915 -0.325003 0.000000 0.000000 0.000000 0.000000 1.000000
0.986063 0.095827 -0.136005 -0.000000 -0.095831 -0.341103 -0.935129 3.150000 -0.136002 0.935129 -0.327165 0.000000 0.000000 0.000000 0.000000 1.000000
0.986038 0.095740 -0.136244 -0.000000 -0.095744 -0.343453 -0.934277 3.150000 -0.136241 0.934277 -0.329491 -0.000000 0.000000 0.000000 0.000000 1.000000
0.986027 0.095700 -0.136352 0.000000 -0.095703 -0.344528 -0.933885 3.150000 -0.136350 0.933885 -0.330555 0.000000 0.000000 0.000000 0.000000 1.000000
0.986030 0.095711 -0.136321 0.000000 -0.095715 -0.344216 -0.933999 3.150000 -0.136318 0.933999 -0.330246 0.000000 0.000000 0.000000 0.000000 1.000000
0.986034 0.095725 -0.136285 0.000000 -0.095729 -0.343860 -0.934128 3.150000 -0.136282 0.934129 -0.329895 -0.000000 0.000000 0.000000 0.000000 1.000000
0.986020 0.095675 -0.136419 0.000000 -0.095679 -0.345184 -0.933645 3.150000 -0.136416 0.933646 -0.331204 0.000000 0.000000 0.000000 0.000000 1.000000
0.985978 0.095522 -0.136830 0.000000 -0.095526 -0.349231 -0.932155 3.150000 -0.136827 0.932155 -0.335209 0.000000 0.000000 0.000000 0.000000 1.000000
0.985902 0.095242 -0.137569 0.000000 -0.095246 -0.356523 -0.929419 3.150000 -0.137566 0.929419 -0.342425 0.000000 0.000000 0.000000 0.000000 1.000000
0.985800 0.094853 -0.138568 0.000000 -0.094857 -0.366369 -0.925622 3.150000 -0.138565 0.925622 -0.352169 0.000000 0.000000 0.000000 0.000000 1.000000
0.985692 0.094428 -0.139623 0.000000 -0.094432 -0.376776 -0.921478 3.150000 -0.139620 0.921479 -0.362468 0.000000 0.000000 0.000000 0.000000 1.000000
0.985605 0.094077 -0.140470 0.000000 -0.094081 -0.385131 -0.918054 3.150000 -0.140467 0.918054 -0.370736 0.000000 0.000000 0.000000 0.000000 1.000000
0.985554 0.093866 -0.140971 0.000000 -0.093870 -0.390070 -0.915988 3.150000 -0.140968 0.915988 -0.375624 0.000000 0.000000 0.000000 0.000000 1.000000
0.985519 0.093719 -0.141313 0.000000 -0.093723 -0.393444 -0.914559 3.150000 -0.141311 0.914559 -0.378963 -0.000000 0.000000 0.000000 0.000000 1.000000
0.985491 0.093602 -0.141584 0.000000 -0.093606 -0.396118 -0.913416 3.150000 -0.141582 0.913416 -0.381609 0.000000 0.000000 0.000000 0.000000 1.000000
0.985471 0.093517 -0.141779 0.000000 -0.093521 -0.398038 -0.912589 3.150000 -0.141776 0.912590 -0.383509 0.000000 0.000000 0.000000 0.000000 1.000000
0.985456 0.093455 -0.141922 0.000000 -0.093459 -0.399447 -0.911980 3.150000 -0.141919 0.911980 -0.384904 0.000000 0.000000 0.000000 0.000000 1.000000
0.985445 0.093408 -0.142030 -0.000000 -0.093412 -0.400508 -0.911519 3.150000 -0.142027 0.911520 -0.385954 0.000000 0.000000 0.000000 0.000000 1.000000
0.985436 0.093367 -0.142121 0.000000 -0.093371 -0.401409 -0.911127 3.150000 -0.142118 0.911128 -0.386845 0.000000 0.000000 0.000000 0.000000 1.000000
0.985426 0.093325 -0.142217 0.000000 -0.093329 -0.402357 -0.910713 3.150000 -0.142214 0.910714 -0.387783 -0.000000 0.000000 0.000000 0.000000 1.000000
0.985420 0.093299 -0.142275 0.000000 -0.093303 -0.402930 -0.910462 3.150000 -0.142273 0.910463 -0.388351 0.000000 0.000000 0.000000 0.000000 1.000000
0.985420 0.093299 -0.142275 0.000000 -0.093303 -0.402931 -0.910462 3.150000 -0.142273 0.910463 -0.388351 0.000000 0.000000 0.000000 0.000000 1.000000
0.985420 0.093299 -0.142275 0.000000 -0.093303 -0.402930 -0.910462 3.150000 -0.142272 0.910463 -0.388350 0.000000 0.000000 0.000000 0.000000 1.000000</float_array>
        <technique_common>
          <accessor source="#mixamorig_LeftHandRing2-Matrix-animation-output-transform-array" count="38" stride="16">
            <param type="float4x4"/>
          </accessor>
        </technique_common>
      </source>
      <source id="mixamorig_LeftHandRing2-Interpolations">
        <Name_array id="mixamorig_LeftHandRing2-Interpolations-array" count="38">
 LINEAR LINEAR LINEAR LINEAR LINEAR LINEAR LINEAR LINEAR LINEAR LINEAR LINEAR
LINEAR LINEAR LINEAR LINEAR LINEAR LINEAR LINEAR LINEAR LINEAR LINEAR LINEAR LINEAR
LINEAR LINEAR LINEAR LINEAR LINEAR LINEAR LINEAR LINEAR LINEAR LINEAR LINEAR LINEAR
LINEAR LINEAR LINEAR</Name_array>
        <technique_common>
          <accessor source="#mixamorig_LeftHandRing2-Interpolations-array" count="38">
            <param type="name"/>
          </accessor>
        </technique_common>
      </source>
      <sampler id="mixamorig_LeftHandRing2-Matrix-animation-transform">
        <input semantic="INPUT" source="#mixamorig_LeftHandRing2-Matrix-animation-input"/>
        <input semantic="OUTPUT" source="#mixamorig_LeftHandRing2-Matrix-animation-output-transform"/>
        <input semantic="INTERPOLATION" source="#mixamorig_LeftHandRing2-Interpolations"/>
      </sampler>
      <channel source="#mixamorig_LeftHandRing2-Matrix-animation-transform" target="mixamorig_LeftHandRing2/matrix"/>
    </animation>
    <animation id="mixamorig_LeftHandRing3-anim" name="mixamorig_LeftHandRing3">
      <source id="mixamorig_LeftHandRing3-Matrix-animation-input">
        <float_array id="mixamorig_LeftHandRing3-Matrix-animation-input-array" count="38">

0.000000 0.033333 0.066667 0.100000 0.133333 0.166667 0.200000 0.233333 0.266667 0.300000 0.333333 0.366667 0.400000 0.433333 0.466667 0.500000
0.533333 0.566667 0.600000 0.633333 0.666667 0.700000 0.733333 0.766667 0.800000 0.833333 0.866667 0.900000 0.933333 0.966667 1.000000 1.033333
1.066667 1.100000 1.133333 1.166667 1.200000 1.233333</float_array>
        <technique_common>
          <accessor source="#mixamorig_LeftHandRing3-Matrix-animation-input-array" count="38">
            <param name="TIME" type="float"/>
          </accessor>
        </technique_common>
      </source>
      <source id="mixamorig_LeftHandRing3-Matrix-animation-output-transform">
        <float_array id="mixamorig_LeftHandRing3-Matrix-animation-output-transform-array" count="608">

0.994531 0.089778 -0.053373 0.000000 -0.089780 0.473709 -0.876093 2.950000 -0.053371 0.876093 0.479179 0.000000 0.000000 0.000000 0.000000 1.000000
0.994531 0.089778 -0.053374 0.000000 -0.089780 0.473709 -0.876093 2.950000 -0.053371 0.876093 0.479179 0.000000 0.000000 0.000000 0.000000 1.000000
0.994531 0.089779 -0.053374 0.000000 -0.089780 0.473709 -0.876093 2.950000 -0.053371 0.876093 0.479179 0.000000 0.000000 0.000000 0.000000 1.000000
0.994531 0.089778 -0.053374 -0.000000 -0.089780 0.473709 -0.876093 2.950000 -0.053371 0.876093 0.479179 0.000000 0.000000 0.000000 0.000000 1.000000
0.994530 0.089782 -0.053381 0.000000 -0.089784 0.473638 -0.876131 2.950000 -0.053378 0.876132 0.479108 -0.000000 0.000000 0.000000 0.000000 1.000000
0.994525 0.089806 -0.053424 0.000000 -0.089807 0.473209 -0.876360 2.950000 -0.053421 0.876361 0.478684 0.000000 0.000000 0.000000 0.000000 1.000000
0.994547 0.089694 -0.053218 -0.000000 -0.089696 0.475239 -0.875273 2.950000 -0.053216 0.875273 0.480692 0.000000 0.000000 0.000000 0.000000 1.000000
0.994623 0.089285 -0.052472 0.000000 -0.089287 0.482601 -0.871277 2.950000 -0.052469 0.871278 0.487978 0.000000 0.000000 0.000000 0.000000 1.000000
0.994727 0.088718 -0.051461 0.000000 -0.088719 0.492565 -0.865742 2.950000 -0.051459 0.865742 0.497838 -0.000000 0.000000 0.000000 0.000000 1.000000
0.994822 0.088182 -0.050532 0.000000 -0.088184 0.501730 -0.860518 2.950000 -0.050529 0.860518 0.506908 -0.000000 0.000000 0.000000 0.000000 1.000000
0.994916 0.087638 -0.049610 0.000000 -0.087640 0.510821 -0.855208 2.950000 -0.049607 0.855208 0.515905 0.000000 0.000000 0.000000 0.000000 1.000000
0.994995 0.087175 -0.048841 0.000000 -0.087176 0.518403 -0.850682 2.950000 -0.048839 0.850682 0.523408 0.000000 0.000000 0.000000 0.000000 1.000000
0.995027 0.086982 -0.048526 0.000000 -0.086983 0.521506 -0.848802 2.950000 -0.048524 0.848802 0.526479 0.000000 0.000000 0.000000 0.000000 1.000000
0.995035 0.086936 -0.048451 0.000000 -0.086937 0.522245 -0.848352 2.950000 -0.048449 0.848353 0.527210 -0.000000 0.000000 0.000000 0.000000 1.000000
0.995047 0.086864 -0.048335 0.000000 -0.086866 0.523390 -0.847654 2.950000 -0.048333 0.847654 0.528343 0.000000 0.000000 0.000000 0.000000 1.000000
0.995051 0.086837 -0.048292 0.000000 -0.086839 0.523820 -0.847391 2.950000 -0.048289 0.847391 0.528769 0.000000 0.000000 0.000000 0.000000 1.000000
0.995040 0.086906 -0.048402 -0.000000 -0.086907 0.522727 -0.848058 2.950000 -0.048400 0.848059 0.527687 0.000000 0.000000 0.000000 0.000000 1.000000
0.995027 0.086984 -0.048530 0.000000 -0.086986 0.521468 -0.848825 2.950000 -0.048527 0.848825 0.526441 0.000000 0.000000 0.000000 0.000000 1.000000
0.995026 0.086991 -0.048542 0.000000 -0.086993 0.521353 -0.848896 2.950000 -0.048539 0.848896 0.526327 0.000000 0.000000 0.000000 0.000000 1.000000
0.995037 0.086921 -0.048428 0.000000 -0.086923 0.522473 -0.848213 2.950000 -0.048426 0.848214 0.527436 0.000000 0.000000 0.000000 0.000000 1.000000
0.995049 0.086851 -0.048313 0.000000 -0.086852 0.523604 -0.847523 2.950000 -0.048311 0.847523 0.528555 0.000000 0.000000 0.000000 0.000000 1.000000
0.995045 0.086878 -0.048357 0.000000 -0.086879 0.523174 -0.847786 2.950000 -0.048355 0.847786 0.528130 0.000000 0.000000 0.000000 0.000000 1.000000
0.995014 0.087062 -0.048656 0.000000 -0.087063 0.520223 -0.849581 2.950000 -0.048654 0.849581 0.525209 0.000000 0.000000 0.000000 0.000000 1.000000
0.994952 0.087431 -0.049264 0.000000 -0.087432 0.514234 -0.853182 2.950000 -0.049261 0.853182 0.519282 0.000000 0.000000 0.000000 0.000000 1.000000
0.994864 0.087942 -0.050121 -0.000000 -0.087943 0.505777 -0.858170 2.950000 -0.050119 0.858170 0.510913 0.000000 0.000000 0.000000 0.000000 1.000000
0.994769 0.088481 -0.051047 0.000000 -0.088482 0.496653 -0.863427 2.950000 -0.051044 0.863428 0.501884 0.000000 0.000000 0.000000 0.000000 1.000000
0.994692 0.088907 -0.051795 0.000000 -0.088909 0.489271 -0.867588 2.950000 -0.051793 0.867588 0.494578 0.000000 0.000000 0.000000 0.000000 1.000000
0.994647 0.089155 -0.052238 0.000000 -0.089157 0.484906 -0.870010 2.950000 -0.052235 0.870010 0.490259 0.000000 0.000000 0.000000 0.000000 1.000000
0.994616 0.089323 -0.052540 0.000000 -0.089324 0.481930 -0.871645 2.950000 -0.052537 0.871645 0.487314 0.000000 0.000000 0.000000 0.000000 1.000000
0.994592 0.089454 -0.052778 0.000000 -0.089456 0.479578 -0.872928 2.950000 -0.052776 0.872928 0.484986 0.000000 0.000000 0.000000 0.000000 1.000000
0.994574 0.089547 -0.052948 -0.000000 -0.089549 0.477900 -0.873838 2.950000 -0.052946 0.873838 0.483326 -0.000000 0.000000 0.000000 0.000000 1.000000
0.994561 0.089615 -0.053072 0.000000 -0.089616 0.476680 -0.874497 2.950000 -0.053069 0.874497 0.482119 -0.000000 0.000000 0.000000 0.000000 1.000000
0.994552 0.089665 -0.053164 -0.000000 -0.089666 0.475772 -0.874986 2.950000 -0.053162 0.874986 0.481220 -0.000000 0.000000 0.000000 0.000000 1.000000
0.994544 0.089707 -0.053242 0.000000 -0.089709 0.475003 -0.875400 2.950000 -0.053240 0.875400 0.480459 0.000000 0.000000 0.000000 0.000000 1.000000
0.994536 0.089752 -0.053325 0.000000 -0.089754 0.474184 -0.875839 2.950000 -0.053323 0.875839 0.479649 0.000000 0.000000 0.000000 0.000000 1.000000
0.994530 0.089779 -0.053375 0.000000 -0.089781 0.473690 -0.876103 2.950000 -0.053373 0.876104 0.479160 0.000000 0.000000 0.000000 0.000000 1.000000
0.994530 0.089779 -0.053375 0.000000 -0.089781 0.473690 -0.876104 2.950000 -0.053373 0.876104 0.479159 0.000000 0.000000 0.000000 0.000000 1.000000
0.994530 0.089779 -0.053376 0.000000 -0.089781 0.473690 -0.876103 2.950000 -0.053372 0.876104 0.479159 0.000000 0.000000 0.000000 0.000000 1.000000</float_array>
        <technique_common>
          <accessor source="#mixamorig_LeftHandRing3-Matrix-animation-output-transform-array" count="38" stride="16">
            <param type="float4x4"/>
          </accessor>
        </technique_common>
      </source>
      <source id="mixamorig_LeftHandRing3-Interpolations">
        <Name_array id="mixamorig_LeftHandRing3-Interpolations-array" count="38">
 LINEAR LINEAR LINEAR LINEAR LINEAR LINEAR LINEAR LINEAR LINEAR LINEAR LINEAR
LINEAR LINEAR LINEAR LINEAR LINEAR LINEAR LINEAR LINEAR LINEAR LINEAR LINEAR LINEAR
LINEAR LINEAR LINEAR LINEAR LINEAR LINEAR LINEAR LINEAR LINEAR LINEAR LINEAR LINEAR
LINEAR LINEAR LINEAR</Name_array>
        <technique_common>
          <accessor source="#mixamorig_LeftHandRing3-Interpolations-array" count="38">
            <param type="name"/>
          </accessor>
        </technique_common>
      </source>
      <sampler id="mixamorig_LeftHandRing3-Matrix-animation-transform">
        <input semantic="INPUT" source="#mixamorig_LeftHandRing3-Matrix-animation-input"/>
        <input semantic="OUTPUT" source="#mixamorig_LeftHandRing3-Matrix-animation-output-transform"/>
        <input semantic="INTERPOLATION" source="#mixamorig_LeftHandRing3-Interpolations"/>
      </sampler>
      <channel source="#mixamorig_LeftHandRing3-Matrix-animation-transform" target="mixamorig_LeftHandRing3/matrix"/>
    </animation>
    <animation id="mixamorig_LeftHandPinky1-anim" name="mixamorig_LeftHandPinky1">
      <source id="mixamorig_LeftHandPinky1-Matrix-animation-input">
        <float_array id="mixamorig_LeftHandPinky1-Matrix-animation-input-array" count="38">

0.000000 0.033333 0.066667 0.100000 0.133333 0.166667 0.200000 0.233333 0.266667 0.300000 0.333333 0.366667 0.400000 0.433333 0.466667 0.500000
0.533333 0.566667 0.600000 0.633333 0.666667 0.700000 0.733333 0.766667 0.800000 0.833333 0.866667 0.900000 0.933333 0.966667 1.000000 1.033333
1.066667 1.100000 1.133333 1.166667 1.200000 1.233333</float_array>
        <technique_common>
          <accessor source="#mixamorig_LeftHandPinky1-Matrix-animation-input-array" count="38">
            <param name="TIME" type="float"/>
          </accessor>
        </technique_common>
      </source>
      <source id="mixamorig_LeftHandPinky1-Matrix-animation-output-transform">
        <float_array id="mixamorig_LeftHandPinky1-Matrix-animation-output-transform-array" count="608">

0.985943 -0.074038 -0.149783 3.806300 -0.154830 -0.067884 -0.985606 8.077800 0.062804 0.994942 -0.078393 0.486900 0.000000 0.000000 0.000000 1.000000
0.986086 -0.072354 -0.149666 3.806300 -0.154506 -0.066674 -0.985740 8.077800 0.061343 0.995148 -0.076925 0.486900 0.000000 0.000000 0.000000 1.000000
0.986141 -0.070930 -0.149985 3.806300 -0.154904 -0.069828 -0.985459 8.077800 0.059426 0.995034 -0.079848 0.486900 0.000000 0.000000 0.000000 1.000000
0.986005 -0.070856 -0.150907 3.806300 -0.156361 -0.079045 -0.984532 8.077800 0.057832 0.994350 -0.089018 0.486900 0.000000 0.000000 0.000000 1.000000
0.986020 -0.070813 -0.150832 3.806300 -0.156240 -0.078295 -0.984611 8.077800 0.057913 0.994412 -0.088264 0.486900 0.000000 0.000000 0.000000 1.000000
0.986188 -0.070441 -0.149904 3.806300 -0.154735 -0.069010 -0.985543 8.077800 0.059077 0.995126 -0.078956 0.486900 0.000000 0.000000 0.000000 1.000000
0.986423 -0.069933 -0.148590 3.806300 -0.152598 -0.055931 -0.986704 8.077800 0.060693 0.995983 -0.065843 0.486900 0.000000 0.000000 0.000000 1.000000
0.986709 -0.069378 -0.146945 3.806300 -0.149912 -0.039668 -0.987903 8.077800 0.062709 0.996801 -0.049542 0.486900 0.000000 0.000000 0.000000 1.000000
0.986938 -0.069058 -0.145551 3.806300 -0.147628 -0.025971 -0.988702 8.077800 0.064497 0.997275 -0.035826 0.486900 0.000000 0.000000 0.000000 1.000000
0.987117 -0.068688 -0.144505 3.806300 -0.145902 -0.015746 -0.989174 8.077800 0.065669 0.997514 -0.025565 0.486900 0.000000 0.000000 0.000000 1.000000
0.987287 -0.068304 -0.143526 3.806300 -0.144279 -0.006209 -0.989518 8.077800 0.066697 0.997645 -0.015985 0.486900 0.000000 0.000000 0.000000 1.000000
0.987400 -0.068037 -0.142872 3.806300 -0.143195 0.000132 -0.989695 8.077800 0.067355 0.997683 -0.009612 0.486900 0.000000 0.000000 0.000000 1.000000
0.987428 -0.067954 -0.142718 3.806300 -0.142940 0.001621 -0.989730 8.077800 0.067488 0.997687 -0.008113 0.486900 0.000000 0.000000 0.000000 1.000000
0.987434 -0.067912 -0.142698 3.806300 -0.142906 0.001814 -0.989735 8.077800 0.067473 0.997690 -0.007914 0.486900 0.000000 0.000000 0.000000 1.000000
0.987476 -0.067669 -0.142524 3.806300 -0.142615 0.003510 -0.989772 8.077800 0.067477 0.997702 -0.006185 0.486900 0.000000 0.000000 0.000000 1.000000
0.987531 -0.067419 -0.142261 3.806300 -0.142177 0.006058 -0.989823 8.077800 0.067594 0.997706 -0.003603 0.486900 0.000000 0.000000 0.000000 1.000000
0.987546 -0.067423 -0.142150 3.806300 -0.141994 0.007128 -0.989842 8.077800 0.067751 0.997699 -0.002535 0.486900 0.000000 0.000000 0.000000 1.000000
0.987576 -0.067330 -0.141989 3.806300 -0.141727 0.008680 -0.989868 8.077800 0.067880 0.997693 -0.000970 0.486900 0.000000 0.000000 0.000000 1.000000
0.987814 -0.066152 -0.140884 3.806300 -0.139896 0.019354 -0.989977 8.077800 0.068216 0.997622 0.009864 0.486900 0.000000 0.000000 0.000000 1.000000
0.988350 -0.063257 -0.138431 3.806300 -0.135890 0.042872 -0.989796 8.077800 0.068546 0.997076 0.033777 0.486900 0.000000 0.000000 0.000000 1.000000
0.988983 -0.059849 -0.135392 3.806300 -0.131026 0.071703 -0.988783 8.077800 0.068886 0.995629 0.063071 0.486900 0.000000 0.000000 0.000000 1.000000
0.989570 -0.056481 -0.132516 3.806300 -0.126544 0.098697 -0.987039 8.077800 0.068828 0.993513 0.090520 0.486900 0.000000 0.000000 0.000000 1.000000
0.990082 -0.052979 -0.130118 3.806300 -0.122976 0.121001 -0.985005 8.077800 0.067929 0.991238 0.113286 0.486900 0.000000 0.000000 0.000000 1.000000
0.990279 -0.051359 -0.129264 3.806300 -0.121779 0.128910 -0.984150 8.077800 0.067208 0.990325 0.121403 0.486900 0.000000 0.000000 0.000000 1.000000
0.989834 -0.054199 -0.131492 3.806300 -0.125084 0.108266 -0.986221 8.077800 0.067688 0.992643 0.100386 0.486900 0.000000 0.000000 0.000000 1.000000
0.988761 -0.060501 -0.136716 3.806300 -0.133172 0.059197 -0.989323 8.077800 0.067948 0.996411 0.050474 0.486900 0.000000 0.000000 0.000000 1.000000
0.987643 -0.066310 -0.142000 3.806300 -0.141742 0.008604 -0.989866 8.077800 0.066860 0.997762 -0.000901 0.486900 0.000000 0.000000 0.000000 1.000000
0.987002 -0.069412 -0.144943 3.806300 -0.146644 -0.020040 -0.988986 8.077800 0.065742 0.997387 -0.029959 0.486900 0.000000 0.000000 0.000000 1.000000
0.986613 -0.071274 -0.146678 3.806300 -0.149572 -0.037087 -0.988055 8.077800 0.064982 0.996767 -0.047251 0.486900 0.000000 0.000000 0.000000 1.000000
0.986333 -0.072571 -0.147918 3.806300 -0.151677 -0.049335 -0.987198 8.077800 0.064345 0.996142 -0.059668 0.486900 0.000000 0.000000 0.000000 1.000000
0.986177 -0.073239 -0.148628 3.806300 -0.152884 -0.056379 -0.986635 8.077800 0.063881 0.995720 -0.066797 0.486900 0.000000 0.000000 0.000000 1.000000
0.986107 -0.073417 -0.149004 3.806300 -0.153511 -0.060115 -0.986317 8.077800 0.063455 0.995488 -0.070550 0.486900 0.000000 0.000000 0.000000 1.000000
0.986073 -0.073504 -0.149186 3.806300 -0.153814 -0.061921 -0.986158 8.077800 0.063249 0.995371 -0.072364 0.486900 0.000000 0.000000 0.000000 1.000000
0.986049 -0.073566 -0.149315 3.806300 -0.154030 -0.063212 -0.986042 8.077800 0.063100 0.995285 -0.073662 0.486900 0.000000 0.000000 0.000000 1.000000
0.986003 -0.073684 -0.149562 3.806300 -0.154441 -0.065667 -0.985817 8.077800 0.062818 0.995117 -0.076127 0.486900 0.000000 0.000000 0.000000 1.000000
0.985965 -0.073781 -0.149761 3.806300 -0.154773 -0.067657 -0.985631 8.077800 0.062589 0.994977 -0.078127 0.486900 0.000000 0.000000 0.000000 1.000000
0.985962 -0.073791 -0.149781 3.806300 -0.154806 -0.067856 -0.985612 8.077800 0.062566 0.994963 -0.078326 0.486900 0.000000 0.000000 0.000000 1.000000
0.985962 -0.073791 -0.149781 3.806300 -0.154806 -0.067855 -0.985612 8.077800 0.062565 0.994963 -0.078326 0.486900 0.000000 0.000000 0.000000 1.000000</float_array>
        <technique_common>
          <accessor source="#mixamorig_LeftHandPinky1-Matrix-animation-output-transform-array" count="38" stride="16">
            <param type="float4x4"/>
          </accessor>
        </technique_common>
      </source>
      <source id="mixamorig_LeftHandPinky1-Interpolations">
        <Name_array id="mixamorig_LeftHandPinky1-Interpolations-array" count="38">
 LINEAR LINEAR LINEAR LINEAR LINEAR LINEAR LINEAR LINEAR LINEAR LINEAR LINEAR
LINEAR LINEAR LINEAR LINEAR LINEAR LINEAR LINEAR LINEAR LINEAR LINEAR LINEAR LINEAR
LINEAR LINEAR LINEAR LINEAR LINEAR LINEAR LINEAR LINEAR LINEAR LINEAR LINEAR LINEAR
LINEAR LINEAR LINEAR</Name_array>
        <technique_common>
          <accessor source="#mixamorig_LeftHandPinky1-Interpolations-array" count="38">
            <param type="name"/>
          </accessor>
        </technique_common>
      </source>
      <sampler id="mixamorig_LeftHandPinky1-Matrix-animation-transform">
        <input semantic="INPUT" source="#mixamorig_LeftHandPinky1-Matrix-animation-input"/>
        <input semantic="OUTPUT" source="#mixamorig_LeftHandPinky1-Matrix-animation-output-transform"/>
        <input semantic="INTERPOLATION" source="#mixamorig_LeftHandPinky1-Interpolations"/>
      </sampler>
      <channel source="#mixamorig_LeftHandPinky1-Matrix-animation-transform" target="mixamorig_LeftHandPinky1/matrix"/>
    </animation>
    <animation id="mixamorig_LeftHandPinky2-anim" name="mixamorig_LeftHandPinky2">
      <source id="mixamorig_LeftHandPinky2-Matrix-animation-input">
        <float_array id="mixamorig_LeftHandPinky2-Matrix-animation-input-array" count="38">

0.000000 0.033333 0.066667 0.100000 0.133333 0.166667 0.200000 0.233333 0.266667 0.300000 0.333333 0.366667 0.400000 0.433333 0.466667 0.500000
0.533333 0.566667 0.600000 0.633333 0.666667 0.700000 0.733333 0.766667 0.800000 0.833333 0.866667 0.900000 0.933333 0.966667 1.000000 1.033333
1.066667 1.100000 1.133333 1.166667 1.200000 1.233333</float_array>
        <technique_common>
          <accessor source="#mixamorig_LeftHandPinky2-Matrix-animation-input-array" count="38">
            <param name="TIME" type="float"/>
          </accessor>
        </technique_common>
      </source>
      <source id="mixamorig_LeftHandPinky2-Matrix-animation-output-transform">
        <float_array id="mixamorig_LeftHandPinky2-Matrix-animation-output-transform-array" count="608">

0.987276 0.099342 -0.124167 -0.000000 -0.099346 -0.224364 -0.969428 3.600000 -0.124163 0.969429 -0.211640 0.000000 0.000000 0.000000 0.000000 1.000000
0.987321 0.099443 -0.123728 0.000000 -0.099446 -0.220045 -0.970407 3.600000 -0.123726 0.970408 -0.207366 0.000000 0.000000 0.000000 0.000000 1.000000
0.987349 0.099505 -0.123452 0.000000 -0.099509 -0.217315 -0.971016 3.600000 -0.123449 0.971016 -0.204664 0.000000 0.000000 0.000000 0.000000 1.000000
0.987384 0.099580 -0.123111 0.000000 -0.099585 -0.213950 -0.971755 3.600000 -0.123107 0.971756 -0.201334 0.000000 0.000000 0.000000 0.000000 1.000000
0.987437 0.099693 -0.122596 0.000000 -0.099696 -0.208876 -0.972847 3.600000 -0.122593 0.972848 -0.196312 0.000000 0.000000 0.000000 0.000000 1.000000
0.987492 0.099807 -0.122057 0.000000 -0.099810 -0.203564 -0.973961 3.600000 -0.122054 0.973961 -0.191056 0.000000 0.000000 0.000000 0.000000 1.000000
0.987570 0.099962 -0.121298 0.000000 -0.099966 -0.196077 -0.975480 3.600000 -0.121295 0.975480 -0.183647 0.000000 0.000000 0.000000 0.000000 1.000000
0.987674 0.100161 -0.120284 0.000000 -0.100164 -0.186079 -0.977416 3.600000 -0.120281 0.977416 -0.173752 -0.000000 0.000000 0.000000 0.000000 1.000000
0.987763 0.100323 -0.119410 0.000000 -0.100327 -0.177455 -0.979002 3.600000 -0.119407 0.979002 -0.165218 0.000000 0.000000 0.000000 0.000000 1.000000
0.987856 0.100483 -0.118506 0.000000 -0.100486 -0.168544 -0.980559 3.600000 -0.118503 0.980559 -0.156400 0.000000 0.000000 0.000000 0.000000 1.000000
0.988004 0.100721 -0.117060 0.000000 -0.100724 -0.154291 -0.982878 3.600000 -0.117058 0.982878 -0.142295 0.000000 0.000000 0.000000 0.000000 1.000000
0.988147 0.100929 -0.115668 0.000000 -0.100933 -0.140562 -0.984914 3.600000 -0.115665 0.984914 -0.128709 0.000000 0.000000 0.000000 0.000000 1.000000
0.988201 0.101004 -0.115136 -0.000000 -0.101007 -0.135312 -0.985641 3.600000 -0.115133 0.985641 -0.123514 0.000000 0.000000 0.000000 0.000000 1.000000
0.988217 0.101024 -0.114987 0.000000 -0.101027 -0.133848 -0.985839 3.600000 -0.114984 0.985839 -0.122065 0.000000 0.000000 0.000000 0.000000 1.000000
0.988248 0.101065 -0.114679 0.000000 -0.101069 -0.130808 -0.986243 3.600000 -0.114676 0.986243 -0.119056 -0.000000 0.000000 0.000000 0.000000 1.000000
0.988258 0.101078 -0.114582 0.000000 -0.101081 -0.129855 -0.986367 3.600000 -0.114579 0.986368 -0.118113 0.000000 0.000000 0.000000 0.000000 1.000000
0.988217 0.101024 -0.114988 0.000000 -0.101027 -0.133854 -0.985838 3.600000 -0.114985 0.985838 -0.122071 0.000000 0.000000 0.000000 0.000000 1.000000
0.988163 0.100951 -0.115515 0.000000 -0.100954 -0.139052 -0.985126 3.600000 -0.115512 0.985126 -0.127214 0.000000 0.000000 0.000000 0.000000 1.000000
0.988151 0.100935 -0.115626 0.000000 -0.100939 -0.140145 -0.984972 3.600000 -0.115623 0.984973 -0.128296 0.000000 0.000000 0.000000 0.000000 1.000000
0.988177 0.100971 -0.115370 0.000000 -0.100975 -0.137618 -0.985325 3.600000 -0.115367 0.985325 -0.125796 0.000000 0.000000 0.000000 0.000000 1.000000
0.988175 0.100968 -0.115392 -0.000000 -0.100972 -0.137839 -0.985294 3.600000 -0.115389 0.985295 -0.126015 0.000000 0.000000 0.000000 0.000000 1.000000
0.988114 0.100882 -0.115992 0.000000 -0.100886 -0.143756 -0.984457 3.600000 -0.115989 0.984458 -0.131870 0.000000 0.000000 0.000000 0.000000 1.000000
0.988012 0.100732 -0.116983 0.000000 -0.100736 -0.153533 -0.982995 3.600000 -0.116980 0.982996 -0.141545 0.000000 0.000000 0.000000 0.000000 1.000000
0.987859 0.100488 -0.118480 -0.000000 -0.100491 -0.168291 -0.980602 3.600000 -0.118477 0.980602 -0.156149 0.000000 0.000000 0.000000 0.000000 1.000000
0.987652 0.100121 -0.120493 0.000000 -0.100124 -0.188142 -0.977025 3.600000 -0.120490 0.977025 -0.175794 -0.000000 0.000000 0.000000 0.000000 1.000000
0.987464 0.099749 -0.122331 0.000000 -0.099752 -0.206266 -0.973398 3.600000 -0.122328 0.973398 -0.193730 0.000000 0.000000 0.000000 0.000000 1.000000
0.987356 0.099519 -0.123389 0.000000 -0.099522 -0.216701 -0.971152 3.600000 -0.123387 0.971152 -0.204056 -0.000000 0.000000 0.000000 0.000000 1.000000
0.987311 0.099421 -0.123824 -0.000000 -0.099424 -0.220990 -0.970195 3.600000 -0.123822 0.970195 -0.208301 0.000000 0.000000 0.000000 0.000000 1.000000
0.987286 0.099365 -0.124070 0.000000 -0.099368 -0.223414 -0.969645 3.600000 -0.124067 0.969646 -0.210699 0.000000 0.000000 0.000000 0.000000 1.000000
0.987271 0.099331 -0.124213 0.000000 -0.099335 -0.224821 -0.969323 3.600000 -0.124210 0.969324 -0.212093 0.000000 0.000000 0.000000 0.000000 1.000000
0.987267 0.099322 -0.124255 0.000000 -0.099325 -0.225237 -0.969228 3.600000 -0.124252 0.969228 -0.212504 0.000000 0.000000 0.000000 0.000000 1.000000
0.987268 0.099324 -0.124243 -0.000000 -0.099328 -0.225118 -0.969255 3.600000 -0.124240 0.969256 -0.212386 0.000000 0.000000 0.000000 0.000000 1.000000
0.987273 0.099335 -0.124199 0.000000 -0.099338 -0.224687 -0.969354 3.600000 -0.124196 0.969355 -0.211960 0.000000 0.000000 0.000000 0.000000 1.000000
0.987277 0.099345 -0.124155 0.000000 -0.099348 -0.224253 -0.969454 3.600000 -0.124153 0.969454 -0.211530 0.000000 0.000000 0.000000 0.000000 1.000000
0.987277 0.099344 -0.124155 -0.000000 -0.099349 -0.224253 -0.969454 3.600000 -0.124152 0.969454 -0.211530 0.000000 0.000000 0.000000 0.000000 1.000000
0.987277 0.099345 -0.124155 0.000000 -0.099348 -0.224253 -0.969454 3.600000 -0.124152 0.969454 -0.211530 0.000000 0.000000 0.000000 0.000000 1.000000
0.987277 0.099345 -0.124155 0.000000 -0.099348 -0.224252 -0.969454 3.600000 -0.124152 0.969454 -0.211529 0.000000 0.000000 0.000000 0.000000 1.000000
0.987277 0.099345 -0.124155 -0.000000 -0.099348 -0.224253 -0.969454 3.600000 -0.124152 0.969454 -0.211530 -0.000000 0.000000 0.000000 0.000000 1.000000</float_array>
        <technique_common>
          <accessor source="#mixamorig_LeftHandPinky2-Matrix-animation-output-transform-array" count="38" stride="16">
            <param type="float4x4"/>
          </accessor>
        </technique_common>
      </source>
      <source id="mixamorig_LeftHandPinky2-Interpolations">
        <Name_array id="mixamorig_LeftHandPinky2-Interpolations-array" count="38">
 LINEAR LINEAR LINEAR LINEAR LINEAR LINEAR LINEAR LINEAR LINEAR LINEAR LINEAR
LINEAR LINEAR LINEAR LINEAR LINEAR LINEAR LINEAR LINEAR LINEAR LINEAR LINEAR LINEAR
LINEAR LINEAR LINEAR LINEAR LINEAR LINEAR LINEAR LINEAR LINEAR LINEAR LINEAR LINEAR
LINEAR LINEAR LINEAR</Name_array>
        <technique_common>
          <accessor source="#mixamorig_LeftHandPinky2-Interpolations-array" count="38">
            <param type="name"/>
          </accessor>
        </technique_common>
      </source>
      <sampler id="mixamorig_LeftHandPinky2-Matrix-animation-transform">
        <input semantic="INPUT" source="#mixamorig_LeftHandPinky2-Matrix-animation-input"/>
        <input semantic="OUTPUT" source="#mixamorig_LeftHandPinky2-Matrix-animation-output-transform"/>
        <input semantic="INTERPOLATION" source="#mixamorig_LeftHandPinky2-Interpolations"/>
      </sampler>
      <channel source="#mixamorig_LeftHandPinky2-Matrix-animation-transform" target="mixamorig_LeftHandPinky2/matrix"/>
    </animation>
    <animation id="mixamorig_LeftHandPinky3-anim" name="mixamorig_LeftHandPinky3">
      <source id="mixamorig_LeftHandPinky3-Matrix-animation-input">
        <float_array id="mixamorig_LeftHandPinky3-Matrix-animation-input-array" count="38">

0.000000 0.033333 0.066667 0.100000 0.133333 0.166667 0.200000 0.233333 0.266667 0.300000 0.333333 0.366667 0.400000 0.433333 0.466667 0.500000
0.533333 0.566667 0.600000 0.633333 0.666667 0.700000 0.733333 0.766667 0.800000 0.833333 0.866667 0.900000 0.933333 0.966667 1.000000 1.033333
1.066667 1.100000 1.133333 1.166667 1.200000 1.233333</float_array>
        <technique_common>
          <accessor source="#mixamorig_LeftHandPinky3-Matrix-animation-input-array" count="38">
            <param name="TIME" type="float"/>
          </accessor>
        </technique_common>
      </source>
      <source id="mixamorig_LeftHandPinky3-Matrix-animation-output-transform">
        <float_array id="mixamorig_LeftHandPinky3-Matrix-animation-output-transform-array" count="608">

0.987709 0.100226 -0.119939 0.000000 -0.100229 -0.182675 -0.978051 2.100000 -0.119936 0.978051 -0.170385 0.000000 0.000000 0.000000 0.000000 1.000000
0.987755 0.100308 -0.119492 0.000000 -0.100312 -0.178272 -0.978855 2.100000 -0.119489 0.978855 -0.166027 -0.000000 0.000000 0.000000 0.000000 1.000000
0.987784 0.100359 -0.119208 0.000000 -0.100363 -0.175474 -0.979355 2.100000 -0.119205 0.979355 -0.163258 0.000000 0.000000 0.000000 0.000000 1.000000
0.987819 0.100421 -0.118863 -0.000000 -0.100424 -0.172065 -0.979953 2.100000 -0.118860 0.979954 -0.159884 0.000000 0.000000 0.000000 0.000000 1.000000
0.987873 0.100510 -0.118344 0.000000 -0.100514 -0.166952 -0.980828 2.100000 -0.118341 0.980829 -0.154825 0.000000 0.000000 0.000000 0.000000 1.000000
0.987928 0.100601 -0.117801 -0.000000 -0.100605 -0.161597 -0.981715 2.100000 -0.117798 0.981716 -0.149525 0.000000 0.000000 0.000000 0.000000 1.000000
0.988007 0.100724 -0.117036 0.000000 -0.100728 -0.154053 -0.982915 2.100000 -0.117033 0.982915 -0.142060 0.000000 0.000000 0.000000 0.000000 1.000000
0.988111 0.100879 -0.116016 0.000000 -0.100883 -0.143989 -0.984424 2.100000 -0.116013 0.984424 -0.132100 0.000000 0.000000 0.000000 0.000000 1.000000
0.988201 0.101004 -0.115136 0.000000 -0.101007 -0.135313 -0.985641 2.100000 -0.115133 0.985641 -0.123515 0.000000 0.000000 0.000000 0.000000 1.000000
0.988295 0.101124 -0.114226 -0.000000 -0.101127 -0.126348 -0.986818 2.100000 -0.114224 0.986818 -0.114643 0.000000 0.000000 0.000000 0.000000 1.000000
0.988444 0.101300 -0.112772 -0.000000 -0.101303 -0.112007 -0.988530 2.100000 -0.112769 0.988531 -0.100450 0.000000 0.000000 0.000000 0.000000 1.000000
0.988587 0.101449 -0.111372 0.000000 -0.101452 -0.098198 -0.989982 2.100000 -0.111369 0.989982 -0.086785 -0.000000 0.000000 0.000000 0.000000 1.000000
0.988642 0.101500 -0.110837 0.000000 -0.101503 -0.092925 -0.990486 2.100000 -0.110834 0.990486 -0.081567 0.000000 0.000000 0.000000 0.000000 1.000000
0.988657 0.101514 -0.110688 0.000000 -0.101517 -0.091457 -0.990621 2.100000 -0.110685 0.990621 -0.080115 0.000000 0.000000 0.000000 0.000000 1.000000
0.988689 0.101542 -0.110378 0.000000 -0.101546 -0.088397 -0.990896 2.100000 -0.110375 0.990896 -0.077086 -0.000000 0.000000 0.000000 0.000000 1.000000
0.988699 0.101551 -0.110280 -0.000000 -0.101554 -0.087431 -0.990981 2.100000 -0.110277 0.990981 -0.076130 0.000000 0.000000 0.000000 0.000000 1.000000
0.988657 0.101514 -0.110688 -0.000000 -0.101518 -0.091450 -0.990622 2.100000 -0.110685 0.990622 -0.080107 0.000000 0.000000 0.000000 0.000000 1.000000
0.988603 0.101464 -0.111218 0.000000 -0.101467 -0.096678 -0.990130 2.100000 -0.111215 0.990130 -0.085281 0.000000 0.000000 0.000000 0.000000 1.000000
0.988592 0.101453 -0.111327 -0.000000 -0.101456 -0.097758 -0.990025 2.100000 -0.111324 0.990026 -0.086349 0.000000 0.000000 0.000000 0.000000 1.000000
0.988619 0.101479 -0.111064 0.000000 -0.101482 -0.095166 -0.990275 2.100000 -0.111061 0.990275 -0.083784 0.000000 0.000000 0.000000 0.000000 1.000000
0.988617 0.101477 -0.111080 0.000000 -0.101480 -0.095325 -0.990260 2.100000 -0.111077 0.990260 -0.083942 0.000000 0.000000 0.000000 0.000000 1.000000
0.988556 0.101418 -0.111677 -0.000000 -0.101421 -0.101208 -0.989682 2.100000 -0.111674 0.989682 -0.089764 -0.000000 0.000000 0.000000 0.000000 1.000000
0.988454 0.101312 -0.112667 0.000000 -0.101315 -0.110969 -0.988646 2.100000 -0.112664 0.988646 -0.099423 0.000000 0.000000 0.000000 0.000000 1.000000
0.988300 0.101132 -0.114169 0.000000 -0.101135 -0.125782 -0.986889 2.100000 -0.114166 0.986890 -0.114082 0.000000 0.000000 0.000000 0.000000 1.000000
0.988092 0.100851 -0.116202 0.000000 -0.100855 -0.145826 -0.984156 2.100000 -0.116199 0.984156 -0.133918 0.000000 0.000000 0.000000 0.000000 1.000000
0.987901 0.100557 -0.118066 0.000000 -0.100561 -0.164210 -0.981286 2.100000 -0.118063 0.981287 -0.152111 0.000000 0.000000 0.000000 0.000000 1.000000
0.987791 0.100371 -0.119144 -0.000000 -0.100375 -0.174831 -0.979469 2.100000 -0.119140 0.979469 -0.162622 0.000000 0.000000 0.000000 0.000000 1.000000
0.987745 0.100291 -0.119587 0.000000 -0.100294 -0.179207 -0.978686 2.100000 -0.119584 0.978686 -0.166952 0.000000 0.000000 0.000000 0.000000 1.000000
0.987720 0.100245 -0.119838 0.000000 -0.100248 -0.181681 -0.978234 2.100000 -0.119835 0.978235 -0.169401 0.000000 0.000000 0.000000 0.000000 1.000000
0.987705 0.100217 -0.119984 0.000000 -0.100221 -0.183120 -0.977969 2.100000 -0.119981 0.977969 -0.170825 0.000000 0.000000 0.000000 0.000000 1.000000
0.987700 0.100209 -0.120027 0.000000 -0.100213 -0.183549 -0.977889 2.100000 -0.120025 0.977889 -0.171249 0.000000 0.000000 0.000000 0.000000 1.000000
0.987701 0.100212 -0.120016 -0.000000 -0.100215 -0.183432 -0.977911 2.100000 -0.120013 0.977911 -0.171134 0.000000 0.000000 0.000000 0.000000 1.000000
0.987706 0.100220 -0.119971 0.000000 -0.100223 -0.182997 -0.977991 2.100000 -0.119969 0.977992 -0.170703 0.000000 0.000000 0.000000 0.000000 1.000000
0.987710 0.100228 -0.119927 -0.000000 -0.100232 -0.182559 -0.978073 2.100000 -0.119924 0.978073 -0.170269 0.000000 0.000000 0.000000 0.000000 1.000000
0.987710 0.100228 -0.119927 0.000000 -0.100232 -0.182559 -0.978073 2.100000 -0.119924 0.978073 -0.170269 0.000000 0.000000 0.000000 0.000000 1.000000
0.987710 0.100228 -0.119927 0.000000 -0.100232 -0.182559 -0.978073 2.100000 -0.119924 0.978073 -0.170269 0.000000 0.000000 0.000000 0.000000 1.000000
0.987710 0.100228 -0.119927 -0.000000 -0.100231 -0.182558 -0.978073 2.100000 -0.119924 0.978073 -0.170269 -0.000000 0.000000 0.000000 0.000000 1.000000
0.987710 0.100228 -0.119927 -0.000000 -0.100231 -0.182559 -0.978073 2.100000 -0.119924 0.978073 -0.170269 0.000000 0.000000 0.000000 0.000000 1.000000</float_array>
        <technique_common>
          <accessor source="#mixamorig_LeftHandPinky3-Matrix-animation-output-transform-array" count="38" stride="16">
            <param type="float4x4"/>
          </accessor>
        </technique_common>
      </source>
      <source id="mixamorig_LeftHandPinky3-Interpolations">
        <Name_array id="mixamorig_LeftHandPinky3-Interpolations-array" count="38">
 LINEAR LINEAR LINEAR LINEAR LINEAR LINEAR LINEAR LINEAR LINEAR LINEAR LINEAR
LINEAR LINEAR LINEAR LINEAR LINEAR LINEAR LINEAR LINEAR LINEAR LINEAR LINEAR LINEAR
LINEAR LINEAR LINEAR LINEAR LINEAR LINEAR LINEAR LINEAR LINEAR LINEAR LINEAR LINEAR
LINEAR LINEAR LINEAR</Name_array>
        <technique_common>
          <accessor source="#mixamorig_LeftHandPinky3-Interpolations-array" count="38">
            <param type="name"/>
          </accessor>
        </technique_common>
      </source>
      <sampler id="mixamorig_LeftHandPinky3-Matrix-animation-transform">
        <input semantic="INPUT" source="#mixamorig_LeftHandPinky3-Matrix-animation-input"/>
        <input semantic="OUTPUT" source="#mixamorig_LeftHandPinky3-Matrix-animation-output-transform"/>
        <input semantic="INTERPOLATION" source="#mixamorig_LeftHandPinky3-Interpolations"/>
      </sampler>
      <channel source="#mixamorig_LeftHandPinky3-Matrix-animation-transform" target="mixamorig_LeftHandPinky3/matrix"/>
    </animation>
    <animation id="mixamorig_RightUpLeg-anim" name="mixamorig_RightUpLeg">
      <source id="mixamorig_RightUpLeg-Matrix-animation-input">
        <float_array id="mixamorig_RightUpLeg-Matrix-animation-input-array" count="38">

0.000000 0.033333 0.066667 0.100000 0.133333 0.166667 0.200000 0.233333 0.266667 0.300000 0.333333 0.366667 0.400000 0.433333 0.466667 0.500000
0.533333 0.566667 0.600000 0.633333 0.666667 0.700000 0.733333 0.766667 0.800000 0.833333 0.866667 0.900000 0.933333 0.966667 1.000000 1.033333
1.066667 1.100000 1.133333 1.166667 1.200000 1.233333</float_array>
        <technique_common>
          <accessor source="#mixamorig_RightUpLeg-Matrix-animation-input-array" count="38">
            <param name="TIME" type="float"/>
          </accessor>
        </technique_common>
      </source>
      <source id="mixamorig_RightUpLeg-Matrix-animation-output-transform">
        <float_array id="mixamorig_RightUpLeg-Matrix-animation-output-transform-array" count="608">

-0.937129 -0.348341 -0.021184 -8.207800 0.307284 -0.852404 0.423065 -6.771800 -0.165428 0.389957 0.905852 -1.512200 0.000000 0.000000 0.000000 1.000000
-0.926769 -0.373788 -0.037169 -8.207800 0.326344 -0.850213 0.413082 -6.771800 -0.186007 0.370702 0.909935 -1.512200 0.000000 0.000000 0.000000 1.000000
-0.909565 -0.411934 -0.054792 -8.207800 0.367394 -0.858731 0.357215 -6.771800 -0.194201 0.304780 0.932414 -1.512200 0.000000 0.000000 0.000000 1.000000
-0.875027 -0.476946 -0.082771 -8.207800 0.446383 -0.861159 0.243201 -6.771800 -0.187273 0.175860 0.966438 -1.512200 0.000000 0.000000 0.000000 1.000000
-0.845953 -0.524200 -0.097865 -8.207800 0.498320 -0.842438 0.204877 -6.771800 -0.189842 0.124548 0.973883 -1.512200 0.000000 0.000000 0.000000 1.000000
-0.831959 -0.546499 -0.095827 -8.207800 0.516830 -0.826146 0.224432 -6.771800 -0.201819 0.137192 0.969767 -1.512200 0.000000 0.000000 0.000000 1.000000
-0.823150 -0.561085 -0.087227 -8.207800 0.530986 -0.815040 0.231870 -6.771800 -0.201192 0.144548 0.968828 -1.512200 0.000000 0.000000 0.000000 1.000000
-0.820663 -0.566534 -0.074509 -8.207800 0.537502 -0.809620 0.235810 -6.771800 -0.193919 0.153472 0.968939 -1.512200 0.000000 0.000000 0.000000 1.000000
-0.823231 -0.564446 -0.060762 -8.207800 0.535847 -0.807918 0.245226 -6.771800 -0.187507 0.169318 0.967560 -1.512200 0.000000 0.000000 0.000000 1.000000
-0.829255 -0.556820 -0.047833 -8.207800 0.527714 -0.808329 0.261000 -6.771800 -0.183995 0.191194 0.964153 -1.512200 0.000000 0.000000 0.000000 1.000000
-0.837922 -0.544652 -0.035224 -8.207800 0.514058 -0.809246 0.284367 -6.771800 -0.183386 0.220170 0.958068 -1.512200 0.000000 0.000000 0.000000 1.000000
-0.848150 -0.529241 -0.023376 -8.207800 0.496358 -0.809324 0.314044 -6.771800 -0.185123 0.254753 0.949121 -1.512200 0.000000 0.000000 0.000000 1.000000
-0.859524 -0.510912 -0.013661 -8.207800 0.474957 -0.808337 0.347860 -6.771800 -0.188768 0.292506 0.937447 -1.512200 0.000000 0.000000 0.000000 1.000000
-0.871389 -0.490580 -0.003557 -8.207800 0.451516 -0.804795 0.385276 -6.771800 -0.191872 0.334119 0.922795 -1.512200 0.000000 0.000000 0.000000 1.000000
-0.883843 -0.467732 0.007008 -8.207800 0.426095 -0.798802 0.424685 -6.771800 -0.193041 0.378341 0.905314 -1.512200 0.000000 0.000000 0.000000 1.000000
-0.895794 -0.444259 0.013649 -8.207800 0.399849 -0.792076 0.461233 -6.771800 -0.194096 0.418627 0.887174 -1.512200 0.000000 0.000000 0.000000 1.000000
-0.907036 -0.420808 0.014354 -8.207800 0.373073 -0.787408 0.490720 -6.771800 -0.195196 0.450456 0.871199 -1.512200 0.000000 0.000000 0.000000 1.000000
-0.919130 -0.393766 0.012174 -8.207800 0.344092 -0.787369 0.511518 -6.771800 -0.191833 0.474341 0.859186 -1.512200 0.000000 0.000000 0.000000 1.000000
-0.931716 -0.363060 0.009665 -8.207800 0.314066 -0.792050 0.523469 -6.771800 -0.182395 0.490759 0.851990 -1.512200 0.000000 0.000000 0.000000 1.000000
-0.942376 -0.334479 0.007156 -8.207800 0.287538 -0.798817 0.528407 -6.771800 -0.171024 0.500016 0.848961 -1.512200 0.000000 0.000000 0.000000 1.000000
-0.950342 -0.311165 0.005131 -8.207800 0.266566 -0.805399 0.529410 -6.771800 -0.160601 0.504488 0.848351 -1.512200 0.000000 0.000000 0.000000 1.000000
-0.956088 -0.293053 0.003941 -8.207800 0.250869 -0.811363 0.527973 -6.771800 -0.151527 0.505777 0.849252 -1.512200 0.000000 0.000000 0.000000 1.000000
-0.959332 -0.282270 0.002508 -8.207800 0.241759 -0.816996 0.523517 -6.771800 -0.145725 0.502833 0.852012 -1.512200 0.000000 0.000000 0.000000 1.000000
-0.959756 -0.280835 0.000054 -8.207800 0.240649 -0.822319 0.515635 -6.771800 -0.144764 0.494896 0.856809 -1.512200 0.000000 0.000000 0.000000 1.000000
-0.957992 -0.286780 -0.002909 -8.207800 0.246161 -0.827427 0.504746 -6.771800 -0.147158 0.482827 0.863263 -1.512200 0.000000 0.000000 0.000000 1.000000
-0.955051 -0.296377 -0.006131 -8.207800 0.255360 -0.833027 0.490772 -6.771800 -0.150561 0.467147 0.871267 -1.512200 0.000000 0.000000 0.000000 1.000000
-0.951935 -0.306156 -0.009372 -8.207800 0.264987 -0.838503 0.476125 -6.771800 -0.153627 0.450757 0.879328 -1.512200 0.000000 0.000000 0.000000 1.000000
-0.949428 -0.313767 -0.011737 -8.207800 0.272552 -0.842123 0.465344 -6.771800 -0.155893 0.438611 0.885052 -1.512200 0.000000 0.000000 0.000000 1.000000
-0.947261 -0.320178 -0.013548 -8.207800 0.278945 -0.844608 0.456977 -6.771800 -0.157757 0.429097 0.889376 -1.512200 0.000000 0.000000 0.000000 1.000000
-0.945219 -0.326085 -0.015165 -8.207800 0.284866 -0.846642 0.449498 -6.771800 -0.159414 0.420554 0.893153 -1.512200 0.000000 0.000000 0.000000 1.000000
-0.943376 -0.331314 -0.016520 -8.207800 0.290116 -0.848170 0.443216 -6.771800 -0.160856 0.413326 0.896263 -1.512200 0.000000 0.000000 0.000000 1.000000
-0.941708 -0.335966 -0.017709 -8.207800 0.294795 -0.849382 0.437775 -6.771800 -0.162119 0.407035 0.898910 -1.512200 0.000000 0.000000 0.000000 1.000000
-0.940233 -0.340016 -0.018728 -8.207800 0.298874 -0.850324 0.433154 -6.771800 -0.163204 0.401669 0.901125 -1.512200 0.000000 0.000000 0.000000 1.000000
-0.938929 -0.343551 -0.019650 -8.207800 0.302446 -0.851129 0.429076 -6.771800 -0.164134 0.396928 0.903055 -1.512200 0.000000 0.000000 0.000000 1.000000
-0.937783 -0.346612 -0.020559 -8.207800 0.305556 -0.851929 0.425268 -6.771800 -0.164917 0.392527 0.904834 -1.512200 0.000000 0.000000 0.000000 1.000000
-0.937223 -0.348090 -0.021107 -8.207800 0.307053 -0.852397 0.423246 -6.771800 -0.165319 0.390195 0.905769 -1.512200 0.000000 0.000000 0.000000 1.000000
-0.937175 -0.348220 -0.021114 -8.207800 0.307212 -0.852456 0.423013 -6.771800 -0.165300 0.389951 0.905878 -1.512200 0.000000 0.000000 0.000000 1.000000
-0.937144 -0.348304 -0.021116 -8.207800 0.307303 -0.852467 0.422925 -6.771800 -0.165307 0.389852 0.905919 -1.512200 0.000000 0.000000 0.000000 1.000000</float_array>
        <technique_common>
          <accessor source="#mixamorig_RightUpLeg-Matrix-animation-output-transform-array" count="38" stride="16">
            <param type="float4x4"/>
          </accessor>
        </technique_common>
      </source>
      <source id="mixamorig_RightUpLeg-Interpolations">
        <Name_array id="mixamorig_RightUpLeg-Interpolations-array" count="38">
 LINEAR LINEAR LINEAR LINEAR LINEAR LINEAR LINEAR LINEAR LINEAR LINEAR LINEAR
LINEAR LINEAR LINEAR LINEAR LINEAR LINEAR LINEAR LINEAR LINEAR LINEAR LINEAR LINEAR
LINEAR LINEAR LINEAR LINEAR LINEAR LINEAR LINEAR LINEAR LINEAR LINEAR LINEAR LINEAR
LINEAR LINEAR LINEAR</Name_array>
        <technique_common>
          <accessor source="#mixamorig_RightUpLeg-Interpolations-array" count="38">
            <param type="name"/>
          </accessor>
        </technique_common>
      </source>
      <sampler id="mixamorig_RightUpLeg-Matrix-animation-transform">
        <input semantic="INPUT" source="#mixamorig_RightUpLeg-Matrix-animation-input"/>
        <input semantic="OUTPUT" source="#mixamorig_RightUpLeg-Matrix-animation-output-transform"/>
        <input semantic="INTERPOLATION" source="#mixamorig_RightUpLeg-Interpolations"/>
      </sampler>
      <channel source="#mixamorig_RightUpLeg-Matrix-animation-transform" target="mixamorig_RightUpLeg/matrix"/>
    </animation>
    <animation id="mixamorig_RightLeg-anim" name="mixamorig_RightLeg">
      <source id="mixamorig_RightLeg-Matrix-animation-input">
        <float_array id="mixamorig_RightLeg-Matrix-animation-input-array" count="38">

0.000000 0.033333 0.066667 0.100000 0.133333 0.166667 0.200000 0.233333 0.266667 0.300000 0.333333 0.366667 0.400000 0.433333 0.466667 0.500000
0.533333 0.566667 0.600000 0.633333 0.666667 0.700000 0.733333 0.766667 0.800000 0.833333 0.866667 0.900000 0.933333 0.966667 1.000000 1.033333
1.066667 1.100000 1.133333 1.166667 1.200000 1.233333</float_array>
        <technique_common>
          <accessor source="#mixamorig_RightLeg-Matrix-animation-input-array" count="38">
            <param name="TIME" type="float"/>
          </accessor>
        </technique_common>
      </source>
      <source id="mixamorig_RightLeg-Matrix-animation-output-transform">
        <float_array id="mixamorig_RightLeg-Matrix-animation-output-transform-array" count="608">

0.989036 0.140128 -0.046615 -0.000000 -0.045749 0.590853 0.805481 44.371498 0.140412 -0.794517 0.590785 0.000000 0.000000 0.000000 0.000000 1.000000
0.991005 0.126472 -0.043750 0.000000 -0.039849 0.590965 0.805712 44.371498 0.127755 -0.796722 0.590689 0.000000 0.000000 0.000000 0.000000 1.000000
0.991687 0.127992 -0.013246 0.000000 -0.067429 0.604577 0.793688 44.371498 0.109594 -0.786196 0.608181 0.000000 0.000000 0.000000 0.000000 1.000000
0.987070 0.156285 0.035597 0.000000 -0.128161 0.636147 0.760849 44.371498 0.096264 -0.755574 0.647952 0.000000 0.000000 0.000000 0.000000 1.000000
0.985359 0.167172 0.033492 0.000000 -0.134568 0.641951 0.754845 44.371498 0.104688 -0.748300 0.655048 0.000000 0.000000 0.000000 0.000000 1.000000
0.985567 0.168571 0.015505 0.000000 -0.118408 0.621016 0.774802 44.371498 0.120980 -0.765456 0.632014 0.000000 0.000000 0.000000 0.000000 1.000000
0.985621 0.167796 0.019875 0.000000 -0.117794 0.598010 0.792785 44.371498 0.121141 -0.783727 0.609177 0.000000 0.000000 0.000000 0.000000 1.000000
0.985294 0.168085 0.030712 -0.000000 -0.123248 0.574629 0.809081 44.371498 0.118346 -0.800968 0.586894 -0.000000 0.000000 0.000000 0.000000 1.000000
0.985163 0.167904 0.035523 -0.000000 -0.123943 0.552897 0.823980 44.371498 0.118709 -0.816157 0.565504 0.000000 0.000000 0.000000 0.000000 1.000000
0.985124 0.167542 0.038213 0.000000 -0.123320 0.534389 0.836194 44.371498 0.119677 -0.828467 0.547101 0.000000 0.000000 0.000000 0.000000 1.000000
0.984876 0.167420 0.044605 0.000000 -0.126360 0.517932 0.846037 44.371498 0.118541 -0.838878 0.531254 -0.000000 0.000000 0.000000 0.000000 1.000000
0.984427 0.166762 0.055621 0.000000 -0.133411 0.502668 0.854123 44.371498 0.114476 -0.848242 0.517088 -0.000000 0.000000 0.000000 0.000000 1.000000
0.983890 0.164890 0.069073 0.000000 -0.142303 0.488480 0.860893 44.371498 0.108212 -0.856854 0.504075 -0.000000 0.000000 0.000000 0.000000 1.000000
0.984618 0.156254 0.078185 0.000000 -0.144343 0.475288 0.867909 44.371498 0.098454 -0.865844 0.490531 0.000000 0.000000 0.000000 0.000000 1.000000
0.986727 0.142392 0.078069 0.000000 -0.136220 0.464084 0.875254 44.371498 0.088398 -0.874271 0.477321 -0.000000 0.000000 0.000000 0.000000 1.000000
0.989275 0.127333 0.071561 0.000000 -0.122581 0.457352 0.880797 44.371498 0.079425 -0.880122 0.468056 0.000000 0.000000 0.000000 0.000000 1.000000
0.991520 0.112805 0.064516 0.000000 -0.109381 0.456392 0.883030 44.371498 0.070165 -0.882599 0.464861 0.000000 0.000000 0.000000 0.000000 1.000000
0.993253 0.100159 0.058455 0.000000 -0.098329 0.460117 0.882397 44.371498 0.061484 -0.882191 0.466861 0.000000 0.000000 0.000000 0.000000 1.000000
0.994429 0.091305 0.052668 0.000000 -0.089473 0.467028 0.879704 44.371498 0.055724 -0.879516 0.472595 0.000000 0.000000 0.000000 0.000000 1.000000
0.995152 0.086698 0.046422 0.000000 -0.082324 0.476173 0.875490 44.371498 0.053799 -0.875067 0.481002 -0.000000 0.000000 0.000000 0.000000 1.000000
0.995613 0.086135 0.036548 0.000000 -0.074053 0.486604 0.870478 44.371498 0.057195 -0.869366 0.490848 0.000000 0.000000 0.000000 0.000000 1.000000
0.995806 0.088923 0.021540 0.000000 -0.063100 0.496985 0.865462 44.371498 0.066255 -0.863191 0.500511 0.000000 0.000000 0.000000 0.000000 1.000000
0.995634 0.093189 0.005349 -0.000000 -0.051986 0.506002 0.860964 44.371498 0.077525 -0.857483 0.508638 0.000000 0.000000 0.000000 0.000000 1.000000
0.995178 0.097785 -0.007614 0.000000 -0.043860 0.513115 0.857198 44.371498 0.087728 -0.852731 0.514930 0.000000 0.000000 0.000000 0.000000 1.000000
0.994545 0.103031 -0.016266 0.000000 -0.039825 0.519207 0.853720 44.371498 0.096405 -0.848415 0.520478 0.000000 0.000000 0.000000 0.000000 1.000000
0.993804 0.109070 -0.021404 0.000000 -0.039481 0.526398 0.849321 44.371498 0.103902 -0.843213 0.527443 0.000000 0.000000 0.000000 0.000000 1.000000
0.993069 0.114890 -0.024767 0.000000 -0.040872 0.535170 0.843755 44.371498 0.110193 -0.836895 0.536156 0.000000 0.000000 0.000000 0.000000 1.000000
0.992458 0.119392 -0.027783 0.000000 -0.041891 0.543338 0.838468 44.371498 0.115202 -0.830981 0.544242 0.000000 0.000000 0.000000 0.000000 1.000000
0.991902 0.123217 -0.030804 0.000000 -0.042552 0.550911 0.833478 44.371498 0.119669 -0.825418 0.551693 0.000000 0.000000 0.000000 0.000000 1.000000
0.991361 0.126752 -0.033714 0.000000 -0.043218 0.558376 0.828461 44.371498 0.123835 -0.819847 0.559031 0.000000 0.000000 0.000000 0.000000 1.000000
0.990854 0.129894 -0.036538 -0.000000 -0.043758 0.565467 0.823609 44.371498 0.127643 -0.814478 0.565979 0.000000 0.000000 0.000000 0.000000 1.000000
0.990381 0.132694 -0.039216 0.000000 -0.044221 0.572092 0.818997 44.371498 0.131111 -0.809385 0.572456 0.000000 0.000000 0.000000 0.000000 1.000000
0.989951 0.135143 -0.041642 -0.000000 -0.044646 0.578096 0.814746 44.371498 0.134180 -0.804699 0.578320 0.000000 0.000000 0.000000 0.000000 1.000000
0.989562 0.137290 -0.043792 0.000000 -0.045066 0.583478 0.810878 44.371498 0.136877 -0.800440 0.583575 -0.000000 0.000000 0.000000 0.000000 1.000000
0.989221 0.139150 -0.045602 0.000000 -0.045516 0.588189 0.807442 44.371498 0.139178 -0.796662 0.588182 0.000000 0.000000 0.000000 0.000000 1.000000
0.989056 0.140040 -0.046451 0.000000 -0.045771 0.590522 0.805723 44.371498 0.140263 -0.794778 0.590469 0.000000 0.000000 0.000000 0.000000 1.000000
0.989054 0.140042 -0.046488 0.000000 -0.045780 0.590737 0.805564 44.371498 0.140275 -0.794618 0.590682 -0.000000 0.000000 0.000000 0.000000 1.000000
0.989056 0.140031 -0.046477 0.000000 -0.045795 0.590805 0.805513 44.371498 0.140255 -0.794569 0.590752 0.000000 0.000000 0.000000 0.000000 1.000000</float_array>
        <technique_common>
          <accessor source="#mixamorig_RightLeg-Matrix-animation-output-transform-array" count="38" stride="16">
            <param type="float4x4"/>
          </accessor>
        </technique_common>
      </source>
      <source id="mixamorig_RightLeg-Interpolations">
        <Name_array id="mixamorig_RightLeg-Interpolations-array" count="38">
 LINEAR LINEAR LINEAR LINEAR LINEAR LINEAR LINEAR LINEAR LINEAR LINEAR LINEAR
LINEAR LINEAR LINEAR LINEAR LINEAR LINEAR LINEAR LINEAR LINEAR LINEAR LINEAR LINEAR
LINEAR LINEAR LINEAR LINEAR LINEAR LINEAR LINEAR LINEAR LINEAR LINEAR LINEAR LINEAR
LINEAR LINEAR LINEAR</Name_array>
        <technique_common>
          <accessor source="#mixamorig_RightLeg-Interpolations-array" count="38">
            <param type="name"/>
          </accessor>
        </technique_common>
      </source>
      <sampler id="mixamorig_RightLeg-Matrix-animation-transform">
        <input semantic="INPUT" source="#mixamorig_RightLeg-Matrix-animation-input"/>
        <input semantic="OUTPUT" source="#mixamorig_RightLeg-Matrix-animation-output-transform"/>
        <input semantic="INTERPOLATION" source="#mixamorig_RightLeg-Interpolations"/>
      </sampler>
      <channel source="#mixamorig_RightLeg-Matrix-animation-transform" target="mixamorig_RightLeg/matrix"/>
    </animation>
    <animation id="mixamorig_RightFoot-anim" name="mixamorig_RightFoot">
      <source id="mixamorig_RightFoot-Matrix-animation-input">
        <float_array id="mixamorig_RightFoot-Matrix-animation-input-array" count="38">

0.000000 0.033333 0.066667 0.100000 0.133333 0.166667 0.200000 0.233333 0.266667 0.300000 0.333333 0.366667 0.400000 0.433333 0.466667 0.500000
0.533333 0.566667 0.600000 0.633333 0.666667 0.700000 0.733333 0.766667 0.800000 0.833333 0.866667 0.900000 0.933333 0.966667 1.000000 1.033333
1.066667 1.100000 1.133333 1.166667 1.200000 1.233333</float_array>
        <technique_common>
          <accessor source="#mixamorig_RightFoot-Matrix-animation-input-array" count="38">
            <param name="TIME" type="float"/>
          </accessor>
        </technique_common>
      </source>
      <source id="mixamorig_RightFoot-Matrix-animation-output-transform">
        <float_array id="mixamorig_RightFoot-Matrix-animation-output-transform-array" count="608">

0.962799 -0.126250 0.238911 0.000000 0.266139 0.290011 -0.919273 44.527802 0.046771 0.948659 0.312822 -0.000000 0.000000 0.000000 0.000000 1.000000
0.963060 -0.121636 0.240250 0.000000 0.265461 0.278979 -0.922877 44.527802 0.045230 0.952563 0.300963 0.000000 0.000000 0.000000 0.000000 1.000000
0.955799 -0.130343 0.263550 0.000000 0.289404 0.258846 -0.921545 44.527802 0.051898 0.957084 0.285126 0.000000 0.000000 0.000000 0.000000 1.000000
0.936130 -0.157015 0.314654 0.000000 0.344715 0.232856 -0.909368 44.527802 0.069515 0.959752 0.272109 -0.000000 0.000000 0.000000 0.000000 1.000000
0.927677 -0.166815 0.334047 0.000000 0.365265 0.219905 -0.904557 44.527802 0.077435 0.961153 0.264933 0.000000 0.000000 0.000000 0.000000 1.000000
0.928729 -0.164177 0.332427 0.000000 0.362143 0.209536 -0.908266 44.527802 0.079461 0.963919 0.254058 -0.000000 0.000000 0.000000 0.000000 1.000000
0.928656 -0.163789 0.332822 -0.000000 0.361586 0.199474 -0.910750 44.527802 0.082782 0.966118 0.244466 0.000000 0.000000 0.000000 0.000000 1.000000
0.928737 -0.164244 0.332372 0.000000 0.360824 0.194500 -0.912127 44.527802 0.085165 0.967054 0.239902 -0.000000 0.000000 0.000000 0.000000 1.000000
0.930242 -0.163624 0.328447 0.000000 0.357046 0.197075 -0.913061 44.527802 0.084670 0.966638 0.241748 0.000000 0.000000 0.000000 0.000000 1.000000
0.932541 -0.162102 0.322629 0.000000 0.351667 0.205257 -0.913345 44.527802 0.081833 0.965190 0.248417 -0.000000 0.000000 0.000000 0.000000 1.000000
0.935376 -0.159382 0.315703 0.000000 0.345027 0.215293 -0.913567 44.527802 0.077638 0.963455 0.256371 0.000000 0.000000 0.000000 0.000000 1.000000
0.938649 -0.155266 0.307946 -0.000000 0.336986 0.223035 -0.914711 44.527802 0.073341 0.962366 0.261674 -0.000000 0.000000 0.000000 0.000000 1.000000
0.942226 -0.150340 0.299345 0.000000 0.327585 0.226850 -0.917184 44.527802 0.069983 0.962256 0.262993 0.000000 0.000000 0.000000 0.000000 1.000000
0.947313 -0.142040 0.287093 0.000000 0.313654 0.229599 -0.921361 44.527802 0.064954 0.962865 0.262053 -0.000000 0.000000 0.000000 0.000000 1.000000
0.953857 -0.128720 0.271272 0.000000 0.295110 0.235244 -0.926051 44.527802 0.055386 0.963375 0.262376 -0.000000 0.000000 0.000000 0.000000 1.000000
0.960564 -0.115411 0.252977 0.000000 0.274274 0.243662 -0.930270 44.527802 0.045722 0.962969 0.265707 -0.000000 0.000000 0.000000 0.000000 1.000000
0.966617 -0.107606 0.232536 0.000000 0.252812 0.252863 -0.933888 44.527802 0.041692 0.961499 0.271626 -0.000000 0.000000 0.000000 0.000000 1.000000
0.971934 -0.102170 0.211907 -0.000000 0.231813 0.262490 -0.936676 44.527802 0.040077 0.959510 0.278808 0.000000 0.000000 0.000000 0.000000 1.000000
0.976263 -0.095367 0.194463 0.000000 0.213483 0.272187 -0.938264 44.527802 0.036550 0.957507 0.286085 0.000000 0.000000 0.000000 0.000000 1.000000
0.979311 -0.090023 0.181234 -0.000000 0.199566 0.281302 -0.938639 44.527802 0.033518 0.955387 0.293448 0.000000 0.000000 0.000000 0.000000 1.000000
0.981262 -0.087425 0.171702 -0.000000 0.189936 0.289091 -0.938270 44.527802 0.032391 0.953301 0.300279 0.000000 0.000000 0.000000 0.000000 1.000000
0.982402 -0.085351 0.166135 0.000000 0.184178 0.294794 -0.937643 44.527802 0.031053 0.951741 0.305326 0.000000 0.000000 0.000000 0.000000 1.000000
0.982703 -0.084128 0.164978 -0.000000 0.182779 0.297352 -0.937109 44.527802 0.029781 0.951054 0.307585 -0.000000 0.000000 0.000000 0.000000 1.000000
0.982094 -0.085385 0.167928 0.000000 0.185955 0.296537 -0.936743 44.527802 0.030187 0.951197 0.307105 0.000000 0.000000 0.000000 0.000000 1.000000
0.980632 -0.088937 0.174500 0.000000 0.193221 0.293606 -0.936195 44.527802 0.032029 0.951780 0.305104 -0.000000 0.000000 0.000000 0.000000 1.000000
0.978365 -0.094155 0.184220 -0.000000 0.203981 0.290292 -0.934945 44.527802 0.034552 0.952295 0.303217 0.000000 0.000000 0.000000 0.000000 1.000000
0.975766 -0.099904 0.194680 0.000000 0.215642 0.288024 -0.933028 44.527802 0.037140 0.952398 0.302588 0.000000 0.000000 0.000000 0.000000 1.000000
0.973624 -0.104530 0.202806 -0.000000 0.224784 0.287129 -0.931144 44.527802 0.039101 0.952172 0.303052 0.000000 0.000000 0.000000 0.000000 1.000000
0.971771 -0.108435 0.209528 0.000000 0.232393 0.286869 -0.929355 44.527802 0.040667 0.951813 0.303970 0.000000 0.000000 0.000000 0.000000 1.000000
0.970004 -0.112072 0.215711 0.000000 0.239423 0.286968 -0.927538 44.527802 0.042049 0.951362 0.305193 -0.000000 0.000000 0.000000 0.000000 1.000000
0.968395 -0.115323 0.221159 0.000000 0.245647 0.287328 -0.925797 44.527802 0.043221 0.950864 0.306576 -0.000000 0.000000 0.000000 0.000000 1.000000
0.966931 -0.118234 0.225975 0.000000 0.251177 0.287897 -0.924135 44.527802 0.044207 0.950335 0.308074 0.000000 0.000000 0.000000 0.000000 1.000000
0.965621 -0.120804 0.230181 -0.000000 0.256026 0.288565 -0.922595 44.527802 0.045031 0.949809 0.309573 0.000000 0.000000 0.000000 0.000000 1.000000
0.964445 -0.123076 0.233878 0.000000 0.260299 0.289251 -0.921183 44.527802 0.045726 0.949308 0.311004 -0.000000 0.000000 0.000000 0.000000 1.000000
0.963393 -0.125068 0.237134 0.000000 0.264061 0.289803 -0.919938 44.527802 0.046333 0.948879 0.312220 0.000000 0.000000 0.000000 0.000000 1.000000
0.962867 -0.126091 0.238724 0.000000 0.265910 0.290020 -0.919337 44.527802 0.046685 0.948678 0.312779 0.000000 0.000000 0.000000 0.000000 1.000000
0.962822 -0.126193 0.238851 0.000000 0.266063 0.289988 -0.919303 44.527802 0.046746 0.948674 0.312782 0.000000 0.000000 0.000000 0.000000 1.000000
0.962829 -0.126188 0.238825 -0.000000 0.266039 0.290048 -0.919291 44.527802 0.046732 0.948656 0.312837 0.000000 0.000000 0.000000 0.000000 1.000000</float_array>
        <technique_common>
          <accessor source="#mixamorig_RightFoot-Matrix-animation-output-transform-array" count="38" stride="16">
            <param type="float4x4"/>
          </accessor>
        </technique_common>
      </source>
      <source id="mixamorig_RightFoot-Interpolations">
        <Name_array id="mixamorig_RightFoot-Interpolations-array" count="38">
 LINEAR LINEAR LINEAR LINEAR LINEAR LINEAR LINEAR LINEAR LINEAR LINEAR LINEAR
LINEAR LINEAR LINEAR LINEAR LINEAR LINEAR LINEAR LINEAR LINEAR LINEAR LINEAR LINEAR
LINEAR LINEAR LINEAR LINEAR LINEAR LINEAR LINEAR LINEAR LINEAR LINEAR LINEAR LINEAR
LINEAR LINEAR LINEAR</Name_array>
        <technique_common>
          <accessor source="#mixamorig_RightFoot-Interpolations-array" count="38">
            <param type="name"/>
          </accessor>
        </technique_common>
      </source>
      <sampler id="mixamorig_RightFoot-Matrix-animation-transform">
        <input semantic="INPUT" source="#mixamorig_RightFoot-Matrix-animation-input"/>
        <input semantic="OUTPUT" source="#mixamorig_RightFoot-Matrix-animation-output-transform"/>
        <input semantic="INTERPOLATION" source="#mixamorig_RightFoot-Interpolations"/>
      </sampler>
      <channel source="#mixamorig_RightFoot-Matrix-animation-transform" target="mixamorig_RightFoot/matrix"/>
    </animation>
    <animation id="mixamorig_RightToeBase-anim" name="mixamorig_RightToeBase">
      <source id="mixamorig_RightToeBase-Matrix-animation-input">
        <float_array id="mixamorig_RightToeBase-Matrix-animation-input-array" count="38">

0.000000 0.033333 0.066667 0.100000 0.133333 0.166667 0.200000 0.233333 0.266667 0.300000 0.333333 0.366667 0.400000 0.433333 0.466667 0.500000
0.533333 0.566667 0.600000 0.633333 0.666667 0.700000 0.733333 0.766667 0.800000 0.833333 0.866667 0.900000 0.933333 0.966667 1.000000 1.033333
1.066667 1.100000 1.133333 1.166667 1.200000 1.233333</float_array>
        <technique_common>
          <accessor source="#mixamorig_RightToeBase-Matrix-animation-input-array" count="38">
            <param name="TIME" type="float"/>
          </accessor>
        </technique_common>
      </source>
      <source id="mixamorig_RightToeBase-Matrix-animation-output-transform">
        <float_array id="mixamorig_RightToeBase-Matrix-animation-output-transform-array" count="608">

1.000000 -0.000000 0.000000 0.000000 0.000000 0.749540 -0.661959 13.816900 0.000000 0.661959 0.749540 0.000000 0.000000 0.000000 0.000000 1.000000
1.000000 0.000000 0.000366 0.000000 0.000243 0.748511 -0.663123 13.816900 -0.000274 0.663123 0.748511 0.000000 0.000000 0.000000 0.000000 1.000000
1.000000 0.000000 0.000932 0.000000 0.000620 0.746829 -0.665016 13.816900 -0.000696 0.665016 0.746828 -0.000000 0.000000 0.000000 0.000000 1.000000
1.000000 0.000000 0.000000 0.000000 -0.000000 0.742079 -0.670313 13.816900 -0.000000 0.670313 0.742079 -0.000000 0.000000 0.000000 0.000000 1.000000
1.000000 -0.000000 0.000000 0.000000 0.000000 0.737853 -0.674961 13.816900 0.000000 0.674961 0.737853 0.000000 0.000000 0.000000 0.000000 1.000000
1.000000 -0.000000 0.000000 -0.000000 0.000000 0.735853 -0.677141 13.816900 0.000000 0.677141 0.735853 -0.000000 0.000000 0.000000 0.000000 1.000000
1.000000 0.000000 -0.000000 0.000000 -0.000000 0.733311 -0.679894 13.816900 -0.000000 0.679894 0.733311 0.000000 0.000000 0.000000 0.000000 1.000000
1.000000 0.000000 0.000000 0.000000 -0.000000 0.729111 -0.684396 13.816900 -0.000000 0.684396 0.729111 0.000000 0.000000 0.000000 0.000000 1.000000
1.000000 -0.000000 -0.000000 0.000000 -0.000000 0.725950 -0.687747 13.816900 0.000000 0.687747 0.725950 0.000000 0.000000 0.000000 0.000000 1.000000
1.000000 -0.000000 -0.000000 -0.000000 -0.000000 0.721005 -0.692930 13.816900 0.000000 0.692930 0.721005 0.000000 0.000000 0.000000 0.000000 1.000000
1.000000 0.000000 0.000000 0.000000 -0.000000 0.716958 -0.697116 13.816900 -0.000000 0.697116 0.716958 -0.000000 0.000000 0.000000 0.000000 1.000000
1.000000 -0.000000 -0.000000 0.000000 0.000000 0.716908 -0.697168 13.816900 0.000000 0.697168 0.716908 0.000000 0.000000 0.000000 0.000000 1.000000
1.000000 0.000000 0.000000 0.000000 -0.000000 0.720910 -0.693028 13.816900 -0.000000 0.693028 0.720910 0.000000 0.000000 0.000000 0.000000 1.000000
1.000000 -0.000001 -0.000000 -0.000000 0.000000 0.726008 -0.687686 13.816900 0.000001 0.687686 0.726008 0.000000 0.000000 0.000000 0.000000 1.000000
1.000000 0.000000 0.000000 0.000000 -0.000000 0.729617 -0.683856 13.816900 -0.000000 0.683856 0.729617 0.000000 0.000000 0.000000 0.000000 1.000000
1.000000 -0.000000 0.000000 -0.000000 0.000000 0.738865 -0.673853 13.816900 0.000000 0.673853 0.738865 0.000000 0.000000 0.000000 0.000000 1.000000
1.000000 0.000000 0.000000 0.000000 -0.000000 0.744893 -0.667184 13.816900 -0.000000 0.667184 0.744893 -0.000000 0.000000 0.000000 0.000000 1.000000
1.000000 -0.000000 0.000000 0.000000 0.000000 0.747723 -0.664010 13.816900 -0.000000 0.664010 0.747723 0.000000 0.000000 0.000000 0.000000 1.000000
1.000000 0.000000 0.000000 0.000000 -0.000000 0.747577 -0.664175 13.816900 -0.000000 0.664175 0.747577 0.000000 0.000000 0.000000 0.000000 1.000000
1.000000 0.000001 0.000000 0.000000 -0.000000 0.746623 -0.665248 13.816900 -0.000001 0.665248 0.746623 -0.000000 0.000000 0.000000 0.000000 1.000000
1.000000 -0.000000 -0.000000 0.000000 0.000000 0.745674 -0.666311 13.816900 0.000000 0.666311 0.745674 -0.000000 0.000000 0.000000 0.000000 1.000000
1.000000 0.000000 0.000000 -0.000000 -0.000000 0.744331 -0.667811 13.816900 -0.000000 0.667811 0.744331 0.000000 0.000000 0.000000 0.000000 1.000000
1.000000 0.000001 -0.000000 0.000000 -0.000001 0.743040 -0.669247 13.816900 -0.000000 0.669247 0.743040 0.000000 0.000000 0.000000 0.000000 1.000000
1.000000 0.000001 0.000000 0.000000 -0.000001 0.742788 -0.669526 13.816900 -0.000001 0.669526 0.742788 0.000000 0.000000 0.000000 0.000000 1.000000
1.000000 0.000000 0.000000 0.000000 -0.000000 0.743880 -0.668314 13.816900 -0.000000 0.668314 0.743880 0.000000 0.000000 0.000000 0.000000 1.000000
1.000000 0.000001 -0.000000 0.000000 -0.000001 0.745992 -0.665954 13.816900 -0.000000 0.665954 0.745992 0.000000 0.000000 0.000000 0.000000 1.000000
1.000000 -0.000000 -0.000000 0.000000 0.000000 0.748171 -0.663506 13.816900 0.000000 0.663506 0.748171 0.000000 0.000000 0.000000 0.000000 1.000000
1.000000 0.000001 -0.000000 -0.000000 -0.000000 0.749352 -0.662172 13.816900 -0.000000 0.662172 0.749352 0.000000 0.000000 0.000000 0.000000 1.000000
1.000000 0.000001 0.000000 0.000000 -0.000000 0.749915 -0.661534 13.816900 -0.000000 0.661534 0.749915 -0.000000 0.000000 0.000000 0.000000 1.000000
1.000000 -0.000000 -0.000000 0.000000 0.000000 0.750225 -0.661183 13.816900 0.000000 0.661183 0.750225 0.000000 0.000000 0.000000 0.000000 1.000000
1.000000 0.000000 -0.000000 0.000000 -0.000000 0.750173 -0.661242 13.816900 -0.000000 0.661242 0.750173 0.000000 0.000000 0.000000 0.000000 1.000000
1.000000 0.000000 -0.000000 0.000000 -0.000000 0.750032 -0.661402 13.816900 -0.000000 0.661402 0.750032 0.000000 0.000000 0.000000 0.000000 1.000000
1.000000 0.000001 -0.000000 0.000000 -0.000001 0.749844 -0.661615 13.816900 -0.000001 0.661615 0.749844 -0.000000 0.000000 0.000000 0.000000 1.000000
1.000000 -0.000001 -0.000000 0.000000 0.000001 0.749633 -0.661854 13.816900 0.000001 0.661854 0.749633 0.000000 0.000000 0.000000 0.000000 1.000000
1.000000 -0.000000 -0.000000 0.000000 0.000000 0.749580 -0.661914 13.816900 0.000000 0.661914 0.749580 0.000000 0.000000 0.000000 0.000000 1.000000
1.000000 -0.000000 -0.000000 0.000000 0.000000 0.749580 -0.661914 13.816900 0.000000 0.661914 0.749580 0.000000 0.000000 0.000000 0.000000 1.000000
1.000000 0.000000 0.000000 0.000000 -0.000000 0.749580 -0.661914 13.816900 -0.000000 0.661914 0.749580 -0.000000 0.000000 0.000000 0.000000 1.000000
1.000000 -0.000000 0.000000 0.000000 0.000000 0.749579 -0.661914 13.816900 0.000000 0.661914 0.749579 0.000000 0.000000 0.000000 0.000000 1.000000</float_array>
        <technique_common>
          <accessor source="#mixamorig_RightToeBase-Matrix-animation-output-transform-array" count="38" stride="16">
            <param type="float4x4"/>
          </accessor>
        </technique_common>
      </source>
      <source id="mixamorig_RightToeBase-Interpolations">
        <Name_array id="mixamorig_RightToeBase-Interpolations-array" count="38">
 LINEAR LINEAR LINEAR LINEAR LINEAR LINEAR LINEAR LINEAR LINEAR LINEAR LINEAR
LINEAR LINEAR LINEAR LINEAR LINEAR LINEAR LINEAR LINEAR LINEAR LINEAR LINEAR LINEAR
LINEAR LINEAR LINEAR LINEAR LINEAR LINEAR LINEAR LINEAR LINEAR LINEAR LINEAR LINEAR
LINEAR LINEAR LINEAR</Name_array>
        <technique_common>
          <accessor source="#mixamorig_RightToeBase-Interpolations-array" count="38">
            <param type="name"/>
          </accessor>
        </technique_common>
      </source>
      <sampler id="mixamorig_RightToeBase-Matrix-animation-transform">
        <input semantic="INPUT" source="#mixamorig_RightToeBase-Matrix-animation-input"/>
        <input semantic="OUTPUT" source="#mixamorig_RightToeBase-Matrix-animation-output-transform"/>
        <input semantic="INTERPOLATION" source="#mixamorig_RightToeBase-Interpolations"/>
      </sampler>
      <channel source="#mixamorig_RightToeBase-Matrix-animation-transform" target="mixamorig_RightToeBase/matrix"/>
    </animation>
    <animation id="mixamorig_LeftUpLeg-anim" name="mixamorig_LeftUpLeg">
      <source id="mixamorig_LeftUpLeg-Matrix-animation-input">
        <float_array id="mixamorig_LeftUpLeg-Matrix-animation-input-array" count="38">

0.000000 0.033333 0.066667 0.100000 0.133333 0.166667 0.200000 0.233333 0.266667 0.300000 0.333333 0.366667 0.400000 0.433333 0.466667 0.500000
0.533333 0.566667 0.600000 0.633333 0.666667 0.700000 0.733333 0.766667 0.800000 0.833333 0.866667 0.900000 0.933333 0.966667 1.000000 1.033333
1.066667 1.100000 1.133333 1.166667 1.200000 1.233333</float_array>
        <technique_common>
          <accessor source="#mixamorig_LeftUpLeg-Matrix-animation-input-array" count="38">
            <param name="TIME" type="float"/>
          </accessor>
        </technique_common>
      </source>
      <source id="mixamorig_LeftUpLeg-Matrix-animation-output-transform">
        <float_array id="mixamorig_LeftUpLeg-Matrix-animation-output-transform-array" count="608">

-0.913108 0.306462 0.268913 8.207800 -0.181310 -0.895968 0.405424 -6.771800 0.365184 0.321440 0.873680 -1.512200 0.000000 0.000000 0.000000 1.000000
-0.922584 0.285657 0.259306 8.207800 -0.163927 -0.898695 0.406786 -6.771800 0.349238 0.332787 0.875948 -1.512200 0.000000 0.000000 0.000000 1.000000
-0.935994 0.238839 0.258595 8.207800 -0.132068 -0.919211 0.370958 -6.771800 0.326303 0.313062 0.891918 -1.512200 0.000000 0.000000 0.000000 1.000000
-0.949257 0.154822 0.273755 8.207800 -0.076920 -0.958294 0.275237 -6.771800 0.304951 0.240214 0.921576 -1.512200 0.000000 0.000000 0.000000 1.000000
-0.951727 0.113390 0.285233 8.207800 -0.047648 -0.972577 0.227648 -6.771800 0.303224 0.203068 0.931031 -1.512200 0.000000 0.000000 0.000000 1.000000
-0.952464 0.104582 0.286139 8.207800 -0.037208 -0.972134 0.231456 -6.771800 0.302371 0.209807 0.929813 -1.512200 0.000000 0.000000 0.000000 1.000000
-0.954160 0.094598 0.283955 8.207800 -0.026457 -0.971681 0.234811 -6.771800 0.298127 0.216534 0.929642 -1.512200 0.000000 0.000000 0.000000 1.000000
-0.955277 0.089103 0.281968 8.207800 -0.020579 -0.971244 0.237196 -6.771800 0.294995 0.220785 0.929641 -1.512200 0.000000 0.000000 0.000000 1.000000
-0.955633 0.090176 0.280417 8.207800 -0.020594 -0.970112 0.241784 -6.771800 0.293839 0.225282 0.928928 -1.512200 0.000000 0.000000 0.000000 1.000000
-0.955857 0.094694 0.278155 8.207800 -0.022779 -0.967679 0.251155 -6.771800 0.292948 0.233732 0.927120 -1.512200 0.000000 0.000000 0.000000 1.000000
-0.956035 0.101360 0.275178 8.207800 -0.025020 -0.963138 0.267840 -6.771800 0.292183 0.249180 0.923330 -1.512200 0.000000 0.000000 0.000000 1.000000
-0.956014 0.109929 0.271941 8.207800 -0.027447 -0.956574 0.290195 -6.771800 0.292033 0.269967 0.917515 -1.512200 0.000000 0.000000 0.000000 1.000000
-0.955958 0.120693 0.267539 8.207800 -0.031203 -0.948165 0.316243 -6.771800 0.291840 0.293967 0.910172 -1.512200 0.000000 0.000000 0.000000 1.000000
-0.955805 0.135250 0.261045 8.207800 -0.038110 -0.937407 0.346144 -6.771800 0.291521 0.320898 0.901133 -1.512200 0.000000 0.000000 0.000000 1.000000
-0.955037 0.154193 0.253238 8.207800 -0.049224 -0.924733 0.377421 -6.771800 0.292373 0.347986 0.890743 -1.512200 0.000000 0.000000 0.000000 1.000000
-0.953265 0.175639 0.245841 8.207800 -0.063775 -0.912311 0.404502 -6.771800 0.295329 0.369919 0.880875 -1.512200 0.000000 0.000000 0.000000 1.000000
-0.950062 0.199523 0.239941 8.207800 -0.081920 -0.901392 0.425185 -6.771800 0.301115 0.384296 0.872723 -1.512200 0.000000 0.000000 0.000000 1.000000
-0.944615 0.227888 0.236154 8.207800 -0.104821 -0.891405 0.440919 -6.771800 0.310989 0.391745 0.865922 -1.512200 0.000000 0.000000 0.000000 1.000000
-0.936898 0.258625 0.235233 8.207800 -0.130292 -0.882690 0.451534 -6.771800 0.324416 0.392392 0.860687 -1.512200 0.000000 0.000000 0.000000 1.000000
-0.928272 0.286544 0.237072 8.207800 -0.154219 -0.876653 0.455736 -6.771800 0.338418 0.386486 0.857964 -1.512200 0.000000 0.000000 0.000000 1.000000
-0.919975 0.309588 0.240420 8.207800 -0.174903 -0.873123 0.455045 -6.771800 0.350793 0.376580 0.857398 -1.512200 0.000000 0.000000 0.000000 1.000000
-0.912468 0.328403 0.244038 8.207800 -0.192296 -0.870688 0.452687 -6.771800 0.361144 0.366134 0.857625 -1.512200 0.000000 0.000000 0.000000 1.000000
-0.906524 0.342029 0.247447 8.207800 -0.204991 -0.869054 0.450248 -6.771800 0.369043 0.357437 0.857932 -1.512200 0.000000 0.000000 0.000000 1.000000
-0.903030 0.348882 0.250635 8.207800 -0.211588 -0.868999 0.447293 -6.771800 0.373854 0.350888 0.858551 -1.512200 0.000000 0.000000 0.000000 1.000000
-0.901934 0.349406 0.253830 8.207800 -0.212697 -0.870900 0.443050 -6.771800 0.375865 0.345613 0.859812 -1.512200 0.000000 0.000000 0.000000 1.000000
-0.902212 0.346062 0.257401 8.207800 -0.210510 -0.874230 0.437501 -6.771800 0.376430 0.340533 0.861590 -1.512200 0.000000 0.000000 0.000000 1.000000
-0.902980 0.341395 0.260915 8.207800 -0.207204 -0.877929 0.431634 -6.771800 0.376422 0.335694 0.863490 -1.512200 0.000000 0.000000 0.000000 1.000000
-0.904056 0.336754 0.263209 8.207800 -0.203855 -0.880991 0.426964 -6.771800 0.375667 0.332343 0.865114 -1.512200 0.000000 0.000000 0.000000 1.000000
-0.905320 0.332129 0.264738 8.207800 -0.200481 -0.883661 0.423025 -6.771800 0.374437 0.329898 0.866582 -1.512200 0.000000 0.000000 0.000000 1.000000
-0.906666 0.327444 0.265964 8.207800 -0.197021 -0.886173 0.419380 -6.771800 0.373014 0.327837 0.867977 -1.512200 0.000000 0.000000 0.000000 1.000000
-0.908055 0.322877 0.266810 8.207800 -0.193618 -0.888433 0.416171 -6.771800 0.371415 0.326246 0.869261 -1.512200 0.000000 0.000000 0.000000 1.000000
-0.909406 0.318532 0.267428 8.207800 -0.190382 -0.890492 0.413254 -6.771800 0.369777 0.324902 0.870462 -1.512200 0.000000 0.000000 0.000000 1.000000
-0.910618 0.314590 0.267968 8.207800 -0.187384 -0.892284 0.410751 -6.771800 0.368322 0.323824 0.871480 -1.512200 0.000000 0.000000 0.000000 1.000000
-0.911682 0.311086 0.268442 8.207800 -0.184708 -0.893854 0.408543 -6.771800 0.367040 0.322878 0.872371 -1.512200 0.000000 0.000000 0.000000 1.000000
-0.912571 0.308108 0.268855 8.207800 -0.182486 -0.895230 0.406524 -6.771800 0.365941 0.321920 0.873187 -1.512200 0.000000 0.000000 0.000000 1.000000
-0.912990 0.306705 0.269039 8.207800 -0.181454 -0.895885 0.405542 -6.771800 0.365410 0.321438 0.873587 -1.512200 0.000000 0.000000 0.000000 1.000000
-0.913024 0.306598 0.269045 8.207800 -0.181384 -0.895939 0.405454 -6.771800 0.365359 0.321389 0.873626 -1.512200 0.000000 0.000000 0.000000 1.000000
-0.913035 0.306540 0.269073 8.207800 -0.181334 -0.895967 0.405414 -6.771800 0.365356 0.321365 0.873636 -1.512200 0.000000 0.000000 0.000000 1.000000</float_array>
        <technique_common>
          <accessor source="#mixamorig_LeftUpLeg-Matrix-animation-output-transform-array" count="38" stride="16">
            <param type="float4x4"/>
          </accessor>
        </technique_common>
      </source>
      <source id="mixamorig_LeftUpLeg-Interpolations">
        <Name_array id="mixamorig_LeftUpLeg-Interpolations-array" count="38">
 LINEAR LINEAR LINEAR LINEAR LINEAR LINEAR LINEAR LINEAR LINEAR LINEAR LINEAR
LINEAR LINEAR LINEAR LINEAR LINEAR LINEAR LINEAR LINEAR LINEAR LINEAR LINEAR LINEAR
LINEAR LINEAR LINEAR LINEAR LINEAR LINEAR LINEAR LINEAR LINEAR LINEAR LINEAR LINEAR
LINEAR LINEAR LINEAR</Name_array>
        <technique_common>
          <accessor source="#mixamorig_LeftUpLeg-Interpolations-array" count="38">
            <param type="name"/>
          </accessor>
        </technique_common>
      </source>
      <sampler id="mixamorig_LeftUpLeg-Matrix-animation-transform">
        <input semantic="INPUT" source="#mixamorig_LeftUpLeg-Matrix-animation-input"/>
        <input semantic="OUTPUT" source="#mixamorig_LeftUpLeg-Matrix-animation-output-transform"/>
        <input semantic="INTERPOLATION" source="#mixamorig_LeftUpLeg-Interpolations"/>
      </sampler>
      <channel source="#mixamorig_LeftUpLeg-Matrix-animation-transform" target="mixamorig_LeftUpLeg/matrix"/>
    </animation>
    <animation id="mixamorig_LeftLeg-anim" name="mixamorig_LeftLeg">
      <source id="mixamorig_LeftLeg-Matrix-animation-input">
        <float_array id="mixamorig_LeftLeg-Matrix-animation-input-array" count="38">

0.000000 0.033333 0.066667 0.100000 0.133333 0.166667 0.200000 0.233333 0.266667 0.300000 0.333333 0.366667 0.400000 0.433333 0.466667 0.500000
0.533333 0.566667 0.600000 0.633333 0.666667 0.700000 0.733333 0.766667 0.800000 0.833333 0.866667 0.900000 0.933333 0.966667 1.000000 1.033333
1.066667 1.100000 1.133333 1.166667 1.200000 1.233333</float_array>
        <technique_common>
          <accessor source="#mixamorig_LeftLeg-Matrix-animation-input-array" count="38">
            <param name="TIME" type="float"/>
          </accessor>
        </technique_common>
      </source>
      <source id="mixamorig_LeftLeg-Matrix-animation-output-transform">
        <float_array id="mixamorig_LeftLeg-Matrix-animation-output-transform-array" count="608">

0.997765 0.009201 0.066180 0.000000 -0.052963 0.712767 0.699398 44.371399 -0.040736 -0.701340 0.711662 0.000000 0.000000 0.000000 0.000000 1.000000
0.996898 -0.002899 0.078649 0.000000 -0.053245 0.711066 0.701106 44.371399 -0.057957 -0.703119 0.708706 0.000000 0.000000 0.000000 0.000000 1.000000
0.994379 -0.014120 0.104938 -0.000000 -0.063147 0.716447 0.694777 44.371399 -0.084993 -0.697498 0.711528 0.000000 0.000000 0.000000 0.000000 1.000000
0.989041 -0.010938 0.147232 0.000000 -0.093304 0.726545 0.680755 44.371399 -0.114417 -0.687032 0.717563 0.000000 0.000000 0.000000 0.000000 1.000000
0.986337 0.001824 0.164730 0.000000 -0.115133 0.722835 0.681362 44.371399 -0.117830 -0.691019 0.713168 -0.000000 0.000000 0.000000 0.000000 1.000000
0.986908 0.009349 0.161016 0.000000 -0.120209 0.708236 0.695666 44.371399 -0.107533 -0.705914 0.700087 0.000000 0.000000 0.000000 0.000000 1.000000
0.987298 0.011550 0.158457 0.000000 -0.121716 0.696006 0.707644 44.371399 -0.102114 -0.717943 0.688572 0.000000 0.000000 0.000000 0.000000 1.000000
0.987437 0.011176 0.157620 -0.000000 -0.121939 0.688301 0.715103 44.371399 -0.100498 -0.725339 0.681017 0.000000 0.000000 0.000000 0.000000 1.000000
0.987541 0.008962 0.157109 -0.000000 -0.120349 0.686256 0.717335 44.371399 -0.101389 -0.727305 0.678784 0.000000 0.000000 0.000000 0.000000 1.000000
0.987761 0.005793 0.155866 0.000000 -0.116819 0.689625 0.714682 44.371399 -0.103349 -0.724143 0.681862 -0.000000 0.000000 0.000000 0.000000 1.000000
0.988128 0.003493 0.153596 -0.000000 -0.112441 0.697712 0.707499 44.371399 -0.104694 -0.716369 0.689822 0.000000 0.000000 0.000000 0.000000 1.000000
0.988408 0.002747 0.151798 0.000000 -0.108833 0.709939 0.695803 44.371399 -0.105857 -0.704257 0.702009 0.000000 0.000000 0.000000 0.000000 1.000000
0.988322 0.002019 0.152365 0.000000 -0.106467 0.724501 0.681002 44.371399 -0.109013 -0.689271 0.716255 0.000000 0.000000 0.000000 0.000000 1.000000
0.988106 0.000030 0.153777 0.000000 -0.103652 0.738827 0.665876 44.371399 -0.113594 -0.673895 0.730042 -0.000000 0.000000 0.000000 0.000000 1.000000
0.988557 -0.002802 0.150823 0.000000 -0.097338 0.751977 0.651963 44.371399 -0.115243 -0.659184 0.743099 0.000000 0.000000 0.000000 0.000000 1.000000
0.989925 -0.006182 0.141457 -0.000000 -0.086476 0.764678 0.638583 44.371399 -0.112117 -0.644382 0.756440 0.000000 0.000000 0.000000 0.000000 1.000000
0.991483 -0.010805 0.129790 0.000000 -0.073458 0.776519 0.625797 44.371399 -0.107546 -0.630001 0.769111 0.000000 0.000000 0.000000 0.000000 1.000000
0.992635 -0.016442 0.120021 -0.000000 -0.061391 0.785828 0.615391 44.371399 -0.104434 -0.618227 0.779031 0.000000 0.000000 0.000000 0.000000 1.000000
0.993403 -0.021257 0.112688 0.000000 -0.051972 0.792501 0.607652 44.371399 -0.102222 -0.609500 0.786168 -0.000000 0.000000 0.000000 0.000000 1.000000
0.994123 -0.023909 0.105582 0.000000 -0.044711 0.797556 0.601586 44.371399 -0.098591 -0.602771 0.791800 0.000000 0.000000 0.000000 0.000000 1.000000
0.995129 -0.024580 0.095470 0.000000 -0.037789 0.799337 0.599693 44.371399 -0.091054 -0.600380 0.794514 0.000000 0.000000 0.000000 0.000000 1.000000
0.996266 -0.023879 0.082968 0.000000 -0.031301 0.795703 0.604878 44.371399 -0.080462 -0.605217 0.791984 -0.000000 0.000000 0.000000 0.000000 1.000000
0.997081 -0.021997 0.073119 -0.000000 -0.027826 0.787078 0.616225 44.371399 -0.071106 -0.616461 0.784168 0.000000 0.000000 0.000000 0.000000 1.000000
0.997429 -0.018911 0.069126 0.000000 -0.028975 0.775798 0.630316 44.371399 -0.065548 -0.630698 0.773255 0.000000 0.000000 0.000000 0.000000 1.000000
0.997445 -0.014831 0.069876 -0.000000 -0.033771 0.764076 0.644242 44.371399 -0.062945 -0.644956 0.761623 0.000000 0.000000 0.000000 0.000000 1.000000
0.997232 -0.010206 0.073643 0.000000 -0.040813 0.752799 0.656983 44.371399 -0.062143 -0.658171 0.750300 -0.000000 0.000000 0.000000 0.000000 1.000000
0.996960 -0.005927 0.077689 0.000000 -0.047594 0.743129 0.667453 44.371399 -0.061690 -0.669122 0.740588 0.000000 0.000000 0.000000 0.000000 1.000000
0.996877 -0.002860 0.078924 0.000000 -0.051291 0.736458 0.674536 44.371399 -0.060053 -0.676477 0.734011 -0.000000 0.000000 0.000000 0.000000 1.000000
0.996923 -0.000426 0.078391 0.000000 -0.053153 0.731336 0.679943 44.371399 -0.057620 -0.682017 0.729063 0.000000 0.000000 0.000000 0.000000 1.000000
0.997015 0.001736 0.077189 0.000000 -0.054263 0.726943 0.684550 44.371399 -0.054923 -0.686696 0.724867 -0.000000 0.000000 0.000000 0.000000 1.000000
0.997157 0.003575 0.075262 0.000000 -0.054545 0.723349 0.688324 44.371399 -0.051980 -0.690473 0.721488 0.000000 0.000000 0.000000 0.000000 1.000000
0.997319 0.005151 0.073000 0.000000 -0.054332 0.720377 0.691451 44.371399 -0.049026 -0.693564 0.718725 0.000000 0.000000 0.000000 0.000000 1.000000
0.997470 0.006485 0.070795 0.000000 -0.053926 0.717924 0.694030 44.371399 -0.046325 -0.696091 0.716457 -0.000000 0.000000 0.000000 0.000000 1.000000
0.997600 0.007642 0.068814 0.000000 -0.053509 0.715824 0.696228 44.371399 -0.043938 -0.698239 0.714515 0.000000 0.000000 0.000000 0.000000 1.000000
0.997697 0.008675 0.067273 -0.000000 -0.053284 0.713951 0.698165 44.371399 -0.041972 -0.700142 0.712769 0.000000 0.000000 0.000000 0.000000 1.000000
0.997739 0.009118 0.066588 0.000000 -0.053179 0.712957 0.699188 44.371399 -0.041100 -0.701148 0.711830 0.000000 0.000000 0.000000 0.000000 1.000000
0.997739 0.009117 0.066593 0.000000 -0.053188 0.712843 0.699304 44.371399 -0.041095 -0.701264 0.711716 0.000000 0.000000 0.000000 0.000000 1.000000
0.997739 0.009119 0.066586 -0.000000 -0.053189 0.712771 0.699378 44.371399 -0.041083 -0.701338 0.711644 -0.000000 0.000000 0.000000 0.000000 1.000000</float_array>
        <technique_common>
          <accessor source="#mixamorig_LeftLeg-Matrix-animation-output-transform-array" count="38" stride="16">
            <param type="float4x4"/>
          </accessor>
        </technique_common>
      </source>
      <source id="mixamorig_LeftLeg-Interpolations">
        <Name_array id="mixamorig_LeftLeg-Interpolations-array" count="38">
 LINEAR LINEAR LINEAR LINEAR LINEAR LINEAR LINEAR LINEAR LINEAR LINEAR LINEAR
LINEAR LINEAR LINEAR LINEAR LINEAR LINEAR LINEAR LINEAR LINEAR LINEAR LINEAR LINEAR
LINEAR LINEAR LINEAR LINEAR LINEAR LINEAR LINEAR LINEAR LINEAR LINEAR LINEAR LINEAR
LINEAR LINEAR LINEAR</Name_array>
        <technique_common>
          <accessor source="#mixamorig_LeftLeg-Interpolations-array" count="38">
            <param type="name"/>
          </accessor>
        </technique_common>
      </source>
      <sampler id="mixamorig_LeftLeg-Matrix-animation-transform">
        <input semantic="INPUT" source="#mixamorig_LeftLeg-Matrix-animation-input"/>
        <input semantic="OUTPUT" source="#mixamorig_LeftLeg-Matrix-animation-output-transform"/>
        <input semantic="INTERPOLATION" source="#mixamorig_LeftLeg-Interpolations"/>
      </sampler>
      <channel source="#mixamorig_LeftLeg-Matrix-animation-transform" target="mixamorig_LeftLeg/matrix"/>
    </animation>
    <animation id="mixamorig_LeftFoot-anim" name="mixamorig_LeftFoot">
      <source id="mixamorig_LeftFoot-Matrix-animation-input">
        <float_array id="mixamorig_LeftFoot-Matrix-animation-input-array" count="38">

0.000000 0.033333 0.066667 0.100000 0.133333 0.166667 0.200000 0.233333 0.266667 0.300000 0.333333 0.366667 0.400000 0.433333 0.466667 0.500000
0.533333 0.566667 0.600000 0.633333 0.666667 0.700000 0.733333 0.766667 0.800000 0.833333 0.866667 0.900000 0.933333 0.966667 1.000000 1.033333
1.066667 1.100000 1.133333 1.166667 1.200000 1.233333</float_array>
        <technique_common>
          <accessor source="#mixamorig_LeftFoot-Matrix-animation-input-array" count="38">
            <param name="TIME" type="float"/>
          </accessor>
        </technique_common>
      </source>
      <source id="mixamorig_LeftFoot-Matrix-animation-output-transform">
        <float_array id="mixamorig_LeftFoot-Matrix-animation-output-transform-array" count="608">

0.973104 0.127104 -0.192128 0.000000 -0.229486 0.462006 -0.856672 44.527802 -0.020122 0.877722 0.478748 0.000000 0.000000 0.000000 0.000000 1.000000
0.973401 0.125518 -0.191665 0.000000 -0.228184 0.456085 -0.860185 44.527802 -0.020553 0.881040 0.472594 0.000000 0.000000 0.000000 0.000000 1.000000
0.975841 0.118330 -0.183662 -0.000000 -0.217440 0.444064 -0.869211 44.527802 -0.021296 0.888147 0.459065 0.000000 0.000000 0.000000 0.000000 1.000000
0.982607 0.097458 -0.158070 0.000000 -0.184592 0.419774 -0.888659 44.527802 -0.020253 0.902381 0.430463 0.000000 0.000000 0.000000 0.000000 1.000000
0.986195 0.085752 -0.141653 -0.000000 -0.164414 0.405462 -0.899204 44.527802 -0.019674 0.910081 0.413964 0.000000 0.000000 0.000000 0.000000 1.000000
0.986858 0.087036 -0.136147 0.000000 -0.159784 0.400004 -0.902478 44.527802 -0.024088 0.912372 0.408654 0.000000 0.000000 0.000000 0.000000 1.000000
0.987327 0.090761 -0.130180 0.000000 -0.155835 0.399432 -0.903421 44.527802 -0.029998 0.912259 0.408514 0.000000 0.000000 0.000000 0.000000 1.000000
0.987078 0.095274 -0.128839 0.000000 -0.156706 0.406040 -0.900319 44.527802 -0.033464 0.908875 0.415723 -0.000000 0.000000 0.000000 0.000000 1.000000
0.985970 0.099843 -0.133770 -0.000000 -0.163639 0.419959 -0.892668 44.527802 -0.032949 0.902034 0.430406 0.000000 0.000000 0.000000 0.000000 1.000000
0.984472 0.105050 -0.140640 0.000000 -0.172885 0.441324 -0.880536 44.527802 -0.030432 0.891178 0.452632 0.000000 0.000000 0.000000 0.000000 1.000000
0.982805 0.112598 -0.146345 0.000000 -0.182414 0.469133 -0.864083 44.527802 -0.028638 0.875920 0.481605 0.000000 0.000000 0.000000 0.000000 1.000000
0.981020 0.121266 -0.151308 0.000000 -0.191990 0.498047 -0.845629 44.527802 -0.027188 0.858629 0.511876 -0.000000 0.000000 0.000000 0.000000 1.000000
0.978954 0.128110 -0.158861 0.000000 -0.202775 0.522672 -0.828068 44.527802 -0.023052 0.842853 0.537649 -0.000000 0.000000 0.000000 0.000000 1.000000
0.976358 0.132642 -0.170678 0.000000 -0.215615 0.541645 -0.812485 44.527802 -0.015323 0.830077 0.557439 0.000000 0.000000 0.000000 0.000000 1.000000
0.973737 0.136669 -0.182094 0.000000 -0.227523 0.554741 -0.800310 44.527802 -0.008362 0.820722 0.571267 -0.000000 0.000000 0.000000 0.000000 1.000000
0.971540 0.142119 -0.189503 0.000000 -0.236799 0.562608 -0.792085 44.527802 -0.005954 0.814417 0.580250 -0.000000 0.000000 0.000000 0.000000 1.000000
0.968565 0.150932 -0.197741 -0.000000 -0.248694 0.569200 -0.783685 44.527802 -0.005729 0.808227 0.588843 -0.000000 0.000000 0.000000 0.000000 1.000000
0.964277 0.162214 -0.209418 0.000000 -0.264857 0.577053 -0.772568 44.527802 -0.004476 0.800435 0.599403 0.000000 0.000000 0.000000 0.000000 1.000000
0.960694 0.170947 -0.218732 0.000000 -0.277595 0.583514 -0.763186 44.527802 -0.002832 0.793907 0.608032 0.000000 0.000000 0.000000 0.000000 1.000000
0.958338 0.176625 -0.224480 0.000000 -0.285627 0.586605 -0.757834 44.527802 -0.002171 0.790379 0.612615 0.000000 0.000000 0.000000 0.000000 1.000000
0.956680 0.179872 -0.228933 0.000000 -0.291133 0.584436 -0.757414 44.527802 -0.002440 0.791252 0.611485 0.000000 0.000000 0.000000 0.000000 1.000000
0.955411 0.181162 -0.233175 0.000000 -0.295259 0.576822 -0.761642 44.527802 -0.003481 0.796528 0.604592 0.000000 0.000000 0.000000 0.000000 1.000000
0.955230 0.179445 -0.235235 0.000000 -0.295816 0.564842 -0.770355 44.527802 -0.005366 0.805452 0.592636 -0.000000 0.000000 0.000000 0.000000 1.000000
0.956337 0.174938 -0.234128 0.000000 -0.292164 0.551025 -0.781673 44.527802 -0.007734 0.815946 0.578076 0.000000 0.000000 0.000000 0.000000 1.000000
0.958432 0.168633 -0.230153 0.000000 -0.285139 0.537382 -0.793673 44.527802 -0.010159 0.826307 0.563128 0.000000 0.000000 0.000000 0.000000 1.000000
0.961238 0.161034 -0.223807 0.000000 -0.275440 0.524245 -0.805791 44.527802 -0.012430 0.836203 0.548280 0.000000 0.000000 0.000000 0.000000 1.000000
0.964060 0.153506 -0.216853 0.000000 -0.265303 0.512377 -0.816752 44.527802 -0.014266 0.844929 0.534687 -0.000000 0.000000 0.000000 0.000000 1.000000
0.966062 0.148001 -0.211707 0.000000 -0.257842 0.503185 -0.824816 44.527802 -0.015546 0.851411 0.524269 0.000000 0.000000 0.000000 0.000000 1.000000
0.967582 0.143680 -0.207704 0.000000 -0.252014 0.495402 -0.831304 44.527802 -0.016545 0.856699 0.515551 0.000000 0.000000 0.000000 0.000000 1.000000
0.968897 0.139862 -0.204149 0.000000 -0.246853 0.488327 -0.837019 44.527802 -0.017376 0.861380 0.507664 0.000000 0.000000 0.000000 0.000000 1.000000
0.969969 0.136673 -0.201196 0.000000 -0.242554 0.482063 -0.841892 44.527802 -0.018075 0.865411 0.500737 0.000000 0.000000 0.000000 0.000000 1.000000
0.970860 0.133974 -0.198700 0.000000 -0.238919 0.476542 -0.846065 44.527802 -0.018662 0.868884 0.494664 -0.000000 0.000000 0.000000 0.000000 1.000000
0.971607 0.131680 -0.196570 0.000000 -0.235824 0.471766 -0.849602 44.527802 -0.019140 0.871836 0.489425 0.000000 0.000000 0.000000 0.000000 1.000000
0.972248 0.129693 -0.194713 -0.000000 -0.233136 0.467635 -0.852623 44.527802 -0.019524 0.874356 0.484893 0.000000 0.000000 0.000000 0.000000 1.000000
0.972814 0.127928 -0.193049 0.000000 -0.230741 0.464114 -0.855194 44.527802 -0.019806 0.876489 0.481015 0.000000 0.000000 0.000000 0.000000 1.000000
0.973089 0.127074 -0.192222 0.000000 -0.229561 0.462339 -0.856472 44.527802 -0.019964 0.877551 0.479068 0.000000 0.000000 0.000000 0.000000 1.000000
0.973111 0.127020 -0.192147 0.000000 -0.229464 0.462102 -0.856626 44.527802 -0.020017 0.877683 0.478823 0.000000 0.000000 0.000000 0.000000 1.000000
0.973113 0.127012 -0.192143 0.000000 -0.229455 0.462011 -0.856678 44.527802 -0.020037 0.877732 0.478732 -0.000000 0.000000 0.000000 0.000000 1.000000</float_array>
        <technique_common>
          <accessor source="#mixamorig_LeftFoot-Matrix-animation-output-transform-array" count="38" stride="16">
            <param type="float4x4"/>
          </accessor>
        </technique_common>
      </source>
      <source id="mixamorig_LeftFoot-Interpolations">
        <Name_array id="mixamorig_LeftFoot-Interpolations-array" count="38">
 LINEAR LINEAR LINEAR LINEAR LINEAR LINEAR LINEAR LINEAR LINEAR LINEAR LINEAR
LINEAR LINEAR LINEAR LINEAR LINEAR LINEAR LINEAR LINEAR LINEAR LINEAR LINEAR LINEAR
LINEAR LINEAR LINEAR LINEAR LINEAR LINEAR LINEAR LINEAR LINEAR LINEAR LINEAR LINEAR
LINEAR LINEAR LINEAR</Name_array>
        <technique_common>
          <accessor source="#mixamorig_LeftFoot-Interpolations-array" count="38">
            <param type="name"/>
          </accessor>
        </technique_common>
      </source>
      <sampler id="mixamorig_LeftFoot-Matrix-animation-transform">
        <input semantic="INPUT" source="#mixamorig_LeftFoot-Matrix-animation-input"/>
        <input semantic="OUTPUT" source="#mixamorig_LeftFoot-Matrix-animation-output-transform"/>
        <input semantic="INTERPOLATION" source="#mixamorig_LeftFoot-Interpolations"/>
      </sampler>
      <channel source="#mixamorig_LeftFoot-Matrix-animation-transform" target="mixamorig_LeftFoot/matrix"/>
    </animation>
    <animation id="mixamorig_LeftToeBase-anim" name="mixamorig_LeftToeBase">
      <source id="mixamorig_LeftToeBase-Matrix-animation-input">
        <float_array id="mixamorig_LeftToeBase-Matrix-animation-input-array" count="38">

0.000000 0.033333 0.066667 0.100000 0.133333 0.166667 0.200000 0.233333 0.266667 0.300000 0.333333 0.366667 0.400000 0.433333 0.466667 0.500000
0.533333 0.566667 0.600000 0.633333 0.666667 0.700000 0.733333 0.766667 0.800000 0.833333 0.866667 0.900000 0.933333 0.966667 1.000000 1.033333
1.066667 1.100000 1.133333 1.166667 1.200000 1.233333</float_array>
        <technique_common>
          <accessor source="#mixamorig_LeftToeBase-Matrix-animation-input-array" count="38">
            <param name="TIME" type="float"/>
          </accessor>
        </technique_common>
      </source>
      <source id="mixamorig_LeftToeBase-Matrix-animation-output-transform">
        <float_array id="mixamorig_LeftToeBase-Matrix-animation-output-transform-array" count="608">

1.000000 0.000000 0.000000 -0.000000 -0.000000 0.747032 -0.664788 13.816900 -0.000000 0.664788 0.747032 0.000000 0.000000 0.000000 0.000000 1.000000
1.000000 0.000000 0.000000 0.000000 -0.000000 0.747032 -0.664788 13.816900 -0.000000 0.664788 0.747032 0.000000 0.000000 0.000000 0.000000 1.000000
1.000000 0.000000 -0.000000 0.000000 -0.000000 0.747142 -0.664664 13.816900 -0.000000 0.664664 0.747142 -0.000000 0.000000 0.000000 0.000000 1.000000
1.000000 -0.000001 -0.000000 0.000000 0.000000 0.747651 -0.664092 13.816900 0.000001 0.664092 0.747651 0.000000 0.000000 0.000000 0.000000 1.000000
1.000000 0.000001 -0.000000 0.000000 -0.000001 0.747778 -0.663949 13.816900 -0.000000 0.663949 0.747778 0.000000 0.000000 0.000000 0.000000 1.000000
1.000000 0.000000 -0.000000 0.000000 -0.000000 0.747241 -0.664553 13.816900 0.000000 0.664553 0.747241 0.000000 0.000000 0.000000 0.000000 1.000000
1.000000 -0.000000 -0.000000 0.000000 0.000000 0.745428 -0.666586 13.816900 0.000000 0.666586 0.745428 0.000000 0.000000 0.000000 0.000000 1.000000
1.000000 0.000000 -0.000000 0.000000 -0.000000 0.741082 -0.671415 13.816900 -0.000000 0.671415 0.741082 -0.000000 0.000000 0.000000 0.000000 1.000000
1.000000 0.000000 -0.000000 0.000000 -0.000000 0.733968 -0.679185 13.816900 -0.000000 0.679185 0.733968 0.000000 0.000000 0.000000 0.000000 1.000000
1.000000 0.000000 0.000000 -0.000000 -0.000000 0.721662 -0.692245 13.816900 -0.000000 0.692245 0.721662 0.000000 0.000000 0.000000 0.000000 1.000000
1.000000 0.000000 0.000000 0.000000 -0.000000 0.706354 -0.707859 13.816900 -0.000000 0.707859 0.706354 0.000000 0.000000 0.000000 0.000000 1.000000
1.000000 -0.000000 0.000000 -0.000000 0.000000 0.695536 -0.718491 13.816900 -0.000000 0.718491 0.695536 0.000000 0.000000 0.000000 0.000000 1.000000
1.000000 0.000000 0.000000 0.000000 -0.000000 0.694239 -0.719744 13.816900 -0.000000 0.719744 0.694239 -0.000000 0.000000 0.000000 0.000000 1.000000
1.000000 -0.000000 0.000000 -0.000000 0.000000 0.701605 -0.712566 13.816900 0.000000 0.712566 0.701605 0.000000 0.000000 0.000000 0.000000 1.000000
1.000000 0.000001 0.000000 0.000000 -0.000001 0.716342 -0.697749 13.816900 -0.000001 0.697749 0.716342 0.000000 0.000000 0.000000 0.000000 1.000000
1.000000 0.000000 0.000000 0.000000 -0.000000 0.733952 -0.679201 13.816900 -0.000000 0.679201 0.733952 0.000000 0.000000 0.000000 0.000000 1.000000
1.000000 -0.000000 -0.000000 0.000000 0.000000 0.746174 -0.665750 13.816900 0.000000 0.665750 0.746174 0.000000 0.000000 0.000000 0.000000 1.000000
1.000000 -0.000000 0.000000 0.000000 0.000000 0.748712 -0.662895 13.816900 0.000000 0.662895 0.748712 0.000000 0.000000 0.000000 0.000000 1.000000
1.000000 -0.000000 -0.000000 0.000000 0.000000 0.746809 -0.665039 13.816900 0.000000 0.665039 0.746809 0.000000 0.000000 0.000000 0.000000 1.000000
1.000000 0.000000 0.000000 0.000000 -0.000000 0.746841 -0.665003 13.816900 -0.000000 0.665003 0.746841 0.000000 0.000000 0.000000 0.000000 1.000000
1.000000 0.000000 -0.000000 0.000000 -0.000000 0.747213 -0.664585 13.816900 -0.000000 0.664585 0.747213 0.000000 0.000000 0.000000 0.000000 1.000000
1.000000 -0.000000 0.000000 0.000000 0.000000 0.747213 -0.664585 13.816900 0.000000 0.664585 0.747213 0.000000 0.000000 0.000000 0.000000 1.000000
1.000000 -0.000000 0.000000 0.000000 0.000000 0.747213 -0.664585 13.816900 0.000000 0.664585 0.747213 0.000000 0.000000 0.000000 0.000000 1.000000
1.000000 -0.000000 -0.000000 0.000000 0.000000 0.747213 -0.664585 13.816900 0.000000 0.664585 0.747213 -0.000000 0.000000 0.000000 0.000000 1.000000
1.000000 0.000000 -0.000000 0.000000 -0.000000 0.747213 -0.664585 13.816900 0.000000 0.664585 0.747213 0.000000 0.000000 0.000000 0.000000 1.000000
1.000000 -0.000000 0.000000 0.000000 0.000000 0.747213 -0.664585 13.816900 -0.000000 0.664585 0.747213 0.000000 0.000000 0.000000 0.000000 1.000000
1.000000 -0.000000 0.000000 0.000000 0.000000 0.747213 -0.664585 13.816900 -0.000000 0.664585 0.747213 0.000000 0.000000 0.000000 0.000000 1.000000
1.000000 0.000000 0.000000 0.000000 -0.000000 0.747213 -0.664585 13.816900 -0.000000 0.664585 0.747213 -0.000000 0.000000 0.000000 0.000000 1.000000
1.000000 0.000000 -0.000000 0.000000 -0.000000 0.747213 -0.664585 13.816900 -0.000000 0.664585 0.747213 0.000000 0.000000 0.000000 0.000000 1.000000
1.000000 -0.000001 -0.000000 0.000000 0.000000 0.747213 -0.664585 13.816900 0.000001 0.664585 0.747213 -0.000000 0.000000 0.000000 0.000000 1.000000
1.000000 -0.000000 0.000000 0.000000 0.000000 0.747213 -0.664585 13.816900 0.000000 0.664585 0.747213 0.000000 0.000000 0.000000 0.000000 1.000000
1.000000 -0.000000 0.000000 0.000000 0.000000 0.747213 -0.664585 13.816900 0.000000 0.664585 0.747213 -0.000000 0.000000 0.000000 0.000000 1.000000
1.000000 0.000001 -0.000000 -0.000000 -0.000000 0.747213 -0.664585 13.816900 -0.000000 0.664585 0.747213 0.000000 0.000000 0.000000 0.000000 1.000000
1.000000 -0.000000 -0.000000 -0.000000 -0.000000 0.747213 -0.664585 13.816900 0.000000 0.664585 0.747213 0.000000 0.000000 0.000000 0.000000 1.000000
1.000000 0.000000 -0.000000 0.000000 -0.000000 0.747213 -0.664585 13.816900 -0.000000 0.664585 0.747213 0.000000 0.000000 0.000000 0.000000 1.000000
1.000000 0.000000 0.000000 0.000000 -0.000000 0.747213 -0.664585 13.816900 -0.000000 0.664585 0.747213 0.000000 0.000000 0.000000 0.000000 1.000000
1.000000 -0.000000 0.000000 0.000000 0.000000 0.747213 -0.664585 13.816900 0.000000 0.664585 0.747213 -0.000000 0.000000 0.000000 0.000000 1.000000
1.000000 0.000000 -0.000000 0.000000 -0.000000 0.747213 -0.664585 13.816900 -0.000000 0.664585 0.747213 -0.000000 0.000000 0.000000 0.000000 1.000000</float_array>
        <technique_common>
          <accessor source="#mixamorig_LeftToeBase-Matrix-animation-output-transform-array" count="38" stride="16">
            <param type="float4x4"/>
          </accessor>
        </technique_common>
      </source>
      <source id="mixamorig_LeftToeBase-Interpolations">
        <Name_array id="mixamorig_LeftToeBase-Interpolations-array" count="38">
 LINEAR LINEAR LINEAR LINEAR LINEAR LINEAR LINEAR LINEAR LINEAR LINEAR LINEAR
LINEAR LINEAR LINEAR LINEAR LINEAR LINEAR LINEAR LINEAR LINEAR LINEAR LINEAR LINEAR
LINEAR LINEAR LINEAR LINEAR LINEAR LINEAR LINEAR LINEAR LINEAR LINEAR LINEAR LINEAR
LINEAR LINEAR LINEAR</Name_array>
        <technique_common>
          <accessor source="#mixamorig_LeftToeBase-Interpolations-array" count="38">
            <param type="name"/>
          </accessor>
        </technique_common>
      </source>
      <sampler id="mixamorig_LeftToeBase-Matrix-animation-transform">
        <input semantic="INPUT" source="#mixamorig_LeftToeBase-Matrix-animation-input"/>
        <input semantic="OUTPUT" source="#mixamorig_LeftToeBase-Matrix-animation-output-transform"/>
        <input semantic="INTERPOLATION" source="#mixamorig_LeftToeBase-Interpolations"/>
      </sampler>
      <channel source="#mixamorig_LeftToeBase-Matrix-animation-transform" target="mixamorig_LeftToeBase/matrix"/>
    </animation>
  </library_animations>
  <library_visual_scenes>
    <visual_scene id="RootNode" name="RootNode">
      <node id="mixamorig_Hips" name="mixamorig_Hips" sid="mixamorig_Hips" type="JOINT">
        <matrix sid="matrix">0.532923 0.019705 -0.845934 -1.407860 0.117542 0.988312 0.097071 93.538322 0.837960 -0.151164 0.524379 0.189321 0.000000 0.000000 0.000000 1.000000</matrix>
        <node id="mixamorig_Spine" name="mixamorig_Spine" sid="mixamorig_Spine" type="JOINT">
          <matrix sid="matrix">0.998297 0.053307 0.023693 0.000000 -0.054293 0.997594 0.043119 10.182400 -0.021338 -0.044332 0.998789 0.000000 0.000000 0.000000 0.000000 1.000000</matrix>
          <node id="mixamorig_Spine1" name="mixamorig_Spine1" sid="mixamorig_Spine1" type="JOINT">
            <matrix sid="matrix">0.995410 0.087164 0.039526 0.000000 -0.075661 0.969589 -0.232748 10.002700 -0.058611 0.228689 0.971733 0.000000 0.000000 0.000000 0.000000 1.000000</matrix>
            <node id="mixamorig_Spine2" name="mixamorig_Spine2" sid="mixamorig_Spine2" type="JOINT">
              <matrix sid="matrix">0.995410 0.088154 0.037267 0.000000 -0.075661 0.963270 -0.257656 9.322100 -0.058611 0.253653 0.965518 0.000000 0.000000 0.000000 0.000000 1.000000</matrix>
              <node id="mixamorig_Neck" name="mixamorig_Neck" sid="mixamorig_Neck" type="JOINT">
                <matrix sid="matrix">0.998932 0.002544 0.046144 0.000000 0.000670 0.997582 -0.069490 16.865299 -0.046209 0.069447 0.996515 -0.000000 0.000000 0.000000 0.000000 1.000000</matrix>
                <node id="mixamorig_Head" name="mixamorig_Head" sid="mixamorig_Head" type="JOINT">
                  <matrix sid="matrix">0.755010 -0.008660 0.655656 0.000000 -0.112470 0.983384 0.142501 9.341900 -0.645996 -0.181332 0.741491 2.841000 0.000000 0.000000 0.000000 1.000000</matrix>
                  <node id="mixamorig_HeadTop_End" name="mixamorig_HeadTop_End" sid="mixamorig_HeadTop_End" type="JOINT">
                    <matrix sid="matrix">1.000000 0.000000 0.000000 0.000000 -0.000000 1.000000 0.000000 20.962799 0.000000 0.000000 1.000000 10.122900 0.000000 0.000000 0.000000 1.000000</matrix>
                  </node>
                </node>
              </node>
              <node id="mixamorig_RightShoulder" name="mixamorig_RightShoulder" sid="mixamorig_RightShoulder" type="JOINT">
                <matrix sid="matrix">0.260590 -0.960991 0.092677 -4.570000 -0.317011 -0.175842 -0.931978 11.195800 0.911919 0.213485 -0.350467 -0.806600 0.000000 0.000000 0.000000 1.000000</matrix>
                <node id="mixamorig_RightArm" name="mixamorig_RightArm" sid="mixamorig_RightArm" type="JOINT">
                  <matrix sid="matrix">0.396694 0.916837 0.045207 0.000000 -0.743292 0.349723 -0.570272 10.838200 -0.538657 0.192622 0.820211 -0.000000 0.000000 0.000000 0.000000 1.000000</matrix>
                  <node id="mixamorig_RightForeArm" name="mixamorig_RightForeArm" sid="mixamorig_RightForeArm" type="JOINT">
                    <matrix sid="matrix">-0.351261 0.936277 0.000000 0.000000 -0.936277 -0.351261 -0.000000 27.841499 -0.000000 -0.000000 1.000000 0.000000 0.000000 0.000000 0.000000 1.000000</matrix>
                    <node id="mixamorig_RightHand" name="mixamorig_RightHand" sid="mixamorig_RightHand" type="JOINT">
                      <matrix sid="matrix">0.859992 0.358156 0.363508 0.000000 -0.276357 0.925703 -0.258264 28.328800 -0.429000 0.121647 0.895076 0.000000 0.000000 0.000000 0.000000 1.000000</matrix>
                      <node id="mixamorig_RightHandThumb1" name="mixamorig_RightHandThumb1" sid="mixamorig_RightHandThumb1" type="JOINT">
                        <matrix sid="matrix">0.898982 0.410610 0.152417 2.681900 -0.379694 0.904088 -0.196105 2.464800 -0.218321 0.118423 0.968665 1.574000 0.000000 0.000000 0.000000 1.000000</matrix>
                        <node id="mixamorig_RightHandThumb2" name="mixamorig_RightHandThumb2" sid="mixamorig_RightHandThumb2" type="JOINT">
                          <matrix sid="matrix">0.690547 -0.672732 0.265661 0.000000 0.711544 0.697770 -0.082594 4.189000 -0.129807 0.246065 0.960522 0.000000 0.000000 0.000000 0.000000 1.000000</matrix>
                          <node id="mixamorig_RightHandThumb3" name="mixamorig_RightHandThumb3" sid="mixamorig_RightHandThumb3" type="JOINT">
                            <matrix sid="matrix">0.885154 -0.423209 -0.193381 0.000000 0.464553 0.827309 0.315834 3.416300 0.026322 -0.369397 0.928899 0.000000 0.000000 0.000000 0.000000 1.000000</matrix>
                            <node id="mixamorig_RightHandThumb4" name="mixamorig_RightHandThumb4" sid="mixamorig_RightHandThumb4" type="JOINT">
                              <matrix sid="matrix">0.967631 0.095337 -0.233668 0.000000 -0.098051 0.995181 0.000001 2.575000 0.232542 0.022911 0.972316 0.000000 0.000000 0.000000 0.000000 1.000000</matrix>
                            </node>
                          </node>
                        </node>
                      </node>
                      <node id="mixamorig_RightHandIndex1" name="mixamorig_RightHandIndex1" sid="mixamorig_RightHandIndex1" type="JOINT">
                        <matrix sid="matrix">0.936016 -0.331762 0.117510 2.259800 0.114534 -0.028581 -0.993008 9.108300 0.332801 0.942930 0.011246 0.517900 0.000000 0.000000 0.000000 1.000000</matrix>
                        <node id="mixamorig_RightHandIndex2" name="mixamorig_RightHandIndex2" sid="mixamorig_RightHandIndex2" type="JOINT">
                          <matrix sid="matrix">0.991590 -0.078055 0.103234 -0.000000 0.078055 -0.275578 -0.958105 3.700000 0.103234 0.958105 -0.267167 0.000000 0.000000 0.000000 0.000000 1.000000</matrix>
                          <node id="mixamorig_RightHandIndex3" name="mixamorig_RightHandIndex3" sid="mixamorig_RightHandIndex3" type="JOINT">
                            <matrix sid="matrix">0.994350 -0.080364 0.069354 0.000000 0.080364 0.143052 -0.986447 2.850000 0.069354 0.986447 0.148702 0.000000 0.000000 0.000000 0.000000 1.000000</matrix>
                            <node id="mixamorig_RightHandIndex4" name="mixamorig_RightHandIndex4" sid="mixamorig_RightHandIndex4" type="JOINT">
                              <matrix sid="matrix">0.999998 -0.000175 0.002005 -0.000000 0.000175 1.000000 0.000000 2.772200 -0.002005 -0.000000 0.999998 0.000000 0.000000 0.000000 0.000000 1.000000</matrix>
                            </node>
                          </node>
                        </node>
                      </node>
                      <node id="mixamorig_RightHandMiddle1" name="mixamorig_RightHandMiddle1" sid="mixamorig_RightHandMiddle1" type="JOINT">
                        <matrix sid="matrix">0.975662 -0.175462 0.131519 0.000000 0.103775 -0.158892 -0.981827 9.532500 0.193171 0.971579 -0.136816 0.000000 0.000000 0.000000 0.000000 1.000000</matrix>
                        <node id="mixamorig_RightHandMiddle2" name="mixamorig_RightHandMiddle2" sid="mixamorig_RightHandMiddle2" type="JOINT">
                          <matrix sid="matrix">0.991982 -0.079281 0.098420 0.000000 0.079281 -0.216086 -0.973150 3.700000 0.098419 0.973150 -0.208068 0.000000 0.000000 0.000000 0.000000 1.000000</matrix>
                          <node id="mixamorig_RightHandMiddle3" name="mixamorig_RightHandMiddle3" sid="mixamorig_RightHandMiddle3" type="JOINT">
                            <matrix sid="matrix">0.994850 -0.079229 0.063211 -0.000000 0.079229 0.218959 -0.972512 2.950000 0.063211 0.972512 0.224108 0.000000 0.000000 0.000000 0.000000 1.000000</matrix>
                            <node id="mixamorig_RightHandMiddle4" name="mixamorig_RightHandMiddle4" sid="mixamorig_RightHandMiddle4" type="JOINT">
                              <matrix sid="matrix">0.999998 -0.000333 0.001857 0.000000 0.000333 1.000000 0.000001 2.946600 -0.001857 -0.000000 0.999998 0.000000 0.000000 0.000000 0.000000 1.000000</matrix>
                            </node>
                          </node>
                        </node>
                      </node>
                      <node id="mixamorig_RightHandRing1" name="mixamorig_RightHandRing1" sid="mixamorig_RightHandRing1" type="JOINT">
                        <matrix sid="matrix">0.989797 -0.063907 0.127353 -1.865100 0.121637 -0.086536 -0.988795 9.103600 0.074211 0.994197 -0.077880 0.043100 0.000000 0.000000 0.000000 1.000000</matrix>
                        <node id="mixamorig_RightHandRing2" name="mixamorig_RightHandRing2" sid="mixamorig_RightHandRing2" type="JOINT">
                          <matrix sid="matrix">0.990750 -0.074316 0.113541 0.000000 0.074316 -0.402933 -0.912207 3.379300 0.113541 0.912207 -0.393683 0.000000 0.000000 0.000000 0.000000 1.000000</matrix>
                          <node id="mixamorig_RightHandRing3" name="mixamorig_RightHandRing3" sid="mixamorig_RightHandRing3" type="JOINT">
                            <matrix sid="matrix">0.996530 -0.071511 0.042593 0.000000 0.071511 0.473714 -0.877771 2.889700 0.042593 0.877771 0.477184 0.000000 0.000000 0.000000 0.000000 1.000000</matrix>
                            <node id="mixamorig_RightHandRing4" name="mixamorig_RightHandRing4" sid="mixamorig_RightHandRing4" type="JOINT">
                              <matrix sid="matrix">0.999999 0.001599 0.000291 -0.000000 -0.001599 0.999999 -0.000000 2.638800 -0.000291 0.000000 1.000000 0.000000 0.000000 0.000000 0.000000 1.000000</matrix>
                            </node>
                          </node>
                        </node>
                      </node>
                      <node id="mixamorig_RightHandPinky1" name="mixamorig_RightHandPinky1" sid="mixamorig_RightHandPinky1" type="JOINT">
                        <matrix sid="matrix">0.987616 0.094475 0.125256 -3.806300 0.130817 -0.055132 -0.989872 8.076700 -0.086612 0.994000 -0.066808 0.486700 0.000000 0.000000 0.000000 1.000000</matrix>
                        <node id="mixamorig_RightHandPinky2" name="mixamorig_RightHandPinky2" sid="mixamorig_RightHandPinky2" type="JOINT">
                          <matrix sid="matrix">0.991926 -0.079127 0.099102 0.000000 0.079127 -0.224517 -0.971252 3.600000 0.099102 0.971252 -0.216443 -0.000000 0.000000 0.000000 0.000000 1.000000</matrix>
                          <node id="mixamorig_RightHandPinky3" name="mixamorig_RightHandPinky3" sid="mixamorig_RightHandPinky3" type="JOINT">
                            <matrix sid="matrix">0.992201 -0.079831 0.095729 0.000000 0.079831 -0.182838 -0.979897 2.100000 0.095729 0.979897 -0.175039 0.000000 0.000000 0.000000 0.000000 1.000000</matrix>
                            <node id="mixamorig_RightHandPinky4" name="mixamorig_RightHandPinky4" sid="mixamorig_RightHandPinky4" type="JOINT">
                              <matrix sid="matrix">0.999995 0.000082 0.003138 0.000000 -0.000082 1.000000 -0.000000 2.115800 -0.003138 -0.000000 0.999995 -0.000000 0.000000 0.000000 0.000000 1.000000</matrix>
                            </node>
                          </node>
                        </node>
                      </node>
                    </node>
                  </node>
                </node>
              </node>
              <node id="mixamorig_LeftShoulder" name="mixamorig_LeftShoulder" sid="mixamorig_LeftShoulder" type="JOINT">
                <matrix sid="matrix">-0.101778 0.993957 0.041109 4.570400 0.109349 0.052251 -0.992629 11.195600 -0.988779 -0.096532 -0.114006 -0.806600 0.000000 0.000000 0.000000 1.000000</matrix>
                <node id="mixamorig_LeftArm" name="mixamorig_LeftArm" sid="mixamorig_LeftArm" type="JOINT">
                  <matrix sid="matrix">0.928830 -0.259489 -0.264462 0.000000 -0.098972 0.514077 -0.852015 10.837700 0.357042 0.817551 0.451808 0.000000 0.000000 0.000000 0.000000 1.000000</matrix>
                  <node id="mixamorig_LeftForeArm" name="mixamorig_LeftForeArm" sid="mixamorig_LeftForeArm" type="JOINT">
                    <matrix sid="matrix">-0.592277 -0.805734 -0.000000 0.000000 0.805734 -0.592277 -0.000000 27.841499 -0.000000 -0.000000 1.000000 0.000000 0.000000 0.000000 0.000000 1.000000</matrix>
                    <node id="mixamorig_LeftHand" name="mixamorig_LeftHand" sid="mixamorig_LeftHand" type="JOINT">
                      <matrix sid="matrix">0.988884 -0.100578 -0.109514 0.000000 0.094080 0.993571 -0.062977 28.328800 0.115144 0.051974 0.991988 0.000000 0.000000 0.000000 0.000000 1.000000</matrix>
                      <node id="mixamorig_LeftHandThumb1" name="mixamorig_LeftHandThumb1" sid="mixamorig_LeftHandThumb1" type="JOINT">
                        <matrix sid="matrix">0.931304 -0.355930 -0.077371 -2.681700 0.310582 0.886956 -0.341830 2.466100 0.190292 0.294318 0.936571 1.576200 0.000000 0.000000 0.000000 1.000000</matrix>
                        <node id="mixamorig_LeftHandThumb2" name="mixamorig_LeftHandThumb2" sid="mixamorig_LeftHandThumb2" type="JOINT">
                          <matrix sid="matrix">0.710326 0.654597 -0.258727 -0.000000 -0.694343 0.711936 -0.105048 4.187100 0.115434 0.254264 0.960221 0.000000 0.000000 0.000000 0.000000 1.000000</matrix>
                          <node id="mixamorig_LeftHandThumb3" name="mixamorig_LeftHandThumb3" sid="mixamorig_LeftHandThumb3" type="JOINT">
                            <matrix sid="matrix">0.928946 0.326338 0.174820 0.000000 -0.366145 0.879671 0.303506 3.418400 -0.054738 -0.345950 0.936655 0.000000 0.000000 0.000000 0.000000 1.000000</matrix>
                            <node id="mixamorig_LeftHandThumb4" name="mixamorig_LeftHandThumb4" sid="mixamorig_LeftHandThumb4" type="JOINT">
                              <matrix sid="matrix">0.966428 -0.081336 0.243724 0.000000 0.083865 0.996477 0.000001 2.580600 -0.242865 0.020439 0.969845 0.000000 0.000000 0.000000 0.000000 1.000000</matrix>
                            </node>
                          </node>
                        </node>
                      </node>
                      <node id="mixamorig_LeftHandIndex1" name="mixamorig_LeftHandIndex1" sid="mixamorig_LeftHandIndex1" type="JOINT">
                        <matrix sid="matrix">0.925977 0.350989 -0.139189 -2.259900 -0.133053 -0.041671 -0.990233 9.109300 -0.353361 0.935452 0.008114 0.518000 0.000000 0.000000 0.000000 1.000000</matrix>
                        <node id="mixamorig_LeftHandIndex2" name="mixamorig_LeftHandIndex2" sid="mixamorig_LeftHandIndex2" type="JOINT">
                          <matrix sid="matrix">0.986742 0.097988 -0.129378 0.000000 -0.097992 -0.275761 -0.956218 3.700000 -0.129376 0.956219 -0.262503 0.000000 0.000000 0.000000 0.000000 1.000000</matrix>
                          <node id="mixamorig_LeftHandIndex3" name="mixamorig_LeftHandIndex3" sid="mixamorig_LeftHandIndex3" type="JOINT">
                            <matrix sid="matrix">0.991094 0.100893 -0.086906 0.000000 -0.100896 0.143052 -0.984559 2.850000 -0.086903 0.984559 0.151958 0.000000 0.000000 0.000000 0.000000 1.000000</matrix>
                            <node id="mixamorig_LeftHandIndex4" name="mixamorig_LeftHandIndex4" sid="mixamorig_LeftHandIndex4" type="JOINT">
                              <matrix sid="matrix">1.000000 0.000026 -0.000756 0.000000 -0.000026 1.000000 0.000000 2.774900 0.000756 0.000000 1.000000 0.000000 0.000000 0.000000 0.000000 1.000000</matrix>
                            </node>
                          </node>
                        </node>
                      </node>
                      <node id="mixamorig_LeftHandMiddle1" name="mixamorig_LeftHandMiddle1" sid="mixamorig_LeftHandMiddle1" type="JOINT">
                        <matrix sid="matrix">0.968134 0.195036 -0.157094 0.000000 -0.123931 -0.171977 -0.977274 9.533400 -0.217620 0.965601 -0.142325 0.000000 0.000000 0.000000 0.000000 1.000000</matrix>
                        <node id="mixamorig_LeftHandMiddle2" name="mixamorig_LeftHandMiddle2" sid="mixamorig_LeftHandMiddle2" type="JOINT">
                          <matrix sid="matrix">0.987360 0.099527 -0.123350 -0.000000 -0.099531 -0.216314 -0.971237 3.700000 -0.123347 0.971238 -0.203674 -0.000000 0.000000 0.000000 0.000000 1.000000</matrix>
                          <node id="mixamorig_LeftHandMiddle3" name="mixamorig_LeftHandMiddle3" sid="mixamorig_LeftHandMiddle3" type="JOINT">
                            <matrix sid="matrix">0.991884 0.099466 -0.079199 0.000000 -0.099468 0.219052 -0.970630 2.950000 -0.079196 0.970630 0.227168 0.000000 0.000000 0.000000 0.000000 1.000000</matrix>
                            <node id="mixamorig_LeftHandMiddle4" name="mixamorig_LeftHandMiddle4" sid="mixamorig_LeftHandMiddle4" type="JOINT">
                              <matrix sid="matrix">0.999998 -0.000056 -0.002049 0.000000 0.000056 1.000000 -0.000000 2.952900 0.002049 0.000000 0.999998 0.000000 0.000000 0.000000 0.000000 1.000000</matrix>
                            </node>
                          </node>
                        </node>
                      </node>
                      <node id="mixamorig_LeftHandRing1" name="mixamorig_LeftHandRing1" sid="mixamorig_LeftHandRing1" type="JOINT">
                        <matrix sid="matrix">0.984812 0.083762 -0.152083 1.865100 -0.143577 -0.099642 -0.984610 9.104500 -0.097627 0.991492 -0.086102 0.043000 0.000000 0.000000 0.000000 1.000000</matrix>
                        <node id="mixamorig_LeftHandRing2" name="mixamorig_LeftHandRing2" sid="mixamorig_LeftHandRing2" type="JOINT">
                          <matrix sid="matrix">0.985419 0.093294 -0.142286 0.000000 -0.093299 -0.403037 -0.910416 3.150000 -0.142283 0.910416 -0.388456 0.000000 0.000000 0.000000 0.000000 1.000000</matrix>
                          <node id="mixamorig_LeftHandRing3" name="mixamorig_LeftHandRing3" sid="mixamorig_LeftHandRing3" type="JOINT">
                            <matrix sid="matrix">0.994531 0.089778 -0.053373 0.000000 -0.089780 0.473709 -0.876093 2.950000 -0.053371 0.876093 0.479179 0.000000 0.000000 0.000000 0.000000 1.000000</matrix>
                            <node id="mixamorig_LeftHandRing4" name="mixamorig_LeftHandRing4" sid="mixamorig_LeftHandRing4" type="JOINT">
                              <matrix sid="matrix">1.000000 -0.000031 0.000986 0.000000 0.000031 1.000000 0.000000 2.644300 -0.000986 0.000000 1.000000 0.000000 0.000000 0.000000 0.000000 1.000000</matrix>
                            </node>
                          </node>
                        </node>
                      </node>
                      <node id="mixamorig_LeftHandPinky1" name="mixamorig_LeftHandPinky1" sid="mixamorig_LeftHandPinky1" type="JOINT">
                        <matrix sid="matrix">0.985943 -0.074038 -0.149783 3.806300 -0.154830 -0.067884 -0.985606 8.077800 0.062804 0.994942 -0.078393 0.486900 0.000000 0.000000 0.000000 1.000000</matrix>
                        <node id="mixamorig_LeftHandPinky2" name="mixamorig_LeftHandPinky2" sid="mixamorig_LeftHandPinky2" type="JOINT">
                          <matrix sid="matrix">0.987276 0.099342 -0.124167 -0.000000 -0.099346 -0.224364 -0.969428 3.600000 -0.124163 0.969429 -0.211640 0.000000 0.000000 0.000000 0.000000 1.000000</matrix>
                          <node id="mixamorig_LeftHandPinky3" name="mixamorig_LeftHandPinky3" sid="mixamorig_LeftHandPinky3" type="JOINT">
                            <matrix sid="matrix">0.987709 0.100226 -0.119939 0.000000 -0.100229 -0.182675 -0.978051 2.100000 -0.119936 0.978051 -0.170385 0.000000 0.000000 0.000000 0.000000 1.000000</matrix>
                            <node id="mixamorig_LeftHandPinky4" name="mixamorig_LeftHandPinky4" sid="mixamorig_LeftHandPinky4" type="JOINT">
                              <matrix sid="matrix">0.999999 0.000590 -0.001567 0.000000 -0.000590 1.000000 -0.000001 2.125500 0.001567 0.000002 0.999999 0.000000 0.000000 0.000000 0.000000 1.000000</matrix>
                            </node>
                          </node>
                        </node>
                      </node>
                    </node>
                  </node>
                </node>
              </node>
            </node>
          </node>
        </node>
        <node id="mixamorig_RightUpLeg" name="mixamorig_RightUpLeg" sid="mixamorig_RightUpLeg" type="JOINT">
          <matrix sid="matrix">-0.937129 -0.348341 -0.021184 -8.207800 0.307284 -0.852404 0.423065 -6.771800 -0.165428 0.389957 0.905852 -1.512200 0.000000 0.000000 0.000000 1.000000</matrix>
          <node id="mixamorig_RightLeg" name="mixamorig_RightLeg" sid="mixamorig_RightLeg" type="JOINT">
            <matrix sid="matrix">0.989036 0.140128 -0.046615 -0.000000 -0.045749 0.590853 0.805481 44.371498 0.140412 -0.794517 0.590785 0.000000 0.000000 0.000000 0.000000 1.000000</matrix>
            <node id="mixamorig_RightFoot" name="mixamorig_RightFoot" sid="mixamorig_RightFoot" type="JOINT">
              <matrix sid="matrix">0.962799 -0.126250 0.238911 0.000000 0.266139 0.290011 -0.919273 44.527802 0.046771 0.948659 0.312822 -0.000000 0.000000 0.000000 0.000000 1.000000</matrix>
              <node id="mixamorig_RightToeBase" name="mixamorig_RightToeBase" sid="mixamorig_RightToeBase" type="JOINT">
                <matrix sid="matrix">1.000000 -0.000000 0.000000 0.000000 0.000000 0.749540 -0.661959 13.816900 0.000000 0.661959 0.749540 0.000000 0.000000 0.000000 0.000000 1.000000</matrix>
                <node id="mixamorig_RightToe_End" name="mixamorig_RightToe_End" sid="mixamorig_RightToe_End" type="JOINT">
                  <matrix sid="matrix">0.999731 0.000000 0.023214 0.000000 0.000000 1.000000 0.000000 9.278100 -0.023214 0.000000 0.999731 0.000000 0.000000 0.000000 0.000000 1.000000</matrix>
                </node>
              </node>
            </node>
          </node>
        </node>
        <node id="mixamorig_LeftUpLeg" name="mixamorig_LeftUpLeg" sid="mixamorig_LeftUpLeg" type="JOINT">
          <matrix sid="matrix">-0.913108 0.306462 0.268913 8.207800 -0.181310 -0.895968 0.405424 -6.771800 0.365184 0.321440 0.873680 -1.512200 0.000000 0.000000 0.000000 1.000000</matrix>
          <node id="mixamorig_LeftLeg" name="mixamorig_LeftLeg" sid="mixamorig_LeftLeg" type="JOINT">
            <matrix sid="matrix">0.997765 0.009201 0.066180 0.000000 -0.052963 0.712767 0.699398 44.371399 -0.040736 -0.701340 0.711662 0.000000 0.000000 0.000000 0.000000 1.000000</matrix>
            <node id="mixamorig_LeftFoot" name="mixamorig_LeftFoot" sid="mixamorig_LeftFoot" type="JOINT">
              <matrix sid="matrix">0.973104 0.127104 -0.192128 0.000000 -0.229486 0.462006 -0.856672 44.527802 -0.020122 0.877722 0.478748 0.000000 0.000000 0.000000 0.000000 1.000000</matrix>
              <node id="mixamorig_LeftToeBase" name="mixamorig_LeftToeBase" sid="mixamorig_LeftToeBase" type="JOINT">
                <matrix sid="matrix">1.000000 0.000000 0.000000 -0.000000 -0.000000 0.747032 -0.664788 13.816900 -0.000000 0.664788 0.747032 0.000000 0.000000 0.000000 0.000000 1.000000</matrix>
                <node id="mixamorig_LeftToe_End" name="mixamorig_LeftToe_End" sid="mixamorig_LeftToe_End" type="JOINT">
                  <matrix sid="matrix">0.999718 0.000000 -0.023736 0.000000 0.000000 1.000000 0.000000 9.278100 0.023736 0.000000 0.999718 0.000000 0.000000 0.000000 0.000000 1.000000</matrix>
                </node>
              </node>
            </node>
          </node>
        </node>
      </node>
    </visual_scene>
  </library_visual_scenes>
  <scene>
    <instance_visual_scene url="#RootNode"/>
  </scene>
</COLLADA>
